goal_id,match_id,team_id,player_id,player_team_id,player_team_code,minute_label,minute_regulation,match_period,own_goal,penalty
G-0001,M-1930-01,T-30,P-05470,T-30,FRA,19',19,first half,0,0
G-0002,M-1930-01,T-30,P-99087,T-30,FRA,40',40,first half,0,0
G-0003,M-1930-01,T-30,P-60620,T-30,FRA,43',43,first half,0,0
G-0004,M-1930-01,T-46,P-94135,T-46,MEX,70',70,second half,0,0
G-0005,M-1930-01,T-30,P-60620,T-30,FRA,87',87,second half,0,0
G-0006,M-1930-02,T-83,P-65185,T-83,USA,23',23,first half,0,0
G-0007,M-1930-02,T-83,P-37361,T-83,USA,45',45,first half,0,0
G-0008,M-1930-02,T-83,P-71973,T-83,USA,69',69,second half,0,0
G-0009,M-1930-03,T-87,P-43349,T-87,YUG,21',21,first half,0,0
G-0010,M-1930-03,T-87,P-43734,T-87,YUG,30',30,first half,0,0
G-0011,M-1930-03,T-09,P-91171,T-09,BRA,62',62,second half,0,0
G-0012,M-1930-04,T-61,P-91295,T-61,ROU,1',1,first half,0,0
G-0013,M-1930-04,T-56,P-44010,T-56,PER,75',75,second half,0,0
G-0014,M-1930-04,T-61,P-18615,T-61,ROU,79',79,second half,0,0
G-0015,M-1930-04,T-61,P-70294,T-61,ROU,89',89,second half,0,0
G-0016,M-1930-05,T-03,P-25760,T-03,ARG,81',81,second half,0,0
G-0017,M-1930-06,T-13,P-61338,T-13,CHL,3',3,first half,0,0
G-0018,M-1930-06,T-13,P-89481,T-46,MEX,52',52,second half,1,0
G-0019,M-1930-06,T-13,P-61338,T-13,CHL,65',65,second half,0,0
G-0020,M-1930-07,T-87,P-43734,T-87,YUG,60',60,second half,0,0
G-0021,M-1930-07,T-87,P-75929,T-87,YUG,65',65,second half,0,0
G-0022,M-1930-07,T-87,P-43734,T-87,YUG,67',67,second half,0,0
G-0023,M-1930-07,T-87,P-33565,T-87,YUG,85',85,second half,0,0
G-0024,M-1930-08,T-83,P-71973,T-83,USA,10',10,first half,0,0
G-0025,M-1930-08,T-83,P-71973,T-83,USA,15',15,first half,0,0
G-0026,M-1930-08,T-83,P-71973,T-83,USA,50',50,second half,0,0
G-0027,M-1930-09,T-84,P-54697,T-84,URY,65',65,second half,0,0
G-0028,M-1930-10,T-13,P-08459,T-13,CHL,67',67,second half,0,0
G-0029,M-1930-11,T-03,P-56486,T-03,ARG,8',8,first half,0,0
G-0030,M-1930-11,T-03,P-76546,T-03,ARG,12',12,first half,0,0
G-0031,M-1930-11,T-03,P-56486,T-03,ARG,17',17,first half,0,0
G-0032,M-1930-11,T-46,P-89481,T-46,MEX,42',42,first half,0,1
G-0033,M-1930-11,T-03,P-37326,T-03,ARG,53',53,second half,0,0
G-0034,M-1930-11,T-03,P-76546,T-03,ARG,55',55,second half,0,0
G-0035,M-1930-11,T-46,P-89481,T-46,MEX,65',65,second half,0,0
G-0036,M-1930-11,T-46,P-31066,T-46,MEX,75',75,second half,0,0
G-0037,M-1930-11,T-03,P-56486,T-03,ARG,80',80,second half,0,0
G-0038,M-1930-12,T-09,P-83987,T-09,BRA,37',37,first half,0,0
G-0039,M-1930-12,T-09,P-91171,T-09,BRA,57',57,second half,0,0
G-0040,M-1930-12,T-09,P-83987,T-09,BRA,73',73,second half,0,0
G-0041,M-1930-12,T-09,P-91171,T-09,BRA,83',83,second half,0,0
G-0042,M-1930-13,T-55,P-06201,T-55,PRY,40',40,first half,0,0
G-0043,M-1930-14,T-84,P-38674,T-84,URY,7',7,first half,0,0
G-0044,M-1930-14,T-84,P-44201,T-84,URY,26',26,first half,0,0
G-0045,M-1930-14,T-84,P-57352,T-84,URY,31',31,first half,0,0
G-0046,M-1930-14,T-84,P-18628,T-84,URY,35',35,first half,0,0
G-0047,M-1930-15,T-03,P-56486,T-03,ARG,12',12,first half,0,0
G-0048,M-1930-15,T-03,P-56486,T-03,ARG,13',13,first half,0,0
G-0049,M-1930-15,T-13,P-08459,T-13,CHL,15',15,first half,0,0
G-0050,M-1930-15,T-03,P-23897,T-03,ARG,51',51,second half,0,0
G-0051,M-1930-16,T-03,P-25760,T-03,ARG,20',20,first half,0,0
G-0052,M-1930-16,T-03,P-44916,T-03,ARG,56',56,second half,0,0
G-0053,M-1930-16,T-03,P-56486,T-03,ARG,69',69,second half,0,0
G-0054,M-1930-16,T-03,P-70166,T-03,ARG,80',80,second half,0,0
G-0055,M-1930-16,T-03,P-70166,T-03,ARG,85',85,second half,0,0
G-0056,M-1930-16,T-03,P-56486,T-03,ARG,87',87,second half,0,0
G-0057,M-1930-16,T-83,P-06424,T-83,USA,89',89,second half,0,0
G-0058,M-1930-17,T-87,P-33565,T-87,YUG,4',4,first half,0,0
G-0059,M-1930-17,T-84,P-18628,T-84,URY,18',18,first half,0,0
G-0060,M-1930-17,T-84,P-57352,T-84,URY,20',20,first half,0,0
G-0061,M-1930-17,T-84,P-57352,T-84,URY,31',31,first half,0,0
G-0062,M-1930-17,T-84,P-31959,T-84,URY,61',61,second half,0,0
G-0063,M-1930-17,T-84,P-18628,T-84,URY,67',67,second half,0,0
G-0064,M-1930-17,T-84,P-18628,T-84,URY,72',72,second half,0,0
G-0065,M-1930-18,T-84,P-38674,T-84,URY,12',12,first half,0,0
G-0066,M-1930-18,T-03,P-70166,T-03,ARG,20',20,first half,0,0
G-0067,M-1930-18,T-03,P-56486,T-03,ARG,37',37,first half,0,0
G-0068,M-1930-18,T-84,P-18628,T-84,URY,57',57,second half,0,0
G-0069,M-1930-18,T-84,P-31959,T-84,URY,68',68,second half,0,0
G-0070,M-1930-18,T-84,P-54697,T-84,URY,89',89,second half,0,0
G-0071,M-1934-01,T-30,P-70804,T-30,FRA,18',18,first half,0,0
G-0072,M-1934-01,T-05,P-11865,T-05,AUT,44',44,first half,0,0
G-0073,M-1934-01,T-05,P-87474,T-05,AUT,93',93,"extra time, first half",0,0
G-0074,M-1934-01,T-05,P-51668,T-05,AUT,109',109,"extra time, second half",0,0
G-0075,M-1934-01,T-30,P-13166,T-30,FRA,116',116,"extra time, second half",0,1
G-0076,M-1934-02,T-61,P-55855,T-61,ROU,11',11,first half,0,0
G-0077,M-1934-02,T-21,P-51219,T-21,CSK,50',50,second half,0,0
G-0078,M-1934-02,T-21,P-60513,T-21,CSK,67',67,second half,0,0
G-0079,M-1934-03,T-31,P-04241,T-31,DEU,25',25,first half,0,0
G-0080,M-1934-03,T-06,P-85443,T-06,BEL,29',29,first half,0,0
G-0081,M-1934-03,T-06,P-85443,T-06,BEL,43',43,first half,0,0
G-0082,M-1934-03,T-31,P-53238,T-31,DEU,49',49,second half,0,0
G-0083,M-1934-03,T-31,P-77348,T-31,DEU,66',66,second half,0,0
G-0084,M-1934-03,T-31,P-77348,T-31,DEU,70',70,second half,0,0
G-0085,M-1934-03,T-31,P-77348,T-31,DEU,87',87,second half,0,0
G-0086,M-1934-04,T-36,P-42669,T-36,HUN,11',11,first half,0,0
G-0087,M-1934-04,T-36,P-60977,T-36,HUN,31',31,first half,0,0
G-0088,M-1934-04,T-26,P-28239,T-26,EGY,35',35,first half,0,0
G-0089,M-1934-04,T-26,P-28239,T-26,EGY,39',39,first half,0,0
G-0090,M-1934-04,T-36,P-11520,T-36,HUN,53',53,second half,0,0
G-0091,M-1934-04,T-36,P-60977,T-36,HUN,61',61,second half,0,0
G-0092,M-1934-05,T-41,P-56703,T-41,ITA,18',18,first half,0,0
G-0093,M-1934-05,T-41,P-03638,T-41,ITA,20',20,first half,0,0
G-0094,M-1934-05,T-41,P-56703,T-41,ITA,29',29,first half,0,0
G-0095,M-1934-05,T-83,P-75829,T-83,USA,57',57,second half,0,0
G-0096,M-1934-05,T-41,P-39512,T-41,ITA,63',63,second half,0,0
G-0097,M-1934-05,T-41,P-56703,T-41,ITA,64',64,second half,0,0
G-0098,M-1934-05,T-41,P-03638,T-41,ITA,69',69,second half,0,0
G-0099,M-1934-05,T-41,P-34536,T-41,ITA,90',90,second half,0,0
G-0100,M-1934-06,T-73,P-64059,T-73,ESP,18',18,first half,0,1
G-0101,M-1934-06,T-73,P-64059,T-73,ESP,25',25,first half,0,0
G-0102,M-1934-06,T-73,P-69133,T-73,ESP,29',29,first half,0,0
G-0103,M-1934-06,T-09,P-09730,T-09,BRA,55',55,second half,0,0
G-0104,M-1934-07,T-03,P-11019,T-03,ARG,4',4,first half,0,0
G-0105,M-1934-07,T-74,P-79374,T-74,SWE,9',9,first half,0,0
G-0106,M-1934-07,T-03,P-61839,T-03,ARG,48',48,second half,0,0
G-0107,M-1934-07,T-74,P-79374,T-74,SWE,67',67,second half,0,0
G-0108,M-1934-07,T-74,P-02091,T-74,SWE,79',79,second half,0,0
G-0109,M-1934-08,T-75,P-88416,T-75,CHE,7',7,first half,0,0
G-0110,M-1934-08,T-48,P-85884,T-48,NLD,29',29,first half,0,0
G-0111,M-1934-08,T-75,P-88416,T-75,CHE,43',43,first half,0,0
G-0112,M-1934-08,T-75,P-85334,T-75,CHE,66',66,second half,0,0
G-0113,M-1934-08,T-48,P-55392,T-48,NLD,69',69,second half,0,0
G-0114,M-1934-09,T-05,P-51711,T-05,AUT,8',8,first half,0,0
G-0115,M-1934-09,T-05,P-05719,T-05,AUT,51',51,second half,0,0
G-0116,M-1934-09,T-36,P-89034,T-36,HUN,60',60,second half,0,1
G-0117,M-1934-10,T-75,P-88416,T-75,CHE,18',18,first half,0,0
G-0118,M-1934-10,T-21,P-13470,T-21,CSK,24',24,first half,0,0
G-0119,M-1934-10,T-21,P-58983,T-21,CSK,49',49,second half,0,0
G-0120,M-1934-10,T-75,P-58205,T-75,CHE,78',78,second half,0,0
G-0121,M-1934-10,T-21,P-60513,T-21,CSK,82',82,second half,0,0
G-0122,M-1934-11,T-31,P-56231,T-31,DEU,60',60,second half,0,0
G-0123,M-1934-11,T-31,P-56231,T-31,DEU,63',63,second half,0,0
G-0124,M-1934-11,T-74,P-83366,T-74,SWE,82',82,second half,0,0
G-0125,M-1934-12,T-73,P-40752,T-73,ESP,30',30,first half,0,0
G-0126,M-1934-12,T-41,P-39512,T-41,ITA,44',44,first half,0,0
G-0127,M-1934-13,T-41,P-34536,T-41,ITA,11',11,first half,0,0
G-0128,M-1934-14,T-21,P-60513,T-21,CSK,21',21,first half,0,0
G-0129,M-1934-14,T-31,P-30818,T-31,DEU,62',62,second half,0,0
G-0130,M-1934-14,T-21,P-60513,T-21,CSK,69',69,second half,0,0
G-0131,M-1934-14,T-21,P-60513,T-21,CSK,80',80,second half,0,0
G-0132,M-1934-15,T-41,P-03545,T-41,ITA,19',19,first half,0,0
G-0133,M-1934-16,T-31,P-38753,T-31,DEU,1',1,first half,0,0
G-0134,M-1934-16,T-31,P-77348,T-31,DEU,27',27,first half,0,0
G-0135,M-1934-16,T-05,P-51711,T-05,AUT,28',28,first half,0,0
G-0136,M-1934-16,T-31,P-38753,T-31,DEU,42',42,first half,0,0
G-0137,M-1934-16,T-05,P-05609,T-05,AUT,54',54,second half,0,0
G-0138,M-1934-17,T-21,P-51219,T-21,CSK,71',71,second half,0,0
G-0139,M-1934-17,T-41,P-03638,T-41,ITA,81',81,second half,0,0
G-0140,M-1934-17,T-41,P-56703,T-41,ITA,95',95,"extra time, first half",0,0
G-0141,M-1938-01,T-31,P-15763,T-31,DEU,29',29,first half,0,0
G-0142,M-1938-01,T-75,P-85334,T-75,CHE,43',43,first half,0,0
G-0143,M-1938-02,T-61,P-28958,T-61,ROU,35',35,first half,0,0
G-0144,M-1938-02,T-19,P-77922,T-19,CUB,44',44,first half,0,0
G-0145,M-1938-02,T-19,P-56223,T-19,CUB,69',69,second half,0,0
G-0146,M-1938-02,T-61,P-58656,T-61,ROU,88',88,second half,0,0
G-0147,M-1938-02,T-19,P-77922,T-19,CUB,103',103,"extra time, first half",0,0
G-0148,M-1938-02,T-61,P-55855,T-61,ROU,105',105,"extra time, first half",0,0
G-0149,M-1938-03,T-30,P-02281,T-30,FRA,1',1,first half,0,0
G-0150,M-1938-03,T-30,P-70804,T-30,FRA,16',16,first half,0,0
G-0151,M-1938-03,T-06,P-03499,T-06,BEL,38',38,first half,0,0
G-0152,M-1938-03,T-30,P-70804,T-30,FRA,69',69,second half,0,0
G-0153,M-1938-04,T-36,P-53740,T-36,HUN,13',13,first half,0,0
G-0154,M-1938-04,T-36,P-60977,T-36,HUN,15',15,first half,0,0
G-0155,M-1938-04,T-36,P-89034,T-36,HUN,28',28,first half,0,0
G-0156,M-1938-04,T-36,P-67652,T-36,HUN,35',35,first half,0,0
G-0157,M-1938-04,T-36,P-67652,T-36,HUN,76',76,second half,0,0
G-0158,M-1938-04,T-36,P-89034,T-36,HUN,89',89,second half,0,0
G-0159,M-1938-05,T-41,P-58640,T-41,ITA,2',2,first half,0,0
G-0160,M-1938-05,T-53,P-07024,T-53,NOR,83',83,second half,0,0
G-0161,M-1938-05,T-41,P-65885,T-41,ITA,94',94,"extra time, first half",0,0
G-0162,M-1938-06,T-09,P-09730,T-09,BRA,18',18,first half,0,0
G-0163,M-1938-06,T-57,P-72075,T-57,POL,23',23,first half,0,1
G-0164,M-1938-06,T-09,P-44339,T-09,BRA,25',25,first half,0,0
G-0165,M-1938-06,T-09,P-70927,T-09,BRA,44',44,first half,0,0
G-0166,M-1938-06,T-57,P-13828,T-57,POL,53',53,second half,0,0
G-0167,M-1938-06,T-57,P-13828,T-57,POL,59',59,second half,0,0
G-0168,M-1938-06,T-09,P-70927,T-09,BRA,71',71,second half,0,0
G-0169,M-1938-06,T-57,P-13828,T-57,POL,89',89,second half,0,0
G-0170,M-1938-06,T-09,P-09730,T-09,BRA,93',93,"extra time, first half",0,0
G-0171,M-1938-06,T-09,P-09730,T-09,BRA,104',104,"extra time, first half",0,0
G-0172,M-1938-06,T-57,P-13828,T-57,POL,118',118,"extra time, second half",0,0
G-0173,M-1938-07,T-21,P-53978,T-21,CSK,93',93,"extra time, first half",0,0
G-0174,M-1938-07,T-21,P-27945,T-21,CSK,111',111,"extra time, second half",0,0
G-0175,M-1938-07,T-21,P-60513,T-21,CSK,118',118,"extra time, second half",0,0
G-0176,M-1938-08,T-61,P-55855,T-61,ROU,35',35,first half,0,0
G-0177,M-1938-08,T-19,P-77922,T-19,CUB,51',51,second half,0,0
G-0178,M-1938-08,T-19,P-77302,T-19,CUB,57',57,second half,0,0
G-0179,M-1938-09,T-31,P-53466,T-31,DEU,8',8,first half,0,0
G-0180,M-1938-09,T-31,P-42031,T-75,CHE,22',22,first half,1,0
G-0181,M-1938-09,T-75,P-81006,T-75,CHE,42',42,first half,0,0
G-0182,M-1938-09,T-75,P-50918,T-75,CHE,64',64,second half,0,0
G-0183,M-1938-09,T-75,P-85334,T-75,CHE,75',75,second half,0,0
G-0184,M-1938-09,T-75,P-85334,T-75,CHE,78',78,second half,0,0
G-0185,M-1938-10,T-09,P-09730,T-09,BRA,30',30,first half,0,0
G-0186,M-1938-10,T-21,P-60513,T-21,CSK,65',65,second half,0,1
G-0187,M-1938-11,T-36,P-89034,T-36,HUN,40',40,first half,0,0
G-0188,M-1938-11,T-36,P-67652,T-36,HUN,89',89,second half,0,0
G-0189,M-1938-12,T-41,P-76066,T-41,ITA,9',9,first half,0,0
G-0190,M-1938-12,T-30,P-78235,T-30,FRA,10',10,first half,0,0
G-0191,M-1938-12,T-41,P-65885,T-41,ITA,51',51,second half,0,0
G-0192,M-1938-12,T-41,P-65885,T-41,ITA,72',72,second half,0,0
G-0193,M-1938-13,T-74,P-38092,T-74,SWE,9',9,first half,0,0
G-0194,M-1938-13,T-74,P-58852,T-74,SWE,22',22,first half,0,0
G-0195,M-1938-13,T-74,P-58852,T-74,SWE,37',37,first half,0,0
G-0196,M-1938-13,T-74,P-58852,T-74,SWE,44',44,first half,0,0
G-0197,M-1938-13,T-74,P-94204,T-74,SWE,80',80,second half,0,0
G-0198,M-1938-13,T-74,P-38092,T-74,SWE,81',81,second half,0,0
G-0199,M-1938-13,T-74,P-97601,T-74,SWE,84',84,second half,0,0
G-0200,M-1938-13,T-74,P-38092,T-74,SWE,89',89,second half,0,0
G-0201,M-1938-14,T-21,P-64425,T-21,CSK,25',25,first half,0,0
G-0202,M-1938-14,T-09,P-09730,T-09,BRA,57',57,second half,0,0
G-0203,M-1938-14,T-09,P-81322,T-09,BRA,62',62,second half,0,0
G-0204,M-1938-15,T-74,P-97601,T-74,SWE,1',1,first half,0,0
G-0205,M-1938-15,T-36,P-90805,T-74,SWE,19',19,first half,1,0
G-0206,M-1938-15,T-36,P-24305,T-36,HUN,37',37,first half,0,0
G-0207,M-1938-15,T-36,P-67652,T-36,HUN,39',39,first half,0,0
G-0208,M-1938-15,T-36,P-89034,T-36,HUN,65',65,second half,0,0
G-0209,M-1938-15,T-36,P-67652,T-36,HUN,85',85,second half,0,0
G-0210,M-1938-16,T-41,P-76066,T-41,ITA,51',51,second half,0,0
G-0211,M-1938-16,T-41,P-34536,T-41,ITA,60',60,second half,0,1
G-0212,M-1938-16,T-09,P-44339,T-09,BRA,87',87,second half,0,0
G-0213,M-1938-17,T-74,P-79374,T-74,SWE,28',28,first half,0,0
G-0214,M-1938-17,T-74,P-97601,T-74,SWE,38',38,first half,0,0
G-0215,M-1938-17,T-09,P-44339,T-09,BRA,44',44,first half,0,0
G-0216,M-1938-17,T-09,P-09730,T-09,BRA,63',63,second half,0,0
G-0217,M-1938-17,T-09,P-09730,T-09,BRA,74',74,second half,0,0
G-0218,M-1938-17,T-09,P-70927,T-09,BRA,80',80,second half,0,0
G-0219,M-1938-18,T-41,P-76066,T-41,ITA,6',6,first half,0,0
G-0220,M-1938-18,T-36,P-24305,T-36,HUN,8',8,first half,0,0
G-0221,M-1938-18,T-41,P-65885,T-41,ITA,16',16,first half,0,0
G-0222,M-1938-18,T-41,P-76066,T-41,ITA,35',35,first half,0,0
G-0223,M-1938-18,T-36,P-89034,T-36,HUN,70',70,second half,0,0
G-0224,M-1938-18,T-41,P-65885,T-41,ITA,82',82,second half,0,0
G-0225,M-1950-01,T-09,P-49381,T-09,BRA,30',30,first half,0,0
G-0226,M-1950-01,T-09,P-44754,T-09,BRA,65',65,second half,0,0
G-0227,M-1950-01,T-09,P-17754,T-09,BRA,71',71,second half,0,0
G-0228,M-1950-01,T-09,P-49381,T-09,BRA,79',79,second half,0,0
G-0229,M-1950-02,T-87,P-50931,T-87,YUG,59',59,second half,0,0
G-0230,M-1950-02,T-87,P-07620,T-87,YUG,70',70,second half,0,0
G-0231,M-1950-02,T-87,P-87730,T-87,YUG,84',84,second half,0,0
G-0232,M-1950-03,T-28,P-89453,T-28,ENG,39',39,first half,0,0
G-0233,M-1950-03,T-28,P-71516,T-28,ENG,51',51,second half,0,0
G-0234,M-1950-04,T-83,P-88982,T-83,USA,17',17,first half,0,0
G-0235,M-1950-04,T-73,P-24336,T-73,ESP,81',81,second half,0,0
G-0236,M-1950-04,T-73,P-26928,T-73,ESP,83',83,second half,0,0
G-0237,M-1950-04,T-73,P-65220,T-73,ESP,89',89,second half,0,0
G-0238,M-1950-05,T-41,P-51460,T-41,ITA,7',7,first half,0,0
G-0239,M-1950-05,T-74,P-03089,T-74,SWE,25',25,first half,0,0
G-0240,M-1950-05,T-74,P-91027,T-74,SWE,33',33,first half,0,0
G-0241,M-1950-05,T-74,P-03089,T-74,SWE,68',68,second half,0,0
G-0242,M-1950-05,T-41,P-49869,T-41,ITA,75',75,second half,0,0
G-0243,M-1950-06,T-09,P-83086,T-09,BRA,3',3,first half,0,0
G-0244,M-1950-06,T-75,P-80623,T-75,CHE,17',17,first half,0,0
G-0245,M-1950-06,T-09,P-17754,T-09,BRA,32',32,first half,0,0
G-0246,M-1950-06,T-75,P-80623,T-75,CHE,88',88,second half,0,0
G-0247,M-1950-07,T-87,P-83431,T-87,YUG,20',20,first half,0,0
G-0248,M-1950-07,T-87,P-23914,T-87,YUG,23',23,first half,0,0
G-0249,M-1950-07,T-87,P-23914,T-87,YUG,51',51,second half,0,0
G-0250,M-1950-07,T-87,P-07620,T-87,YUG,81',81,second half,0,0
G-0251,M-1950-07,T-46,P-36858,T-46,MEX,89',89,second half,0,1
G-0252,M-1950-08,T-73,P-26928,T-73,ESP,17',17,first half,0,0
G-0253,M-1950-08,T-73,P-65220,T-73,ESP,30',30,first half,0,0
G-0254,M-1950-09,T-83,P-62622,T-83,USA,38',38,first half,0,0
G-0255,M-1950-10,T-74,P-87073,T-74,SWE,17',17,first half,0,0
G-0256,M-1950-10,T-74,P-52190,T-74,SWE,26',26,first half,0,0
G-0257,M-1950-10,T-55,P-31665,T-55,PRY,35',35,first half,0,0
G-0258,M-1950-10,T-55,P-95911,T-55,PRY,74',74,second half,0,0
G-0259,M-1950-11,T-09,P-49381,T-09,BRA,4',4,first half,0,0
G-0260,M-1950-11,T-09,P-73743,T-09,BRA,69',69,second half,0,0
G-0261,M-1950-12,T-13,P-14657,T-13,CHL,16',16,first half,0,0
G-0262,M-1950-12,T-13,P-86320,T-13,CHL,32',32,first half,0,0
G-0263,M-1950-12,T-83,P-37569,T-83,USA,47',47,second half,0,0
G-0264,M-1950-12,T-83,P-59276,T-83,USA,48',48,second half,0,1
G-0265,M-1950-12,T-13,P-56453,T-13,CHL,54',54,second half,0,0
G-0266,M-1950-12,T-13,P-86320,T-13,CHL,60',60,second half,0,0
G-0267,M-1950-12,T-13,P-92243,T-13,CHL,82',82,second half,0,0
G-0268,M-1950-13,T-73,P-65220,T-73,ESP,48',48,second half,0,0
G-0269,M-1950-14,T-41,P-51460,T-41,ITA,12',12,first half,0,0
G-0270,M-1950-14,T-41,P-00152,T-41,ITA,62',62,second half,0,0
G-0271,M-1950-15,T-84,P-18523,T-84,URY,14',14,first half,0,0
G-0272,M-1950-15,T-84,P-36239,T-84,URY,18',18,first half,0,0
G-0273,M-1950-15,T-84,P-38873,T-84,URY,23',23,first half,0,0
G-0274,M-1950-15,T-84,P-18523,T-84,URY,40',40,first half,0,0
G-0275,M-1950-15,T-84,P-18523,T-84,URY,51',51,second half,0,0
G-0276,M-1950-15,T-84,P-38873,T-84,URY,54',54,second half,0,0
G-0277,M-1950-15,T-84,P-84660,T-84,URY,83',83,second half,0,0
G-0278,M-1950-15,T-84,P-16302,T-84,URY,87',87,second half,0,0
G-0279,M-1950-16,T-75,P-69750,T-75,CHE,10',10,first half,0,0
G-0280,M-1950-16,T-75,P-98547,T-75,CHE,44',44,first half,0,0
G-0281,M-1950-16,T-46,P-22131,T-46,MEX,89',89,second half,0,0
G-0282,M-1950-17,T-09,P-49381,T-09,BRA,17',17,first half,0,0
G-0283,M-1950-17,T-09,P-49381,T-09,BRA,36',36,first half,0,0
G-0284,M-1950-17,T-09,P-22428,T-09,BRA,39',39,first half,0,0
G-0285,M-1950-17,T-09,P-49381,T-09,BRA,52',52,second half,0,0
G-0286,M-1950-17,T-09,P-49381,T-09,BRA,58',58,second half,0,0
G-0287,M-1950-17,T-74,P-91027,T-74,SWE,67',67,second half,0,1
G-0288,M-1950-17,T-09,P-99436,T-09,BRA,85',85,second half,0,0
G-0289,M-1950-17,T-09,P-22428,T-09,BRA,88',88,second half,0,0
G-0290,M-1950-18,T-84,P-16302,T-84,URY,29',29,first half,0,0
G-0291,M-1950-18,T-73,P-26928,T-73,ESP,37',37,first half,0,0
G-0292,M-1950-18,T-73,P-26928,T-73,ESP,39',39,first half,0,0
G-0293,M-1950-18,T-84,P-65940,T-84,URY,73',73,second half,0,0
G-0294,M-1950-19,T-09,P-49381,T-09,BRA,15',15,first half,0,0
G-0295,M-1950-19,T-09,P-44754,T-09,BRA,21',21,first half,0,0
G-0296,M-1950-19,T-09,P-22428,T-09,BRA,31',31,first half,0,0
G-0297,M-1950-19,T-09,P-22428,T-09,BRA,55',55,second half,0,0
G-0298,M-1950-19,T-09,P-49381,T-09,BRA,57',57,second half,0,0
G-0299,M-1950-19,T-09,P-73743,T-09,BRA,67',67,second half,0,0
G-0300,M-1950-19,T-73,P-24336,T-73,ESP,71',71,second half,0,0
G-0301,M-1950-20,T-74,P-52190,T-74,SWE,5',5,first half,0,0
G-0302,M-1950-20,T-84,P-16302,T-84,URY,39',39,first half,0,0
G-0303,M-1950-20,T-74,P-87073,T-74,SWE,40',40,first half,0,0
G-0304,M-1950-20,T-84,P-18523,T-84,URY,77',77,second half,0,0
G-0305,M-1950-20,T-84,P-18523,T-84,URY,85',85,second half,0,0
G-0306,M-1950-21,T-74,P-87073,T-74,SWE,15',15,first half,0,0
G-0307,M-1950-21,T-74,P-59295,T-74,SWE,33',33,first half,0,0
G-0308,M-1950-21,T-74,P-52190,T-74,SWE,80',80,second half,0,0
G-0309,M-1950-21,T-73,P-65220,T-73,ESP,82',82,second half,0,0
G-0310,M-1950-22,T-09,P-21738,T-09,BRA,47',47,second half,0,0
G-0311,M-1950-22,T-84,P-38873,T-84,URY,66',66,second half,0,0
G-0312,M-1950-22,T-84,P-16302,T-84,URY,79',79,second half,0,0
G-0313,M-1954-01,T-09,P-17754,T-09,BRA,23',23,first half,0,0
G-0314,M-1954-01,T-09,P-76740,T-09,BRA,30',30,first half,0,0
G-0315,M-1954-01,T-09,P-15387,T-09,BRA,34',34,first half,0,0
G-0316,M-1954-01,T-09,P-15387,T-09,BRA,43',43,first half,0,0
G-0317,M-1954-01,T-09,P-08966,T-09,BRA,69',69,second half,0,0
G-0318,M-1954-02,T-87,P-00042,T-87,YUG,15',15,first half,0,0
G-0319,M-1954-03,T-05,P-85257,T-05,AUT,33',33,first half,0,0
G-0320,M-1954-04,T-84,P-18523,T-84,URY,71',71,second half,0,0
G-0321,M-1954-04,T-84,P-38873,T-84,URY,84',84,second half,0,0
G-0322,M-1954-05,T-75,P-63738,T-75,CHE,18',18,first half,0,0
G-0323,M-1954-05,T-41,P-75209,T-41,ITA,44',44,first half,0,0
G-0324,M-1954-05,T-75,P-14406,T-75,CHE,78',78,second half,0,0
G-0325,M-1954-06,T-36,P-12676,T-36,HUN,12',12,first half,0,0
G-0326,M-1954-06,T-36,P-29493,T-36,HUN,18',18,first half,0,0
G-0327,M-1954-06,T-36,P-07028,T-36,HUN,24',24,first half,0,0
G-0328,M-1954-06,T-36,P-07028,T-36,HUN,36',36,first half,0,0
G-0329,M-1954-06,T-36,P-07028,T-36,HUN,50',50,second half,0,0
G-0330,M-1954-06,T-36,P-93334,T-36,HUN,59',59,second half,0,0
G-0331,M-1954-06,T-36,P-42138,T-36,HUN,75',75,second half,0,0
G-0332,M-1954-06,T-36,P-42138,T-36,HUN,83',83,second half,0,0
G-0333,M-1954-06,T-36,P-12676,T-36,HUN,89',89,second half,0,0
G-0334,M-1954-07,T-80,P-71884,T-80,TUR,2',2,first half,0,0
G-0335,M-1954-07,T-86,P-63184,T-86,DEU,14',14,first half,0,0
G-0336,M-1954-07,T-86,P-33698,T-86,DEU,52',52,second half,0,0
G-0337,M-1954-07,T-86,P-71954,T-86,DEU,60',60,second half,0,0
G-0338,M-1954-07,T-86,P-05766,T-86,DEU,84',84,second half,0,0
G-0339,M-1954-08,T-06,P-99158,T-06,BEL,5',5,first half,0,0
G-0340,M-1954-08,T-28,P-88758,T-28,ENG,26',26,first half,0,0
G-0341,M-1954-08,T-28,P-81234,T-28,ENG,36',36,first half,0,0
G-0342,M-1954-08,T-28,P-88758,T-28,ENG,63',63,second half,0,0
G-0343,M-1954-08,T-06,P-26664,T-06,BEL,67',67,second half,0,0
G-0344,M-1954-08,T-06,P-99158,T-06,BEL,71',71,second half,0,0
G-0345,M-1954-08,T-28,P-81234,T-28,ENG,91',91,"extra time, first half",0,0
G-0346,M-1954-08,T-06,P-49092,T-28,ENG,94',94,"extra time, first half",1,0
G-0347,M-1954-09,T-84,P-90496,T-84,URY,17',17,first half,0,0
G-0348,M-1954-09,T-84,P-18523,T-84,URY,30',30,first half,0,0
G-0349,M-1954-09,T-84,P-90496,T-84,URY,47',47,second half,0,0
G-0350,M-1954-09,T-84,P-78277,T-84,URY,54',54,second half,0,0
G-0351,M-1954-09,T-84,P-90496,T-84,URY,57',57,second half,0,0
G-0352,M-1954-09,T-84,P-18523,T-84,URY,83',83,second half,0,0
G-0353,M-1954-09,T-84,P-78277,T-84,URY,85',85,second half,0,0
G-0354,M-1954-10,T-87,P-74352,T-87,YUG,48',48,second half,0,0
G-0355,M-1954-10,T-09,P-76740,T-09,BRA,69',69,second half,0,0
G-0356,M-1954-11,T-05,P-51339,T-05,AUT,3',3,first half,0,0
G-0357,M-1954-11,T-05,P-85257,T-05,AUT,4',4,first half,0,0
G-0358,M-1954-11,T-05,P-85257,T-05,AUT,21',21,first half,0,0
G-0359,M-1954-11,T-05,P-85257,T-05,AUT,24',24,first half,0,0
G-0360,M-1954-11,T-05,P-51339,T-05,AUT,65',65,second half,0,0
G-0361,M-1954-12,T-30,P-78417,T-30,FRA,19',19,first half,0,0
G-0362,M-1954-12,T-30,P-53255,T-46,MEX,46',46,second half,1,0
G-0363,M-1954-12,T-46,P-53183,T-46,MEX,54',54,second half,0,0
G-0364,M-1954-12,T-46,P-66576,T-46,MEX,85',85,second half,0,0
G-0365,M-1954-12,T-30,P-94605,T-30,FRA,88',88,second half,0,1
G-0366,M-1954-13,T-36,P-07028,T-36,HUN,3',3,first half,0,0
G-0367,M-1954-13,T-36,P-12676,T-36,HUN,17',17,first half,0,0
G-0368,M-1954-13,T-36,P-07028,T-36,HUN,21',21,first half,0,0
G-0369,M-1954-13,T-86,P-57739,T-86,DEU,25',25,first half,0,0
G-0370,M-1954-13,T-36,P-01173,T-36,HUN,52',52,second half,0,0
G-0371,M-1954-13,T-36,P-01173,T-36,HUN,54',54,second half,0,0
G-0372,M-1954-13,T-36,P-07028,T-36,HUN,69',69,second half,0,0
G-0373,M-1954-13,T-36,P-23830,T-36,HUN,75',75,second half,0,0
G-0374,M-1954-13,T-86,P-08136,T-86,DEU,77',77,second half,0,0
G-0375,M-1954-13,T-36,P-07028,T-36,HUN,78',78,second half,0,0
G-0376,M-1954-13,T-86,P-58241,T-86,DEU,84',84,second half,0,0
G-0377,M-1954-14,T-80,P-71884,T-80,TUR,10',10,first half,0,0
G-0378,M-1954-14,T-80,P-92456,T-80,TUR,24',24,first half,0,0
G-0379,M-1954-14,T-80,P-71884,T-80,TUR,30',30,first half,0,0
G-0380,M-1954-14,T-80,P-04515,T-80,TUR,37',37,first half,0,0
G-0381,M-1954-14,T-80,P-04515,T-80,TUR,64',64,second half,0,0
G-0382,M-1954-14,T-80,P-04515,T-80,TUR,70',70,second half,0,0
G-0383,M-1954-14,T-80,P-15472,T-80,TUR,76',76,second half,0,0
G-0384,M-1954-15,T-41,P-00152,T-41,ITA,41',41,first half,0,1
G-0385,M-1954-15,T-41,P-32442,T-41,ITA,48',48,second half,0,0
G-0386,M-1954-15,T-41,P-64967,T-41,ITA,58',58,second half,0,0
G-0387,M-1954-15,T-41,P-45203,T-41,ITA,78',78,second half,0,0
G-0388,M-1954-15,T-06,P-99158,T-06,BEL,81',81,second half,0,0
G-0389,M-1954-16,T-28,P-82512,T-28,ENG,43',43,first half,0,0
G-0390,M-1954-16,T-28,P-25319,T-28,ENG,69',69,second half,0,0
G-0391,M-1954-17,T-86,P-71954,T-86,DEU,7',7,first half,0,0
G-0392,M-1954-17,T-86,P-63184,T-86,DEU,12',12,first half,0,0
G-0393,M-1954-17,T-80,P-04447,T-80,TUR,21',21,first half,0,0
G-0394,M-1954-17,T-86,P-05766,T-86,DEU,30',30,first half,0,0
G-0395,M-1954-17,T-86,P-05766,T-86,DEU,60',60,second half,0,0
G-0396,M-1954-17,T-86,P-09973,T-86,DEU,62',62,second half,0,0
G-0397,M-1954-17,T-86,P-05766,T-86,DEU,77',77,second half,0,0
G-0398,M-1954-17,T-86,P-63184,T-86,DEU,79',79,second half,0,0
G-0399,M-1954-17,T-80,P-92456,T-80,TUR,82',82,second half,0,0
G-0400,M-1954-18,T-75,P-14406,T-75,CHE,14',14,first half,0,0
G-0401,M-1954-18,T-75,P-63738,T-75,CHE,48',48,second half,0,0
G-0402,M-1954-18,T-41,P-17534,T-41,ITA,67',67,second half,0,0
G-0403,M-1954-18,T-75,P-14406,T-75,CHE,85',85,second half,0,0
G-0404,M-1954-18,T-75,P-80623,T-75,CHE,90',90,second half,0,0
G-0405,M-1954-19,T-75,P-63738,T-75,CHE,16',16,first half,0,0
G-0406,M-1954-19,T-75,P-14406,T-75,CHE,17',17,first half,0,0
G-0407,M-1954-19,T-75,P-14406,T-75,CHE,19',19,first half,0,0
G-0408,M-1954-19,T-05,P-35865,T-05,AUT,25',25,first half,0,0
G-0409,M-1954-19,T-05,P-26700,T-05,AUT,26',26,first half,0,0
G-0410,M-1954-19,T-05,P-35865,T-05,AUT,27',27,first half,0,0
G-0411,M-1954-19,T-05,P-53882,T-05,AUT,32',32,first half,0,0
G-0412,M-1954-19,T-05,P-26700,T-05,AUT,34',34,first half,0,0
G-0413,M-1954-19,T-75,P-63738,T-75,CHE,39',39,first half,0,0
G-0414,M-1954-19,T-05,P-35865,T-05,AUT,53',53,second half,0,0
G-0415,M-1954-19,T-75,P-14406,T-75,CHE,60',60,second half,0,0
G-0416,M-1954-19,T-05,P-85257,T-05,AUT,76',76,second half,0,0
G-0417,M-1954-20,T-84,P-90496,T-84,URY,5',5,first half,0,0
G-0418,M-1954-20,T-28,P-81234,T-28,ENG,16',16,first half,0,0
G-0419,M-1954-20,T-84,P-65940,T-84,URY,39',39,first half,0,0
G-0420,M-1954-20,T-84,P-38873,T-84,URY,46',46,second half,0,0
G-0421,M-1954-20,T-28,P-86813,T-28,ENG,67',67,second half,0,0
G-0422,M-1954-20,T-84,P-66683,T-84,URY,78',78,second half,0,0
G-0423,M-1954-21,T-36,P-01173,T-36,HUN,4',4,first half,0,0
G-0424,M-1954-21,T-36,P-07028,T-36,HUN,7',7,first half,0,0
G-0425,M-1954-21,T-09,P-52002,T-09,BRA,18',18,first half,0,1
G-0426,M-1954-21,T-36,P-29493,T-36,HUN,60',60,second half,0,1
G-0427,M-1954-21,T-09,P-08966,T-09,BRA,65',65,second half,0,0
G-0428,M-1954-21,T-36,P-07028,T-36,HUN,88',88,second half,0,0
G-0429,M-1954-22,T-86,P-78579,T-87,YUG,9',9,first half,1,0
G-0430,M-1954-22,T-86,P-08136,T-86,DEU,85',85,second half,0,0
G-0431,M-1954-23,T-36,P-93334,T-36,HUN,13',13,first half,0,0
G-0432,M-1954-23,T-36,P-01173,T-36,HUN,46',46,second half,0,0
G-0433,M-1954-23,T-84,P-10601,T-84,URY,75',75,second half,0,0
G-0434,M-1954-23,T-84,P-10601,T-84,URY,86',86,second half,0,0
G-0435,M-1954-23,T-36,P-07028,T-36,HUN,111',111,"extra time, second half",0,0
G-0436,M-1954-23,T-36,P-07028,T-36,HUN,116',116,"extra time, second half",0,0
G-0437,M-1954-24,T-86,P-63184,T-86,DEU,31',31,first half,0,0
G-0438,M-1954-24,T-86,P-05766,T-86,DEU,47',47,second half,0,0
G-0439,M-1954-24,T-05,P-85257,T-05,AUT,51',51,second half,0,0
G-0440,M-1954-24,T-86,P-09973,T-86,DEU,54',54,second half,0,1
G-0441,M-1954-24,T-86,P-71954,T-86,DEU,61',61,second half,0,0
G-0442,M-1954-24,T-86,P-09973,T-86,DEU,64',64,second half,0,1
G-0443,M-1954-24,T-86,P-71954,T-86,DEU,89',89,second half,0,0
G-0444,M-1954-25,T-05,P-51339,T-05,AUT,16',16,first half,0,1
G-0445,M-1954-25,T-84,P-10601,T-84,URY,22',22,first half,0,0
G-0446,M-1954-25,T-05,P-92883,T-84,URY,59',59,second half,1,0
G-0447,M-1954-25,T-05,P-53882,T-05,AUT,89',89,second half,0,0
G-0448,M-1954-26,T-36,P-12676,T-36,HUN,6',6,first half,0,0
G-0449,M-1954-26,T-36,P-93334,T-36,HUN,8',8,first half,0,0
G-0450,M-1954-26,T-86,P-05766,T-86,DEU,10',10,first half,0,0
G-0451,M-1954-26,T-86,P-08136,T-86,DEU,18',18,first half,0,0
G-0452,M-1954-26,T-86,P-08136,T-86,DEU,84',84,second half,0,0
G-0453,M-1958-01,T-74,P-82312,T-74,SWE,17',17,first half,0,0
G-0454,M-1958-01,T-74,P-10338,T-74,SWE,57',57,second half,0,1
G-0455,M-1958-01,T-74,P-82312,T-74,SWE,64',64,second half,0,0
G-0456,M-1958-02,T-03,P-71952,T-03,ARG,3',3,first half,0,0
G-0457,M-1958-02,T-86,P-08136,T-86,DEU,32',32,first half,0,0
G-0458,M-1958-02,T-86,P-64138,T-86,DEU,42',42,first half,0,0
G-0459,M-1958-02,T-86,P-08136,T-86,DEU,79',79,second half,0,0
G-0460,M-1958-03,T-52,P-36975,T-52,NIR,21',21,first half,0,0
G-0461,M-1958-04,T-55,P-19817,T-55,PRY,20',20,first half,0,0
G-0462,M-1958-04,T-30,P-77939,T-30,FRA,24',24,first half,0,0
G-0463,M-1958-04,T-30,P-77939,T-30,FRA,30',30,first half,0,0
G-0464,M-1958-04,T-55,P-19817,T-55,PRY,44',44,first half,0,1
G-0465,M-1958-04,T-55,P-32438,T-55,PRY,50',50,second half,0,0
G-0466,M-1958-04,T-30,P-38969,T-30,FRA,52',52,second half,0,0
G-0467,M-1958-04,T-30,P-75977,T-30,FRA,61',61,second half,0,0
G-0468,M-1958-04,T-30,P-77939,T-30,FRA,67',67,second half,0,0
G-0469,M-1958-04,T-30,P-94605,T-30,FRA,70',70,second half,0,0
G-0470,M-1958-04,T-30,P-78417,T-30,FRA,83',83,second half,0,0
G-0471,M-1958-05,T-87,P-85317,T-87,YUG,6',6,first half,0,0
G-0472,M-1958-05,T-64,P-07282,T-64,SCO,49',49,second half,0,0
G-0473,M-1958-06,T-36,P-70989,T-36,HUN,5',5,first half,0,0
G-0474,M-1958-06,T-85,P-12687,T-85,WAL,27',27,first half,0,0
G-0475,M-1958-07,T-09,P-60629,T-09,BRA,37',37,first half,0,0
G-0476,M-1958-07,T-09,P-75955,T-09,BRA,50',50,second half,0,0
G-0477,M-1958-07,T-09,P-60629,T-09,BRA,85',85,second half,0,0
G-0478,M-1958-08,T-72,P-54948,T-72,SUN,13',13,first half,0,0
G-0479,M-1958-08,T-72,P-92440,T-72,SUN,56',56,second half,0,0
G-0480,M-1958-08,T-28,P-60811,T-28,ENG,66',66,second half,0,0
G-0481,M-1958-08,T-28,P-86813,T-28,ENG,85',85,second half,0,1
G-0482,M-1958-09,T-52,P-77851,T-52,NIR,4',4,first half,0,0
G-0483,M-1958-09,T-03,P-71952,T-03,ARG,37',37,first half,0,1
G-0484,M-1958-09,T-03,P-98280,T-03,ARG,56',56,second half,0,0
G-0485,M-1958-09,T-03,P-20645,T-03,ARG,60',60,second half,0,0
G-0486,M-1958-10,T-21,P-65506,T-21,CSK,24',24,first half,0,1
G-0487,M-1958-10,T-21,P-71720,T-21,CSK,42',42,first half,0,0
G-0488,M-1958-10,T-86,P-63184,T-86,DEU,60',60,second half,0,0
G-0489,M-1958-10,T-86,P-08136,T-86,DEU,71',71,second half,0,0
G-0490,M-1958-11,T-55,P-17292,T-55,PRY,4',4,first half,0,0
G-0491,M-1958-11,T-64,P-19215,T-64,SCO,24',24,first half,0,0
G-0492,M-1958-11,T-55,P-65484,T-55,PRY,45',45,first half,0,0
G-0493,M-1958-11,T-55,P-22636,T-55,PRY,73',73,second half,0,0
G-0494,M-1958-11,T-64,P-75309,T-64,SCO,74',74,second half,0,0
G-0495,M-1958-12,T-30,P-77939,T-30,FRA,4',4,first half,0,0
G-0496,M-1958-12,T-87,P-85317,T-87,YUG,16',16,first half,0,0
G-0497,M-1958-12,T-87,P-47783,T-87,YUG,63',63,second half,0,0
G-0498,M-1958-12,T-30,P-77939,T-30,FRA,85',85,second half,0,0
G-0499,M-1958-12,T-87,P-47783,T-87,YUG,88',88,second half,0,0
G-0500,M-1958-13,T-85,P-71223,T-85,WAL,32',32,first half,0,0
G-0501,M-1958-13,T-46,P-10223,T-46,MEX,89',89,second half,0,0
G-0502,M-1958-15,T-72,P-80609,T-72,SUN,15',15,first half,0,0
G-0503,M-1958-15,T-72,P-11702,T-72,SUN,62',62,second half,0,0
G-0504,M-1958-16,T-74,P-20173,T-74,SWE,34',34,first half,0,0
G-0505,M-1958-16,T-74,P-20173,T-74,SWE,55',55,second half,0,0
G-0506,M-1958-16,T-36,P-82971,T-36,HUN,77',77,second half,0,0
G-0507,M-1958-18,T-21,P-65506,T-21,CSK,8',8,first half,0,0
G-0508,M-1958-18,T-21,P-71720,T-21,CSK,17',17,first half,0,0
G-0509,M-1958-18,T-21,P-71720,T-21,CSK,40',40,first half,0,0
G-0510,M-1958-18,T-03,P-71952,T-03,ARG,65',65,second half,0,1
G-0511,M-1958-18,T-21,P-45404,T-21,CSK,69',69,second half,0,0
G-0512,M-1958-18,T-21,P-28805,T-21,CSK,82',82,second half,0,0
G-0513,M-1958-18,T-21,P-28805,T-21,CSK,89',89,second half,0,0
G-0514,M-1958-19,T-52,P-77851,T-52,NIR,18',18,first half,0,0
G-0515,M-1958-19,T-86,P-08136,T-86,DEU,20',20,first half,0,0
G-0516,M-1958-19,T-52,P-77851,T-52,NIR,60',60,second half,0,0
G-0517,M-1958-19,T-86,P-64138,T-86,DEU,78',78,second half,0,0
G-0518,M-1958-20,T-30,P-94605,T-30,FRA,22',22,first half,0,0
G-0519,M-1958-20,T-30,P-77939,T-30,FRA,44',44,first half,0,0
G-0520,M-1958-20,T-64,P-73507,T-64,SCO,58',58,second half,0,0
G-0521,M-1958-21,T-87,P-47145,T-87,YUG,18',18,first half,0,0
G-0522,M-1958-21,T-55,P-22636,T-55,PRY,20',20,first half,0,0
G-0523,M-1958-21,T-87,P-47783,T-87,YUG,21',21,first half,0,0
G-0524,M-1958-21,T-55,P-17292,T-55,PRY,52',52,second half,0,0
G-0525,M-1958-21,T-87,P-24259,T-87,YUG,73',73,second half,0,0
G-0526,M-1958-21,T-55,P-32438,T-55,PRY,80',80,second half,0,0
G-0527,M-1958-22,T-36,P-82971,T-36,HUN,19',19,first half,0,0
G-0528,M-1958-22,T-36,P-82971,T-36,HUN,46',46,second half,0,0
G-0529,M-1958-22,T-36,P-69885,T-36,HUN,54',54,second half,0,0
G-0530,M-1958-22,T-36,P-47384,T-36,HUN,69',69,second half,0,0
G-0531,M-1958-23,T-09,P-45310,T-09,BRA,3',3,first half,0,0
G-0532,M-1958-23,T-09,P-45310,T-09,BRA,77',77,second half,0,0
G-0533,M-1958-24,T-05,P-32967,T-05,AUT,15',15,first half,0,0
G-0534,M-1958-24,T-28,P-03578,T-28,ENG,56',56,second half,0,0
G-0535,M-1958-24,T-05,P-26700,T-05,AUT,71',71,second half,0,0
G-0536,M-1958-24,T-28,P-60811,T-28,ENG,74',74,second half,0,0
G-0537,M-1958-25,T-21,P-71720,T-21,CSK,18',18,first half,0,0
G-0538,M-1958-25,T-52,P-77851,T-52,NIR,44',44,first half,0,0
G-0539,M-1958-25,T-52,P-77851,T-52,NIR,97',97,"extra time, first half",0,0
G-0540,M-1958-26,T-36,P-82971,T-36,HUN,33',33,first half,0,0
G-0541,M-1958-26,T-85,P-71223,T-85,WAL,55',55,second half,0,0
G-0542,M-1958-26,T-85,P-90482,T-85,WAL,76',76,second half,0,0
G-0543,M-1958-27,T-72,P-80609,T-72,SUN,69',69,second half,0,0
G-0544,M-1958-28,T-09,P-38906,T-09,BRA,66',66,second half,0,0
G-0545,M-1958-29,T-30,P-75977,T-30,FRA,44',44,first half,0,0
G-0546,M-1958-29,T-30,P-77939,T-30,FRA,55',55,second half,0,0
G-0547,M-1958-29,T-30,P-77939,T-30,FRA,63',63,second half,0,0
G-0548,M-1958-29,T-30,P-38969,T-30,FRA,68',68,second half,0,0
G-0549,M-1958-30,T-74,P-20173,T-74,SWE,49',49,second half,0,0
G-0550,M-1958-30,T-74,P-82312,T-74,SWE,88',88,second half,0,0
G-0551,M-1958-31,T-86,P-08136,T-86,DEU,12',12,first half,0,0
G-0552,M-1958-32,T-09,P-45310,T-09,BRA,2',2,first half,0,0
G-0553,M-1958-32,T-30,P-77939,T-30,FRA,9',9,first half,0,0
G-0554,M-1958-32,T-09,P-76740,T-09,BRA,39',39,first half,0,0
G-0555,M-1958-32,T-09,P-38906,T-09,BRA,52',52,second half,0,0
G-0556,M-1958-32,T-09,P-38906,T-09,BRA,64',64,second half,0,0
G-0557,M-1958-32,T-09,P-38906,T-09,BRA,75',75,second half,0,0
G-0558,M-1958-32,T-30,P-38969,T-30,FRA,83',83,second half,0,0
G-0559,M-1958-33,T-86,P-63184,T-86,DEU,24',24,first half,0,0
G-0560,M-1958-33,T-74,P-33095,T-74,SWE,32',32,first half,0,0
G-0561,M-1958-33,T-74,P-69813,T-74,SWE,81',81,second half,0,0
G-0562,M-1958-33,T-74,P-20173,T-74,SWE,88',88,second half,0,0
G-0563,M-1958-34,T-30,P-77939,T-30,FRA,16',16,first half,0,0
G-0564,M-1958-34,T-86,P-93539,T-86,DEU,18',18,first half,0,0
G-0565,M-1958-34,T-30,P-94605,T-30,FRA,27',27,first half,0,1
G-0566,M-1958-34,T-30,P-77939,T-30,FRA,36',36,first half,0,0
G-0567,M-1958-34,T-30,P-08451,T-30,FRA,50',50,second half,0,0
G-0568,M-1958-34,T-86,P-08136,T-86,DEU,52',52,second half,0,0
G-0569,M-1958-34,T-30,P-77939,T-30,FRA,78',78,second half,0,0
G-0570,M-1958-34,T-86,P-63184,T-86,DEU,84',84,second half,0,0
G-0571,M-1958-34,T-30,P-77939,T-30,FRA,89',89,second half,0,0
G-0572,M-1958-35,T-74,P-10338,T-74,SWE,4',4,first half,0,0
G-0573,M-1958-35,T-09,P-45310,T-09,BRA,9',9,first half,0,0
G-0574,M-1958-35,T-09,P-45310,T-09,BRA,32',32,first half,0,0
G-0575,M-1958-35,T-09,P-38906,T-09,BRA,55',55,second half,0,0
G-0576,M-1958-35,T-09,P-38164,T-09,BRA,68',68,second half,0,0
G-0577,M-1958-35,T-74,P-82312,T-74,SWE,80',80,second half,0,0
G-0578,M-1958-35,T-09,P-38906,T-09,BRA,90',90,second half,0,0
G-0579,M-1962-01,T-16,P-32148,T-16,COL,19',19,first half,0,1
G-0580,M-1962-01,T-84,P-81929,T-84,URY,56',56,second half,0,0
G-0581,M-1962-01,T-84,P-15857,T-84,URY,75',75,second half,0,0
G-0582,M-1962-02,T-75,P-25619,T-75,CHE,6',6,first half,0,0
G-0583,M-1962-02,T-13,P-22224,T-13,CHL,44',44,first half,0,0
G-0584,M-1962-02,T-13,P-98252,T-13,CHL,51',51,second half,0,0
G-0585,M-1962-02,T-13,P-22224,T-13,CHL,55',55,second half,0,0
G-0586,M-1962-03,T-09,P-38164,T-09,BRA,56',56,second half,0,0
G-0587,M-1962-03,T-09,P-38906,T-09,BRA,73',73,second half,0,0
G-0588,M-1962-04,T-03,P-14074,T-03,ARG,4',4,first half,0,0
G-0589,M-1962-05,T-72,P-11702,T-72,SUN,51',51,second half,0,0
G-0590,M-1962-05,T-72,P-05819,T-72,SUN,83',83,second half,0,0
G-0591,M-1962-07,T-21,P-53400,T-21,CSK,80',80,second half,0,0
G-0592,M-1962-08,T-36,P-82971,T-36,HUN,17',17,first half,0,0
G-0593,M-1962-08,T-28,P-05132,T-28,ENG,60',60,second half,0,1
G-0594,M-1962-08,T-36,P-21188,T-36,HUN,71',71,second half,0,0
G-0595,M-1962-09,T-84,P-35342,T-84,URY,19',19,first half,0,0
G-0596,M-1962-09,T-87,P-47998,T-87,YUG,25',25,first half,0,1
G-0597,M-1962-09,T-87,P-05537,T-87,YUG,29',29,first half,0,0
G-0598,M-1962-09,T-87,P-55024,T-87,YUG,49',49,second half,0,0
G-0599,M-1962-10,T-13,P-98252,T-13,CHL,73',73,second half,0,0
G-0600,M-1962-10,T-13,P-01618,T-13,CHL,87',87,second half,0,0
G-0601,M-1962-12,T-28,P-05132,T-28,ENG,17',17,first half,0,1
G-0602,M-1962-12,T-28,P-08601,T-28,ENG,42',42,first half,0,0
G-0603,M-1962-12,T-28,P-75574,T-28,ENG,67',67,second half,0,0
G-0604,M-1962-12,T-03,P-46624,T-03,ARG,81',81,second half,0,0
G-0605,M-1962-13,T-72,P-11702,T-72,SUN,8',8,first half,0,0
G-0606,M-1962-13,T-72,P-38721,T-72,SUN,10',10,first half,0,0
G-0607,M-1962-13,T-72,P-11702,T-72,SUN,11',11,first half,0,0
G-0608,M-1962-13,T-16,P-17067,T-16,COL,21',21,first half,0,0
G-0609,M-1962-13,T-72,P-05819,T-72,SUN,56',56,second half,0,0
G-0610,M-1962-13,T-16,P-32950,T-16,COL,68',68,second half,0,0
G-0611,M-1962-13,T-16,P-31841,T-16,COL,72',72,second half,0,0
G-0612,M-1962-13,T-16,P-07544,T-16,COL,86',86,second half,0,0
G-0613,M-1962-14,T-86,P-12917,T-86,DEU,45',45,first half,0,0
G-0614,M-1962-14,T-86,P-64138,T-86,DEU,59',59,second half,0,0
G-0615,M-1962-14,T-75,P-99095,T-75,CHE,73',73,second half,0,0
G-0616,M-1962-15,T-73,P-15268,T-73,ESP,90',90,second half,0,0
G-0617,M-1962-16,T-36,P-21188,T-36,HUN,1',1,first half,0,0
G-0618,M-1962-16,T-36,P-21188,T-36,HUN,6',6,first half,0,0
G-0619,M-1962-16,T-36,P-82971,T-36,HUN,8',8,first half,0,0
G-0620,M-1962-16,T-36,P-01864,T-36,HUN,12',12,first half,0,0
G-0621,M-1962-16,T-36,P-21188,T-36,HUN,53',53,second half,0,0
G-0622,M-1962-16,T-10,P-14962,T-10,BGR,64',64,second half,0,0
G-0623,M-1962-16,T-36,P-82971,T-36,HUN,70',70,second half,0,0
G-0624,M-1962-17,T-72,P-03441,T-72,SUN,38',38,first half,0,0
G-0625,M-1962-17,T-84,P-15857,T-84,URY,54',54,second half,0,0
G-0626,M-1962-17,T-72,P-11702,T-72,SUN,89',89,second half,0,0
G-0627,M-1962-18,T-86,P-55225,T-86,DEU,21',21,first half,0,1
G-0628,M-1962-18,T-86,P-64138,T-86,DEU,82',82,second half,0,0
G-0629,M-1962-19,T-73,P-03894,T-73,ESP,35',35,first half,0,0
G-0630,M-1962-19,T-09,P-96621,T-09,BRA,72',72,second half,0,0
G-0631,M-1962-19,T-09,P-96621,T-09,BRA,86',86,second half,0,0
G-0632,M-1962-21,T-87,P-05537,T-87,YUG,20',20,first half,0,0
G-0633,M-1962-21,T-87,P-55024,T-87,YUG,25',25,first half,0,0
G-0634,M-1962-21,T-87,P-05537,T-87,YUG,61',61,second half,0,0
G-0635,M-1962-21,T-87,P-55272,T-87,YUG,82',82,second half,0,0
G-0636,M-1962-21,T-87,P-55024,T-87,YUG,87',87,second half,0,0
G-0637,M-1962-22,T-41,P-14709,T-41,ITA,2',2,first half,0,0
G-0638,M-1962-22,T-41,P-72738,T-41,ITA,65',65,second half,0,0
G-0639,M-1962-22,T-41,P-72738,T-41,ITA,67',67,second half,0,0
G-0640,M-1962-23,T-21,P-88346,T-21,CSK,1',1,first half,0,0
G-0641,M-1962-23,T-46,P-05631,T-46,MEX,12',12,first half,0,0
G-0642,M-1962-23,T-46,P-32063,T-46,MEX,29',29,first half,0,0
G-0643,M-1962-23,T-46,P-61576,T-46,MEX,90',90,second half,0,1
G-0644,M-1962-25,T-09,P-46080,T-09,BRA,31',31,first half,0,0
G-0645,M-1962-25,T-28,P-98541,T-28,ENG,38',38,first half,0,0
G-0646,M-1962-25,T-09,P-45310,T-09,BRA,53',53,second half,0,0
G-0647,M-1962-25,T-09,P-46080,T-09,BRA,59',59,second half,0,0
G-0648,M-1962-26,T-13,P-22224,T-13,CHL,11',11,first half,0,0
G-0649,M-1962-26,T-72,P-38721,T-72,SUN,26',26,first half,0,0
G-0650,M-1962-26,T-13,P-65214,T-13,CHL,29',29,first half,0,0
G-0651,M-1962-27,T-21,P-82183,T-21,CSK,13',13,first half,0,0
G-0652,M-1962-28,T-87,P-67185,T-87,YUG,85',85,second half,0,0
G-0653,M-1962-29,T-09,P-46080,T-09,BRA,9',9,first half,0,0
G-0654,M-1962-29,T-09,P-46080,T-09,BRA,32',32,first half,0,0
G-0655,M-1962-29,T-13,P-01618,T-13,CHL,42',42,first half,0,0
G-0656,M-1962-29,T-09,P-45310,T-09,BRA,47',47,second half,0,0
G-0657,M-1962-29,T-13,P-22224,T-13,CHL,61',61,second half,0,1
G-0658,M-1962-29,T-09,P-45310,T-09,BRA,78',78,second half,0,0
G-0659,M-1962-30,T-21,P-90033,T-21,CSK,48',48,second half,0,0
G-0660,M-1962-30,T-87,P-55024,T-87,YUG,69',69,second half,0,0
G-0661,M-1962-30,T-21,P-82183,T-21,CSK,80',80,second half,0,0
G-0662,M-1962-30,T-21,P-82183,T-21,CSK,84',84,second half,0,1
G-0663,M-1962-31,T-13,P-65214,T-13,CHL,90',90,second half,0,0
G-0664,M-1962-32,T-21,P-37610,T-21,CSK,15',15,first half,0,0
G-0665,M-1962-32,T-09,P-96621,T-09,BRA,17',17,first half,0,0
G-0666,M-1962-32,T-09,P-82525,T-09,BRA,69',69,second half,0,0
G-0667,M-1962-32,T-09,P-45310,T-09,BRA,78',78,second half,0,0
G-0668,M-1966-02,T-86,P-86276,T-86,DEU,16',16,first half,0,0
G-0669,M-1966-02,T-86,P-12272,T-86,DEU,21',21,first half,0,0
G-0670,M-1966-02,T-86,P-72864,T-86,DEU,40',40,first half,0,0
G-0671,M-1966-02,T-86,P-72864,T-86,DEU,52',52,second half,0,0
G-0672,M-1966-02,T-86,P-12272,T-86,DEU,77',77,second half,0,1
G-0673,M-1966-03,T-09,P-38906,T-09,BRA,15',15,first half,0,0
G-0674,M-1966-03,T-09,P-46080,T-09,BRA,63',63,second half,0,0
G-0675,M-1966-04,T-72,P-83456,T-72,SUN,31',31,first half,0,0
G-0676,M-1966-04,T-72,P-44798,T-72,SUN,33',33,first half,0,0
G-0677,M-1966-04,T-72,P-83456,T-72,SUN,88',88,second half,0,0
G-0678,M-1966-05,T-46,P-55734,T-46,MEX,48',48,second half,0,0
G-0679,M-1966-05,T-30,P-05248,T-30,FRA,62',62,second half,0,0
G-0680,M-1966-06,T-03,P-47496,T-03,ARG,65',65,second half,0,0
G-0681,M-1966-06,T-73,P-58423,T-73,ESP,71',71,second half,0,0
G-0682,M-1966-06,T-03,P-47496,T-03,ARG,77',77,second half,0,0
G-0683,M-1966-07,T-58,P-67663,T-58,PRT,2',2,first half,0,0
G-0684,M-1966-07,T-36,P-82516,T-36,HUN,60',60,second half,0,0
G-0685,M-1966-07,T-58,P-67663,T-58,PRT,67',67,second half,0,0
G-0686,M-1966-07,T-58,P-68398,T-58,PRT,90',90,second half,0,0
G-0687,M-1966-08,T-41,P-91195,T-41,ITA,8',8,first half,0,0
G-0688,M-1966-08,T-41,P-01013,T-41,ITA,88',88,second half,0,0
G-0689,M-1966-09,T-30,P-39420,T-30,FRA,15',15,first half,0,1
G-0690,M-1966-09,T-84,P-47892,T-84,URY,26',26,first half,0,0
G-0691,M-1966-09,T-84,P-82186,T-84,URY,31',31,first half,0,0
G-0692,M-1966-10,T-75,P-42555,T-75,CHE,31',31,first half,0,0
G-0693,M-1966-10,T-73,P-50021,T-73,ESP,57',57,second half,0,0
G-0694,M-1966-10,T-73,P-80285,T-73,ESP,75',75,second half,0,0
G-0695,M-1966-11,T-36,P-82516,T-36,HUN,2',2,first half,0,0
G-0696,M-1966-11,T-09,P-53202,T-09,BRA,14',14,first half,0,0
G-0697,M-1966-11,T-36,P-74113,T-36,HUN,64',64,second half,0,0
G-0698,M-1966-11,T-36,P-95637,T-36,HUN,73',73,second half,0,1
G-0699,M-1966-12,T-13,P-83441,T-13,CHL,26',26,first half,0,1
G-0700,M-1966-12,T-51,P-87203,T-51,PRK,88',88,second half,0,0
G-0701,M-1966-14,T-58,P-07046,T-10,BGR,7',7,first half,1,0
G-0702,M-1966-14,T-58,P-74747,T-58,PRT,38',38,first half,0,0
G-0703,M-1966-14,T-58,P-68398,T-58,PRT,81',81,second half,0,0
G-0704,M-1966-15,T-72,P-38721,T-72,SUN,57',57,second half,0,0
G-0705,M-1966-16,T-28,P-08601,T-28,ENG,37',37,first half,0,0
G-0706,M-1966-16,T-28,P-33839,T-28,ENG,75',75,second half,0,0
G-0707,M-1966-18,T-03,P-47496,T-03,ARG,52',52,second half,0,0
G-0708,M-1966-18,T-03,P-20306,T-03,ARG,79',79,second half,0,0
G-0709,M-1966-19,T-58,P-60225,T-58,PRT,15',15,first half,0,0
G-0710,M-1966-19,T-58,P-74747,T-58,PRT,27',27,first half,0,0
G-0711,M-1966-19,T-09,P-84905,T-09,BRA,73',73,second half,0,0
G-0712,M-1966-19,T-58,P-74747,T-58,PRT,85',85,second half,0,0
G-0713,M-1966-20,T-51,P-64788,T-51,PRK,42',42,first half,0,0
G-0714,M-1966-21,T-28,P-33839,T-28,ENG,38',38,first half,0,0
G-0715,M-1966-21,T-28,P-33839,T-28,ENG,75',75,second half,0,0
G-0716,M-1966-22,T-73,P-53638,T-73,ESP,23',23,first half,0,0
G-0717,M-1966-22,T-86,P-32446,T-86,DEU,39',39,first half,0,0
G-0718,M-1966-22,T-86,P-64138,T-86,DEU,84',84,second half,0,0
G-0719,M-1966-23,T-10,P-72803,T-10,BGR,15',15,first half,0,0
G-0720,M-1966-23,T-36,P-92893,T-10,BGR,43',43,first half,1,0
G-0721,M-1966-23,T-36,P-95637,T-36,HUN,45',45,first half,0,0
G-0722,M-1966-23,T-36,P-82516,T-36,HUN,54',54,second half,0,0
G-0723,M-1966-24,T-72,P-53800,T-72,SUN,28',28,first half,0,0
G-0724,M-1966-24,T-13,P-83441,T-13,CHL,32',32,first half,0,0
G-0725,M-1966-24,T-72,P-53800,T-72,SUN,85',85,second half,0,0
G-0726,M-1966-25,T-28,P-34802,T-28,ENG,78',78,second half,0,0
G-0727,M-1966-26,T-51,P-87203,T-51,PRK,1',1,first half,0,0
G-0728,M-1966-26,T-51,P-45281,T-51,PRK,22',22,first half,0,0
G-0729,M-1966-26,T-51,P-59059,T-51,PRK,25',25,first half,0,0
G-0730,M-1966-26,T-58,P-74747,T-58,PRT,27',27,first half,0,0
G-0731,M-1966-26,T-58,P-74747,T-58,PRT,43',43,first half,0,1
G-0732,M-1966-26,T-58,P-74747,T-58,PRT,56',56,second half,0,0
G-0733,M-1966-26,T-58,P-74747,T-58,PRT,59',59,second half,0,1
G-0734,M-1966-26,T-58,P-67663,T-58,PRT,80',80,second half,0,0
G-0735,M-1966-27,T-72,P-38721,T-72,SUN,5',5,first half,0,0
G-0736,M-1966-27,T-72,P-53800,T-72,SUN,46',46,second half,0,0
G-0737,M-1966-27,T-36,P-82516,T-36,HUN,57',57,second half,0,0
G-0738,M-1966-28,T-86,P-12272,T-86,DEU,11',11,first half,0,0
G-0739,M-1966-28,T-86,P-72864,T-86,DEU,70',70,second half,0,0
G-0740,M-1966-28,T-86,P-64138,T-86,DEU,75',75,second half,0,0
G-0741,M-1966-28,T-86,P-12272,T-86,DEU,83',83,second half,0,0
G-0742,M-1966-29,T-86,P-12272,T-86,DEU,43',43,first half,0,0
G-0743,M-1966-29,T-86,P-72864,T-86,DEU,67',67,second half,0,0
G-0744,M-1966-29,T-72,P-53800,T-72,SUN,88',88,second half,0,0
G-0745,M-1966-30,T-28,P-08601,T-28,ENG,30',30,first half,0,0
G-0746,M-1966-30,T-28,P-08601,T-28,ENG,80',80,second half,0,0
G-0747,M-1966-30,T-58,P-74747,T-58,PRT,82',82,second half,0,1
G-0748,M-1966-31,T-58,P-74747,T-58,PRT,12',12,first half,0,1
G-0749,M-1966-31,T-72,P-83456,T-72,SUN,43',43,first half,0,0
G-0750,M-1966-31,T-58,P-68398,T-58,PRT,89',89,second half,0,0
G-0751,M-1966-32,T-86,P-12272,T-86,DEU,12',12,first half,0,0
G-0752,M-1966-32,T-28,P-34802,T-28,ENG,18',18,first half,0,0
G-0753,M-1966-32,T-28,P-34233,T-28,ENG,78',78,second half,0,0
G-0754,M-1966-32,T-86,P-11099,T-86,DEU,89',89,second half,0,0
G-0755,M-1966-32,T-28,P-34802,T-28,ENG,101',101,"extra time, first half",0,0
G-0756,M-1966-32,T-28,P-34802,T-28,ENG,120',120,"extra time, second half",0,0
G-0757,M-1970-02,T-84,P-40429,T-84,URY,23',23,first half,0,0
G-0758,M-1970-02,T-84,P-50162,T-84,URY,50',50,second half,0,0
G-0759,M-1970-03,T-28,P-34802,T-28,ENG,65',65,second half,0,0
G-0760,M-1970-04,T-10,P-06520,T-10,BGR,13',13,first half,0,0
G-0761,M-1970-04,T-10,P-63835,T-10,BGR,49',49,second half,0,0
G-0762,M-1970-04,T-56,P-03607,T-56,PER,50',50,second half,0,0
G-0763,M-1970-04,T-56,P-76522,T-56,PER,55',55,second half,0,0
G-0764,M-1970-04,T-56,P-96979,T-56,PER,73',73,second half,0,0
G-0765,M-1970-05,T-06,P-47829,T-06,BEL,12',12,first half,0,0
G-0766,M-1970-05,T-06,P-47829,T-06,BEL,54',54,second half,0,0
G-0767,M-1970-05,T-06,P-59854,T-06,BEL,76',76,second half,0,1
G-0768,M-1970-06,T-41,P-67671,T-41,ITA,10',10,first half,0,0
G-0769,M-1970-07,T-21,P-61272,T-21,CSK,11',11,first half,0,0
G-0770,M-1970-07,T-09,P-85778,T-09,BRA,24',24,first half,0,0
G-0771,M-1970-07,T-09,P-38906,T-09,BRA,59',59,second half,0,0
G-0772,M-1970-07,T-09,P-77430,T-09,BRA,61',61,second half,0,0
G-0773,M-1970-07,T-09,P-77430,T-09,BRA,83',83,second half,0,0
G-0774,M-1970-08,T-47,P-69368,T-47,MAR,21',21,first half,0,0
G-0775,M-1970-08,T-86,P-64138,T-86,DEU,56',56,second half,0,0
G-0776,M-1970-08,T-86,P-72441,T-86,DEU,80',80,second half,0,0
G-0777,M-1970-09,T-72,P-02102,T-72,SUN,14',14,first half,0,0
G-0778,M-1970-09,T-72,P-33189,T-72,SUN,57',57,second half,0,0
G-0779,M-1970-09,T-72,P-02102,T-72,SUN,63',63,second half,0,0
G-0780,M-1970-09,T-72,P-98262,T-72,SUN,76',76,second half,0,0
G-0781,M-1970-09,T-06,P-59854,T-06,BEL,86',86,second half,0,0
G-0782,M-1970-11,T-21,P-61272,T-21,CSK,5',5,first half,0,0
G-0783,M-1970-11,T-61,P-50489,T-61,ROU,52',52,second half,0,0
G-0784,M-1970-11,T-61,P-51434,T-61,ROU,75',75,second half,0,1
G-0785,M-1970-12,T-56,P-96979,T-56,PER,65',65,second half,0,0
G-0786,M-1970-12,T-56,P-19550,T-56,PER,67',67,second half,0,0
G-0787,M-1970-12,T-56,P-96979,T-56,PER,75',75,second half,0,0
G-0788,M-1970-13,T-46,P-07812,T-46,MEX,45',45,first half,0,0
G-0789,M-1970-13,T-46,P-07812,T-46,MEX,46',46,second half,0,0
G-0790,M-1970-13,T-46,P-48001,T-46,MEX,58',58,second half,0,0
G-0791,M-1970-13,T-46,P-64207,T-46,MEX,83',83,second half,0,0
G-0792,M-1970-14,T-74,P-00746,T-74,SWE,53',53,second half,0,0
G-0793,M-1970-14,T-40,P-77834,T-40,ISR,56',56,second half,0,0
G-0794,M-1970-15,T-09,P-77430,T-09,BRA,59',59,second half,0,0
G-0795,M-1970-16,T-10,P-45469,T-10,BGR,12',12,first half,0,0
G-0796,M-1970-16,T-86,P-62529,T-86,DEU,20',20,first half,0,0
G-0797,M-1970-16,T-86,P-72441,T-86,DEU,27',27,first half,0,0
G-0798,M-1970-16,T-86,P-72441,T-86,DEU,52',52,second half,0,1
G-0799,M-1970-16,T-86,P-64138,T-86,DEU,67',67,second half,0,0
G-0800,M-1970-16,T-86,P-72441,T-86,DEU,88',88,second half,0,0
G-0801,M-1970-16,T-10,P-15241,T-10,BGR,89',89,second half,0,0
G-0802,M-1970-17,T-72,P-02102,T-72,SUN,51',51,second half,0,0
G-0803,M-1970-17,T-72,P-02102,T-72,SUN,74',74,second half,0,0
G-0804,M-1970-18,T-74,P-37575,T-74,SWE,90',90,second half,0,0
G-0805,M-1970-19,T-09,P-38906,T-09,BRA,19',19,first half,0,0
G-0806,M-1970-19,T-09,P-77430,T-09,BRA,22',22,first half,0,0
G-0807,M-1970-19,T-61,P-51434,T-61,ROU,34',34,first half,0,0
G-0808,M-1970-19,T-09,P-38906,T-09,BRA,67',67,second half,0,0
G-0809,M-1970-19,T-61,P-02403,T-61,ROU,84',84,second half,0,0
G-0810,M-1970-20,T-86,P-72441,T-86,DEU,19',19,first half,0,0
G-0811,M-1970-20,T-86,P-72441,T-86,DEU,26',26,first half,0,0
G-0812,M-1970-20,T-86,P-72441,T-86,DEU,39',39,first half,0,0
G-0813,M-1970-20,T-56,P-96979,T-56,PER,44',44,first half,0,0
G-0814,M-1970-21,T-46,P-64553,T-46,MEX,14',14,first half,0,1
G-0815,M-1970-23,T-28,P-52978,T-28,ENG,50',50,second half,0,1
G-0816,M-1970-24,T-10,P-01172,T-10,BGR,40',40,first half,0,0
G-0817,M-1970-24,T-47,P-85379,T-47,MAR,61',61,second half,0,0
G-0818,M-1970-25,T-09,P-85778,T-09,BRA,11',11,first half,0,0
G-0819,M-1970-25,T-09,P-53202,T-09,BRA,15',15,first half,0,0
G-0820,M-1970-25,T-56,P-03607,T-56,PER,28',28,first half,0,0
G-0821,M-1970-25,T-09,P-53202,T-09,BRA,52',52,second half,0,0
G-0822,M-1970-25,T-56,P-96979,T-56,PER,70',70,second half,0,0
G-0823,M-1970-25,T-09,P-77430,T-09,BRA,75',75,second half,0,0
G-0824,M-1970-26,T-46,P-13602,T-46,MEX,13',13,first half,0,0
G-0825,M-1970-26,T-41,P-38555,T-46,MEX,25',25,first half,1,0
G-0826,M-1970-26,T-41,P-00119,T-41,ITA,63',63,second half,0,0
G-0827,M-1970-26,T-41,P-62214,T-41,ITA,70',70,second half,0,0
G-0828,M-1970-26,T-41,P-00119,T-41,ITA,76',76,second half,0,0
G-0829,M-1970-27,T-84,P-99710,T-84,URY,117',117,"extra time, second half",0,0
G-0830,M-1970-28,T-28,P-62668,T-28,ENG,31',31,first half,0,0
G-0831,M-1970-28,T-28,P-34233,T-28,ENG,49',49,second half,0,0
G-0832,M-1970-28,T-86,P-72864,T-86,DEU,68',68,second half,0,0
G-0833,M-1970-28,T-86,P-64138,T-86,DEU,82',82,second half,0,0
G-0834,M-1970-28,T-86,P-72441,T-86,DEU,108',108,"extra time, second half",0,0
G-0835,M-1970-29,T-84,P-81929,T-84,URY,19',19,first half,0,0
G-0836,M-1970-29,T-09,P-14923,T-09,BRA,44',44,first half,0,0
G-0837,M-1970-29,T-09,P-77430,T-09,BRA,76',76,second half,0,0
G-0838,M-1970-29,T-09,P-85778,T-09,BRA,89',89,second half,0,0
G-0839,M-1970-30,T-41,P-92154,T-41,ITA,8',8,first half,0,0
G-0840,M-1970-30,T-86,P-93072,T-86,DEU,90',90,second half,0,0
G-0841,M-1970-30,T-86,P-72441,T-86,DEU,94',94,"extra time, first half",0,0
G-0842,M-1970-30,T-41,P-42540,T-41,ITA,98',98,"extra time, first half",0,0
G-0843,M-1970-30,T-41,P-00119,T-41,ITA,104',104,"extra time, first half",0,0
G-0844,M-1970-30,T-86,P-72441,T-86,DEU,110',110,"extra time, second half",0,0
G-0845,M-1970-30,T-41,P-62214,T-41,ITA,111',111,"extra time, second half",0,0
G-0846,M-1970-31,T-86,P-60896,T-86,DEU,26',26,first half,0,0
G-0847,M-1970-32,T-09,P-38906,T-09,BRA,18',18,first half,0,0
G-0848,M-1970-32,T-41,P-92154,T-41,ITA,37',37,first half,0,0
G-0849,M-1970-32,T-09,P-04354,T-09,BRA,66',66,second half,0,0
G-0850,M-1970-32,T-09,P-77430,T-09,BRA,71',71,second half,0,0
G-0851,M-1970-32,T-09,P-25829,T-09,BRA,86',86,second half,0,0
G-0852,M-1974-02,T-86,P-48686,T-86,DEU,18',18,first half,0,0
G-0853,M-1974-03,T-24,P-39161,T-04,AUS,58',58,second half,1,0
G-0854,M-1974-03,T-24,P-91963,T-24,DDR,72',72,second half,0,0
G-0855,M-1974-04,T-64,P-21810,T-64,SCO,26',26,first half,0,0
G-0856,M-1974-04,T-64,P-22480,T-64,SCO,34',34,first half,0,0
G-0857,M-1974-06,T-48,P-89554,T-48,NLD,7',7,first half,0,0
G-0858,M-1974-06,T-48,P-89554,T-48,NLD,86',86,second half,0,0
G-0859,M-1974-07,T-34,P-32958,T-34,HTI,46',46,second half,0,0
G-0860,M-1974-07,T-41,P-62214,T-41,ITA,52',52,second half,0,0
G-0861,M-1974-07,T-41,P-12030,T-41,ITA,66',66,second half,0,0
G-0862,M-1974-07,T-41,P-32265,T-41,ITA,79',79,second half,0,0
G-0863,M-1974-08,T-57,P-21597,T-57,POL,7',7,first half,0,0
G-0864,M-1974-08,T-57,P-92867,T-57,POL,8',8,first half,0,0
G-0865,M-1974-08,T-03,P-82218,T-03,ARG,60',60,second half,0,0
G-0866,M-1974-08,T-57,P-21597,T-57,POL,62',62,second half,0,0
G-0867,M-1974-08,T-03,P-33365,T-03,ARG,66',66,second half,0,0
G-0868,M-1974-09,T-86,P-60896,T-86,DEU,12',12,first half,0,0
G-0869,M-1974-09,T-86,P-44313,T-86,DEU,34',34,first half,0,0
G-0870,M-1974-09,T-86,P-72441,T-86,DEU,53',53,second half,0,0
G-0871,M-1974-10,T-24,P-57624,T-24,DDR,55',55,second half,0,0
G-0872,M-1974-10,T-13,P-34039,T-13,CHL,69',69,second half,0,0
G-0873,M-1974-12,T-87,P-74389,T-87,YUG,8',8,first half,0,0
G-0874,M-1974-12,T-87,P-88088,T-87,YUG,14',14,first half,0,0
G-0875,M-1974-12,T-87,P-28747,T-87,YUG,18',18,first half,0,0
G-0876,M-1974-12,T-87,P-20553,T-87,YUG,22',22,first half,0,0
G-0877,M-1974-12,T-87,P-74389,T-87,YUG,30',30,first half,0,0
G-0878,M-1974-12,T-87,P-29556,T-87,YUG,35',35,first half,0,0
G-0879,M-1974-12,T-87,P-26214,T-87,YUG,61',61,second half,0,0
G-0880,M-1974-12,T-87,P-46434,T-87,YUG,65',65,second half,0,0
G-0881,M-1974-12,T-87,P-74389,T-87,YUG,81',81,second half,0,0
G-0882,M-1974-13,T-10,P-63835,T-10,BGR,75',75,second half,0,0
G-0883,M-1974-13,T-84,P-46047,T-84,URY,87',87,second half,0,0
G-0884,M-1974-15,T-03,P-04739,T-03,ARG,20',20,first half,0,0
G-0885,M-1974-15,T-41,P-94783,T-03,ARG,35',35,first half,1,0
G-0886,M-1974-16,T-57,P-21597,T-57,POL,17',17,first half,0,0
G-0887,M-1974-16,T-57,P-29548,T-57,POL,18',18,first half,0,0
G-0888,M-1974-16,T-57,P-92867,T-57,POL,30',30,first half,0,0
G-0889,M-1974-16,T-57,P-95634,T-57,POL,31',31,first half,0,0
G-0890,M-1974-16,T-57,P-92867,T-57,POL,34',34,first half,0,0
G-0891,M-1974-16,T-57,P-92867,T-57,POL,50',50,second half,0,0
G-0892,M-1974-16,T-57,P-21597,T-57,POL,87',87,second half,0,0
G-0893,M-1974-18,T-87,P-80725,T-87,YUG,81',81,second half,0,0
G-0894,M-1974-18,T-64,P-22480,T-64,SCO,88',88,second half,0,0
G-0895,M-1974-19,T-09,P-77430,T-09,BRA,12',12,first half,0,0
G-0896,M-1974-19,T-09,P-85778,T-09,BRA,66',66,second half,0,0
G-0897,M-1974-19,T-09,P-89117,T-09,BRA,79',79,second half,0,0
G-0898,M-1974-20,T-24,P-27040,T-24,DDR,77',77,second half,0,0
G-0899,M-1974-21,T-48,P-16991,T-48,NLD,5',5,first half,0,1
G-0900,M-1974-21,T-48,P-16991,T-48,NLD,44',44,first half,0,1
G-0901,M-1974-21,T-48,P-89554,T-48,NLD,71',71,second half,0,0
G-0902,M-1974-21,T-10,P-31830,T-48,NLD,78',78,second half,1,0
G-0903,M-1974-21,T-48,P-43188,T-48,NLD,88',88,second half,0,0
G-0904,M-1974-22,T-74,P-39318,T-74,SWE,46',46,second half,0,0
G-0905,M-1974-22,T-74,P-94413,T-74,SWE,74',74,second half,0,0
G-0906,M-1974-22,T-74,P-39318,T-74,SWE,77',77,second half,0,0
G-0907,M-1974-23,T-03,P-82033,T-03,ARG,15',15,first half,0,0
G-0908,M-1974-23,T-03,P-04739,T-03,ARG,18',18,first half,0,0
G-0909,M-1974-23,T-03,P-30957,T-03,ARG,55',55,second half,0,0
G-0910,M-1974-23,T-34,P-32958,T-34,HTI,63',63,second half,0,0
G-0911,M-1974-23,T-03,P-82033,T-03,ARG,68',68,second half,0,0
G-0912,M-1974-24,T-57,P-92867,T-57,POL,38',38,first half,0,0
G-0913,M-1974-24,T-57,P-29548,T-57,POL,44',44,first half,0,0
G-0914,M-1974-24,T-41,P-93703,T-41,ITA,85',85,second half,0,0
G-0915,M-1974-25,T-86,P-48686,T-86,DEU,39',39,first half,0,0
G-0916,M-1974-25,T-86,P-72441,T-86,DEU,82',82,second half,0,0
G-0917,M-1974-26,T-09,P-85778,T-09,BRA,60',60,second half,0,0
G-0918,M-1974-27,T-48,P-50564,T-48,NLD,11',11,first half,0,0
G-0919,M-1974-27,T-48,P-31830,T-48,NLD,25',25,first half,0,0
G-0920,M-1974-27,T-48,P-89554,T-48,NLD,73',73,second half,0,0
G-0921,M-1974-27,T-48,P-50564,T-48,NLD,90',90,second half,0,0
G-0922,M-1974-28,T-57,P-21597,T-57,POL,43',43,first half,0,0
G-0923,M-1974-29,T-09,P-85778,T-09,BRA,32',32,first half,0,0
G-0924,M-1974-29,T-03,P-79103,T-03,ARG,35',35,first half,0,0
G-0925,M-1974-29,T-09,P-77430,T-09,BRA,49',49,second half,0,0
G-0926,M-1974-30,T-48,P-16991,T-48,NLD,7',7,first half,0,0
G-0927,M-1974-30,T-48,P-63266,T-48,NLD,59',59,second half,0,0
G-0928,M-1974-31,T-57,P-29548,T-57,POL,24',24,first half,0,1
G-0929,M-1974-31,T-87,P-80725,T-87,YUG,43',43,first half,0,0
G-0930,M-1974-31,T-57,P-21597,T-57,POL,62',62,second half,0,0
G-0931,M-1974-32,T-74,P-39318,T-74,SWE,24',24,first half,0,0
G-0932,M-1974-32,T-86,P-60896,T-86,DEU,51',51,second half,0,0
G-0933,M-1974-32,T-86,P-41102,T-86,DEU,52',52,second half,0,0
G-0934,M-1974-32,T-74,P-94413,T-74,SWE,53',53,second half,0,0
G-0935,M-1974-32,T-86,P-48733,T-86,DEU,76',76,second half,0,0
G-0936,M-1974-32,T-86,P-92173,T-86,DEU,89',89,second half,0,1
G-0937,M-1974-33,T-86,P-72441,T-86,DEU,76',76,second half,0,0
G-0938,M-1974-34,T-24,P-91963,T-24,DDR,14',14,first half,0,0
G-0939,M-1974-34,T-03,P-04739,T-03,ARG,20',20,first half,0,0
G-0940,M-1974-35,T-48,P-16991,T-48,NLD,50',50,second half,0,0
G-0941,M-1974-35,T-48,P-50564,T-48,NLD,65',65,second half,0,0
G-0942,M-1974-36,T-87,P-28747,T-87,YUG,27',27,first half,0,0
G-0943,M-1974-36,T-74,P-39318,T-74,SWE,29',29,first half,0,0
G-0944,M-1974-36,T-74,P-52989,T-74,SWE,85',85,second half,0,0
G-0945,M-1974-37,T-57,P-21597,T-57,POL,76',76,second half,0,0
G-0946,M-1974-38,T-48,P-16991,T-48,NLD,2',2,first half,0,1
G-0947,M-1974-38,T-86,P-48686,T-86,DEU,25',25,first half,0,1
G-0948,M-1974-38,T-86,P-72441,T-86,DEU,43',43,first half,0,0
G-0949,M-1978-02,T-30,P-16067,T-30,FRA,1',1,first half,0,0
G-0950,M-1978-02,T-41,P-91717,T-41,ITA,29',29,first half,0,0
G-0951,M-1978-02,T-41,P-17293,T-41,ITA,54',54,second half,0,0
G-0952,M-1978-03,T-46,P-84173,T-46,MEX,45',45,first half,0,1
G-0953,M-1978-03,T-79,P-10069,T-79,TUN,55',55,second half,0,0
G-0954,M-1978-03,T-79,P-66055,T-79,TUN,79',79,second half,0,0
G-0955,M-1978-03,T-79,P-32712,T-79,TUN,87',87,second half,0,0
G-0956,M-1978-04,T-36,P-17566,T-36,HUN,9',9,first half,0,0
G-0957,M-1978-04,T-03,P-26640,T-03,ARG,14',14,first half,0,0
G-0958,M-1978-04,T-03,P-61157,T-03,ARG,83',83,second half,0,0
G-0959,M-1978-05,T-05,P-99989,T-05,AUT,10',10,first half,0,0
G-0960,M-1978-05,T-73,P-40352,T-73,ESP,21',21,first half,0,0
G-0961,M-1978-05,T-05,P-52271,T-05,AUT,76',76,second half,0,0
G-0962,M-1978-06,T-74,P-61240,T-74,SWE,37',37,first half,0,0
G-0963,M-1978-06,T-09,P-84320,T-09,BRA,45',45,first half,0,0
G-0964,M-1978-07,T-48,P-63266,T-48,NLD,40',40,first half,0,1
G-0965,M-1978-07,T-48,P-63266,T-48,NLD,62',62,second half,0,0
G-0966,M-1978-07,T-48,P-63266,T-48,NLD,78',78,second half,0,1
G-0967,M-1978-08,T-64,P-22480,T-64,SCO,14',14,first half,0,0
G-0968,M-1978-08,T-56,P-23639,T-56,PER,43',43,first half,0,0
G-0969,M-1978-08,T-56,P-96979,T-56,PER,71',71,second half,0,0
G-0970,M-1978-08,T-56,P-96979,T-56,PER,77',77,second half,0,0
G-0971,M-1978-09,T-41,P-91717,T-41,ITA,34',34,first half,0,0
G-0972,M-1978-09,T-41,P-57787,T-41,ITA,35',35,first half,0,0
G-0973,M-1978-09,T-41,P-12030,T-41,ITA,61',61,second half,0,0
G-0974,M-1978-09,T-36,P-05262,T-36,HUN,81',81,second half,0,1
G-0975,M-1978-10,T-57,P-21597,T-57,POL,43',43,first half,0,0
G-0976,M-1978-11,T-86,P-34993,T-86,DEU,15',15,first half,0,0
G-0977,M-1978-11,T-86,P-95747,T-86,DEU,30',30,first half,0,0
G-0978,M-1978-11,T-86,P-59574,T-86,DEU,38',38,first half,0,0
G-0979,M-1978-11,T-86,P-15681,T-86,DEU,44',44,first half,0,0
G-0980,M-1978-11,T-86,P-59574,T-86,DEU,73',73,second half,0,0
G-0981,M-1978-11,T-86,P-15681,T-86,DEU,89',89,second half,0,0
G-0982,M-1978-12,T-03,P-80376,T-03,ARG,45',45,first half,0,1
G-0983,M-1978-12,T-30,P-08939,T-30,FRA,60',60,second half,0,0
G-0984,M-1978-12,T-03,P-26640,T-03,ARG,73',73,second half,0,0
G-0985,M-1978-13,T-05,P-52271,T-05,AUT,42',42,first half,0,1
G-0986,M-1978-16,T-64,P-61698,T-38,IRN,43',43,first half,1,0
G-0987,M-1978-16,T-38,P-76170,T-38,IRN,60',60,second half,0,0
G-0988,M-1978-17,T-30,P-90883,T-30,FRA,23',23,first half,0,0
G-0989,M-1978-17,T-30,P-27315,T-30,FRA,38',38,first half,0,0
G-0990,M-1978-17,T-36,P-12183,T-36,HUN,41',41,first half,0,0
G-0991,M-1978-17,T-30,P-99991,T-30,FRA,42',42,first half,0,0
G-0992,M-1978-18,T-57,P-03652,T-57,POL,43',43,first half,0,0
G-0993,M-1978-18,T-46,P-64532,T-46,MEX,52',52,second half,0,0
G-0994,M-1978-18,T-57,P-29548,T-57,POL,56',56,second half,0,0
G-0995,M-1978-18,T-57,P-03652,T-57,POL,84',84,second half,0,0
G-0996,M-1978-20,T-41,P-57787,T-41,ITA,67',67,second half,0,0
G-0997,M-1978-21,T-09,P-86942,T-09,BRA,40',40,first half,0,0
G-0998,M-1978-22,T-73,P-57837,T-73,ESP,75',75,second half,0,0
G-0999,M-1978-23,T-56,P-72529,T-56,PER,2',2,first half,0,0
G-1000,M-1978-23,T-56,P-96979,T-56,PER,36',36,first half,0,1
G-1001,M-1978-23,T-56,P-96979,T-56,PER,39',39,first half,0,1
G-1002,M-1978-23,T-38,P-36867,T-38,IRN,41',41,first half,0,0
G-1003,M-1978-23,T-56,P-96979,T-56,PER,79',79,second half,0,0
G-1004,M-1978-24,T-48,P-63266,T-48,NLD,34',34,first half,0,1
G-1005,M-1978-24,T-64,P-68584,T-64,SCO,45',45,first half,0,0
G-1006,M-1978-24,T-64,P-16479,T-64,SCO,46',46,second half,0,1
G-1007,M-1978-24,T-64,P-16479,T-64,SCO,68',68,second half,0,0
G-1008,M-1978-24,T-48,P-89554,T-48,NLD,71',71,second half,0,0
G-1009,M-1978-25,T-48,P-82670,T-48,NLD,6',6,first half,0,0
G-1010,M-1978-25,T-48,P-63266,T-48,NLD,35',35,first half,0,1
G-1011,M-1978-25,T-48,P-89554,T-48,NLD,36',36,first half,0,0
G-1012,M-1978-25,T-48,P-89554,T-48,NLD,53',53,second half,0,0
G-1013,M-1978-25,T-05,P-61365,T-05,AUT,80',80,second half,0,0
G-1014,M-1978-25,T-48,P-48712,T-48,NLD,82',82,second half,0,0
G-1015,M-1978-27,T-09,P-89519,T-09,BRA,15',15,first half,0,0
G-1016,M-1978-27,T-09,P-89519,T-09,BRA,27',27,first half,0,0
G-1017,M-1978-27,T-09,P-37483,T-09,BRA,72',72,second half,0,1
G-1018,M-1978-28,T-03,P-35082,T-03,ARG,16',16,first half,0,0
G-1019,M-1978-28,T-03,P-35082,T-03,ARG,71',71,second half,0,0
G-1020,M-1978-29,T-57,P-92867,T-57,POL,65',65,second half,0,0
G-1021,M-1978-30,T-41,P-91717,T-41,ITA,13',13,first half,0,0
G-1022,M-1978-31,T-86,P-64134,T-86,DEU,3',3,first half,0,0
G-1023,M-1978-31,T-48,P-01582,T-48,NLD,27',27,first half,0,0
G-1024,M-1978-31,T-86,P-34993,T-86,DEU,70',70,second half,0,0
G-1025,M-1978-31,T-48,P-25337,T-48,NLD,82',82,second half,0,0
G-1026,M-1978-33,T-86,P-59574,T-86,DEU,19',19,first half,0,0
G-1027,M-1978-33,T-05,P-69695,T-86,DEU,59',59,second half,1,0
G-1028,M-1978-33,T-05,P-52271,T-05,AUT,66',66,second half,0,0
G-1029,M-1978-33,T-86,P-35602,T-86,DEU,68',68,second half,0,0
G-1030,M-1978-33,T-05,P-52271,T-05,AUT,87',87,second half,0,0
G-1031,M-1978-34,T-41,P-82670,T-48,NLD,19',19,first half,1,0
G-1032,M-1978-34,T-48,P-82670,T-48,NLD,49',49,second half,0,0
G-1033,M-1978-34,T-48,P-01582,T-48,NLD,76',76,second half,0,0
G-1034,M-1978-35,T-09,P-48382,T-09,BRA,13',13,first half,0,0
G-1035,M-1978-35,T-57,P-21597,T-57,POL,45',45,first half,0,0
G-1036,M-1978-35,T-09,P-86942,T-09,BRA,58',58,second half,0,0
G-1037,M-1978-35,T-09,P-86942,T-09,BRA,63',63,second half,0,0
G-1038,M-1978-36,T-03,P-35082,T-03,ARG,21',21,first half,0,0
G-1039,M-1978-36,T-03,P-54098,T-03,ARG,43',43,first half,0,0
G-1040,M-1978-36,T-03,P-35082,T-03,ARG,49',49,second half,0,0
G-1041,M-1978-36,T-03,P-26640,T-03,ARG,50',50,second half,0,0
G-1042,M-1978-36,T-03,P-04739,T-03,ARG,67',67,second half,0,0
G-1043,M-1978-36,T-03,P-26640,T-03,ARG,72',72,second half,0,0
G-1044,M-1978-37,T-41,P-44349,T-41,ITA,38',38,first half,0,0
G-1045,M-1978-37,T-09,P-48382,T-09,BRA,64',64,second half,0,0
G-1046,M-1978-37,T-09,P-89519,T-09,BRA,71',71,second half,0,0
G-1047,M-1978-38,T-03,P-35082,T-03,ARG,38',38,first half,0,0
G-1048,M-1978-38,T-48,P-48111,T-48,NLD,82',82,second half,0,0
G-1049,M-1978-38,T-03,P-35082,T-03,ARG,105',105,"extra time, first half",0,0
G-1050,M-1978-38,T-03,P-61157,T-03,ARG,115',115,"extra time, second half",0,0
G-1051,M-1982-01,T-06,P-06736,T-06,BEL,62',62,second half,0,0
G-1052,M-1982-03,T-72,P-27460,T-72,SUN,34',34,first half,0,0
G-1053,M-1982-03,T-09,P-78605,T-09,BRA,75',75,second half,0,0
G-1054,M-1982-03,T-09,P-39132,T-09,BRA,88',88,second half,0,0
G-1055,M-1982-05,T-36,P-34326,T-36,HUN,4',4,first half,0,0
G-1056,M-1982-05,T-36,P-60461,T-36,HUN,11',11,first half,0,0
G-1057,M-1982-05,T-36,P-99185,T-36,HUN,23',23,first half,0,0
G-1058,M-1982-05,T-36,P-42012,T-36,HUN,50',50,second half,0,0
G-1059,M-1982-05,T-36,P-99185,T-36,HUN,54',54,second half,0,0
G-1060,M-1982-05,T-27,P-41807,T-27,SLV,64',64,second half,0,0
G-1061,M-1982-05,T-36,P-53791,T-36,HUN,69',69,second half,0,0
G-1062,M-1982-05,T-36,P-34354,T-36,HUN,70',70,second half,0,0
G-1063,M-1982-05,T-36,P-53791,T-36,HUN,72',72,second half,0,0
G-1064,M-1982-05,T-36,P-53791,T-36,HUN,76',76,second half,0,0
G-1065,M-1982-05,T-36,P-34326,T-36,HUN,83',83,second half,0,0
G-1066,M-1982-06,T-64,P-68584,T-64,SCO,18',18,first half,0,0
G-1067,M-1982-06,T-64,P-11027,T-64,SCO,29',29,first half,0,0
G-1068,M-1982-06,T-64,P-11027,T-64,SCO,32',32,first half,0,0
G-1069,M-1982-06,T-49,P-23450,T-49,NZL,54',54,second half,0,0
G-1070,M-1982-06,T-49,P-50194,T-49,NZL,64',64,second half,0,0
G-1071,M-1982-06,T-64,P-96391,T-64,SCO,73',73,second half,0,0
G-1072,M-1982-06,T-64,P-56094,T-64,SCO,79',79,second half,0,0
G-1073,M-1982-07,T-01,P-45774,T-01,DZA,54',54,second half,0,0
G-1074,M-1982-07,T-86,P-59574,T-86,DEU,67',67,second half,0,0
G-1075,M-1982-07,T-01,P-59774,T-01,DZA,68',68,second half,0,0
G-1076,M-1982-08,T-28,P-02675,T-28,ENG,1',1,first half,0,0
G-1077,M-1982-08,T-30,P-06095,T-30,FRA,24',24,first half,0,0
G-1078,M-1982-08,T-28,P-02675,T-28,ENG,67',67,second half,0,0
G-1079,M-1982-08,T-28,P-83210,T-28,ENG,83',83,second half,0,0
G-1080,M-1982-09,T-35,P-10770,T-35,HND,8',8,first half,0,0
G-1081,M-1982-09,T-73,P-65283,T-73,ESP,65',65,second half,0,1
G-1082,M-1982-10,T-05,P-99989,T-05,AUT,22',22,first half,0,0
G-1083,M-1982-11,T-21,P-19209,T-21,CSK,21',21,first half,0,1
G-1084,M-1982-11,T-45,P-33410,T-45,KWT,57',57,second half,0,0
G-1085,M-1982-13,T-41,P-66365,T-41,ITA,18',18,first half,0,0
G-1086,M-1982-13,T-56,P-93346,T-56,PER,83',83,second half,0,0
G-1087,M-1982-14,T-03,P-61157,T-03,ARG,26',26,first half,0,0
G-1088,M-1982-14,T-03,P-80404,T-03,ARG,28',28,first half,0,0
G-1089,M-1982-14,T-03,P-80404,T-03,ARG,57',57,second half,0,0
G-1090,M-1982-14,T-03,P-66254,T-03,ARG,60',60,second half,0,0
G-1091,M-1982-14,T-36,P-60461,T-36,HUN,76',76,second half,0,0
G-1092,M-1982-15,T-64,P-12472,T-64,SCO,18',18,first half,0,0
G-1093,M-1982-15,T-09,P-37483,T-09,BRA,33',33,first half,0,0
G-1094,M-1982-15,T-09,P-69644,T-09,BRA,48',48,second half,0,0
G-1095,M-1982-15,T-09,P-39132,T-09,BRA,63',63,second half,0,0
G-1096,M-1982-15,T-09,P-35736,T-09,BRA,87',87,second half,0,0
G-1097,M-1982-17,T-06,P-94036,T-06,BEL,19',19,first half,0,0
G-1098,M-1982-18,T-72,P-18718,T-72,SUN,24',24,first half,0,0
G-1099,M-1982-18,T-72,P-03282,T-72,SUN,48',48,second half,0,0
G-1100,M-1982-18,T-72,P-47456,T-72,SUN,68',68,second half,0,0
G-1101,M-1982-19,T-86,P-59574,T-86,DEU,9',9,first half,0,0
G-1102,M-1982-19,T-86,P-59574,T-86,DEU,57',57,second half,0,0
G-1103,M-1982-19,T-86,P-59574,T-86,DEU,66',66,second half,0,0
G-1104,M-1982-19,T-86,P-40743,T-86,DEU,81',81,second half,0,0
G-1105,M-1982-19,T-13,P-56491,T-13,CHL,90',90,second half,0,0
G-1106,M-1982-20,T-28,P-65224,T-28,ENG,62',62,second half,0,0
G-1107,M-1982-20,T-28,P-55121,T-21,CSK,66',66,second half,1,0
G-1108,M-1982-21,T-87,P-96969,T-87,YUG,10',10,first half,0,0
G-1109,M-1982-21,T-73,P-03571,T-73,ESP,14',14,first half,0,1
G-1110,M-1982-21,T-73,P-24553,T-73,ESP,66',66,second half,0,0
G-1111,M-1982-22,T-05,P-99989,T-05,AUT,55',55,second half,0,0
G-1112,M-1982-22,T-05,P-52271,T-05,AUT,67',67,second half,0,0
G-1113,M-1982-23,T-30,P-05511,T-30,FRA,31',31,first half,0,0
G-1114,M-1982-23,T-30,P-08939,T-30,FRA,43',43,first half,0,0
G-1115,M-1982-23,T-30,P-74565,T-30,FRA,48',48,second half,0,0
G-1116,M-1982-23,T-45,P-49203,T-45,KWT,75',75,second half,0,0
G-1117,M-1982-23,T-30,P-03719,T-30,FRA,89',89,second half,0,0
G-1118,M-1982-24,T-52,P-96985,T-52,NIR,10',10,first half,0,0
G-1119,M-1982-24,T-35,P-17413,T-35,HND,60',60,second half,0,0
G-1120,M-1982-25,T-57,P-57931,T-57,POL,55',55,second half,0,0
G-1121,M-1982-25,T-57,P-21597,T-57,POL,58',58,second half,0,0
G-1122,M-1982-25,T-57,P-03652,T-57,POL,61',61,second half,0,0
G-1123,M-1982-25,T-57,P-40684,T-57,POL,68',68,second half,0,0
G-1124,M-1982-25,T-57,P-91411,T-57,POL,76',76,second half,0,0
G-1125,M-1982-25,T-56,P-42136,T-56,PER,83',83,second half,0,0
G-1126,M-1982-26,T-36,P-51494,T-36,HUN,27',27,first half,0,0
G-1127,M-1982-26,T-06,P-88070,T-06,BEL,76',76,second half,0,0
G-1128,M-1982-27,T-64,P-22480,T-64,SCO,15',15,first half,0,0
G-1129,M-1982-27,T-72,P-66593,T-72,SUN,59',59,second half,0,0
G-1130,M-1982-27,T-72,P-93680,T-72,SUN,84',84,second half,0,0
G-1131,M-1982-27,T-64,P-91562,T-64,SCO,86',86,second half,0,0
G-1132,M-1982-28,T-41,P-16875,T-41,ITA,60',60,second half,0,0
G-1133,M-1982-28,T-11,P-32771,T-11,CMR,61',61,second half,0,0
G-1134,M-1982-29,T-03,P-80376,T-03,ARG,22',22,first half,0,1
G-1135,M-1982-29,T-03,P-61157,T-03,ARG,54',54,second half,0,0
G-1136,M-1982-30,T-09,P-37483,T-09,BRA,28',28,first half,0,0
G-1137,M-1982-30,T-09,P-37483,T-09,BRA,31',31,first half,0,0
G-1138,M-1982-30,T-09,P-35736,T-09,BRA,64',64,second half,0,0
G-1139,M-1982-30,T-09,P-20664,T-09,BRA,70',70,second half,0,0
G-1140,M-1982-31,T-01,P-40338,T-01,DZA,7',7,first half,0,0
G-1141,M-1982-31,T-01,P-40338,T-01,DZA,31',31,first half,0,0
G-1142,M-1982-31,T-01,P-68346,T-01,DZA,35',35,first half,0,0
G-1143,M-1982-31,T-13,P-71032,T-13,CHL,59',59,second half,0,1
G-1144,M-1982-31,T-13,P-43905,T-13,CHL,73',73,second half,0,0
G-1145,M-1982-32,T-30,P-74565,T-30,FRA,66',66,second half,0,0
G-1146,M-1982-32,T-21,P-19209,T-21,CSK,84',84,second half,0,1
G-1147,M-1982-33,T-87,P-43672,T-87,YUG,88',88,second half,0,1
G-1148,M-1982-34,T-86,P-89949,T-86,DEU,10',10,first half,0,0
G-1149,M-1982-35,T-28,P-65224,T-28,ENG,27',27,first half,0,0
G-1150,M-1982-36,T-52,P-96985,T-52,NIR,47',47,second half,0,0
G-1151,M-1982-37,T-30,P-05511,T-30,FRA,39',39,first half,0,0
G-1152,M-1982-38,T-57,P-03652,T-57,POL,4',4,first half,0,0
G-1153,M-1982-38,T-57,P-03652,T-57,POL,26',26,first half,0,0
G-1154,M-1982-38,T-57,P-03652,T-57,POL,53',53,second half,0,0
G-1155,M-1982-39,T-41,P-93788,T-41,ITA,57',57,second half,0,0
G-1156,M-1982-39,T-41,P-03775,T-41,ITA,67',67,second half,0,0
G-1157,M-1982-39,T-03,P-80376,T-03,ARG,83',83,second half,0,0
G-1158,M-1982-41,T-52,P-76882,T-52,NIR,27',27,first half,0,0
G-1159,M-1982-41,T-05,P-92720,T-05,AUT,50',50,second half,0,0
G-1160,M-1982-41,T-05,P-43037,T-05,AUT,68',68,second half,0,0
G-1161,M-1982-41,T-52,P-76882,T-52,NIR,75',75,second half,0,0
G-1162,M-1982-42,T-72,P-13514,T-72,SUN,48',48,second half,0,0
G-1163,M-1982-43,T-09,P-37483,T-09,BRA,11',11,first half,0,0
G-1164,M-1982-43,T-09,P-20664,T-09,BRA,66',66,second half,0,0
G-1165,M-1982-43,T-09,P-83096,T-09,BRA,75',75,second half,0,0
G-1166,M-1982-43,T-03,P-78111,T-03,ARG,89',89,second half,0,0
G-1167,M-1982-44,T-86,P-89975,T-86,DEU,50',50,second half,0,0
G-1168,M-1982-44,T-86,P-52461,T-86,DEU,75',75,second half,0,0
G-1169,M-1982-44,T-73,P-92317,T-73,ESP,82',82,second half,0,0
G-1170,M-1982-45,T-30,P-79617,T-30,FRA,33',33,first half,0,0
G-1171,M-1982-45,T-30,P-99991,T-30,FRA,46',46,second half,0,0
G-1172,M-1982-45,T-30,P-99991,T-30,FRA,68',68,second half,0,0
G-1173,M-1982-45,T-52,P-96985,T-52,NIR,75',75,second half,0,0
G-1174,M-1982-45,T-30,P-79617,T-30,FRA,80',80,second half,0,0
G-1175,M-1982-47,T-41,P-91717,T-41,ITA,5',5,first half,0,0
G-1176,M-1982-47,T-09,P-78605,T-09,BRA,12',12,first half,0,0
G-1177,M-1982-47,T-41,P-91717,T-41,ITA,25',25,first half,0,0
G-1178,M-1982-47,T-09,P-35736,T-09,BRA,68',68,second half,0,0
G-1179,M-1982-47,T-41,P-91717,T-41,ITA,74',74,second half,0,0
G-1180,M-1982-49,T-41,P-91717,T-41,ITA,22',22,first half,0,0
G-1181,M-1982-49,T-41,P-91717,T-41,ITA,73',73,second half,0,0
G-1182,M-1982-50,T-86,P-89975,T-86,DEU,17',17,first half,0,0
G-1183,M-1982-50,T-30,P-08939,T-30,FRA,26',26,first half,0,1
G-1184,M-1982-50,T-30,P-54040,T-30,FRA,92',92,"extra time, first half",0,0
G-1185,M-1982-50,T-30,P-79617,T-30,FRA,98',98,"extra time, first half",0,0
G-1186,M-1982-50,T-86,P-59574,T-86,DEU,102',102,"extra time, first half",0,0
G-1187,M-1982-50,T-86,P-52461,T-86,DEU,108',108,"extra time, second half",0,0
G-1188,M-1982-51,T-30,P-32542,T-30,FRA,13',13,first half,0,0
G-1189,M-1982-51,T-57,P-92867,T-57,POL,40',40,first half,0,0
G-1190,M-1982-51,T-57,P-01165,T-57,POL,44',44,first half,0,0
G-1191,M-1982-51,T-57,P-15890,T-57,POL,46',46,second half,0,0
G-1192,M-1982-51,T-30,P-13150,T-30,FRA,72',72,second half,0,0
G-1193,M-1982-52,T-41,P-91717,T-41,ITA,57',57,second half,0,0
G-1194,M-1982-52,T-41,P-93788,T-41,ITA,69',69,second half,0,0
G-1195,M-1982-52,T-41,P-46574,T-41,ITA,81',81,second half,0,0
G-1196,M-1982-52,T-86,P-48686,T-86,DEU,83',83,second half,0,0
G-1197,M-1986-01,T-41,P-46574,T-41,ITA,44',44,first half,0,0
G-1198,M-1986-01,T-10,P-05061,T-10,BGR,85',85,second half,0,0
G-1199,M-1986-02,T-09,P-78605,T-09,BRA,62',62,second half,0,0
G-1200,M-1986-03,T-30,P-31235,T-30,FRA,79',79,second half,0,0
G-1201,M-1986-04,T-03,P-02464,T-03,ARG,6',6,first half,0,0
G-1202,M-1986-04,T-03,P-79080,T-03,ARG,18',18,first half,0,0
G-1203,M-1986-04,T-03,P-02464,T-03,ARG,46',46,second half,0,0
G-1204,M-1986-04,T-71,P-99813,T-71,KOR,73',73,second half,0,0
G-1205,M-1986-05,T-72,P-33328,T-72,SUN,2',2,first half,0,0
G-1206,M-1986-05,T-72,P-86677,T-72,SUN,4',4,first half,0,0
G-1207,M-1986-05,T-72,P-10855,T-72,SUN,24',24,first half,0,1
G-1208,M-1986-05,T-72,P-34497,T-72,SUN,66',66,second half,0,0
G-1209,M-1986-05,T-72,P-52793,T-36,HUN,73',73,second half,1,0
G-1210,M-1986-05,T-72,P-05562,T-72,SUN,80',80,second half,0,0
G-1211,M-1986-07,T-46,P-28996,T-46,MEX,23',23,first half,0,0
G-1212,M-1986-07,T-46,P-26316,T-46,MEX,39',39,first half,0,0
G-1213,M-1986-07,T-06,P-06736,T-06,BEL,45',45,first half,0,0
G-1214,M-1986-08,T-52,P-62599,T-52,NIR,6',6,first half,0,0
G-1215,M-1986-08,T-01,P-42885,T-01,DZA,59',59,second half,0,0
G-1216,M-1986-09,T-58,P-81444,T-58,PRT,75',75,second half,0,0
G-1217,M-1986-10,T-55,P-73704,T-55,PRY,35',35,first half,0,0
G-1218,M-1986-11,T-84,P-68463,T-84,URY,4',4,first half,0,0
G-1219,M-1986-11,T-86,P-95392,T-86,DEU,84',84,second half,0,0
G-1220,M-1986-12,T-22,P-36502,T-22,DNK,57',57,second half,0,0
G-1221,M-1986-13,T-41,P-46574,T-41,ITA,6',6,first half,0,1
G-1222,M-1986-13,T-03,P-80404,T-03,ARG,34',34,first half,0,0
G-1223,M-1986-14,T-72,P-16126,T-72,SUN,53',53,second half,0,0
G-1224,M-1986-14,T-30,P-00643,T-30,FRA,62',62,second half,0,0
G-1225,M-1986-15,T-10,P-76141,T-10,BGR,11',11,first half,0,0
G-1226,M-1986-15,T-71,P-19309,T-71,KOR,70',70,second half,0,0
G-1227,M-1986-16,T-36,P-06745,T-36,HUN,2',2,first half,0,0
G-1228,M-1986-16,T-36,P-88653,T-36,HUN,75',75,second half,0,0
G-1229,M-1986-17,T-09,P-90635,T-09,BRA,66',66,second half,0,0
G-1230,M-1986-19,T-46,P-85837,T-46,MEX,3',3,first half,0,0
G-1231,M-1986-19,T-55,P-73704,T-55,PRY,85',85,second half,0,0
G-1232,M-1986-20,T-73,P-12940,T-73,ESP,1',1,first half,0,0
G-1233,M-1986-20,T-73,P-18314,T-73,ESP,18',18,first half,0,0
G-1234,M-1986-20,T-52,P-74529,T-52,NIR,46',46,second half,0,0
G-1235,M-1986-21,T-57,P-57931,T-57,POL,68',68,second half,0,0
G-1236,M-1986-22,T-06,P-97414,T-06,BEL,16',16,first half,0,0
G-1237,M-1986-22,T-06,P-47038,T-06,BEL,21',21,first half,0,1
G-1238,M-1986-22,T-39,P-37600,T-39,IRQ,59',59,second half,0,0
G-1239,M-1986-23,T-64,P-46604,T-64,SCO,18',18,first half,0,0
G-1240,M-1986-23,T-86,P-04572,T-86,DEU,23',23,first half,0,0
G-1241,M-1986-23,T-86,P-95392,T-86,DEU,49',49,second half,0,0
G-1242,M-1986-24,T-22,P-36502,T-22,DNK,11',11,first half,0,0
G-1243,M-1986-24,T-22,P-92595,T-22,DNK,41',41,first half,0,0
G-1244,M-1986-24,T-84,P-36582,T-84,URY,45',45,first half,0,1
G-1245,M-1986-24,T-22,P-56788,T-22,DNK,52',52,second half,0,0
G-1246,M-1986-24,T-22,P-36502,T-22,DNK,67',67,second half,0,0
G-1247,M-1986-24,T-22,P-36502,T-22,DNK,80',80,second half,0,0
G-1248,M-1986-24,T-22,P-21213,T-22,DNK,88',88,second half,0,0
G-1249,M-1986-25,T-30,P-22982,T-30,FRA,29',29,first half,0,0
G-1250,M-1986-25,T-30,P-76592,T-30,FRA,62',62,second half,0,0
G-1251,M-1986-25,T-30,P-99991,T-30,FRA,84',84,second half,0,0
G-1252,M-1986-26,T-72,P-03282,T-72,SUN,58',58,second half,0,0
G-1253,M-1986-26,T-72,P-27906,T-72,SUN,74',74,second half,0,0
G-1254,M-1986-27,T-03,P-02464,T-03,ARG,4',4,first half,0,0
G-1255,M-1986-27,T-03,P-95267,T-03,ARG,77',77,second half,0,0
G-1256,M-1986-28,T-41,P-46574,T-41,ITA,17',17,first half,0,0
G-1257,M-1986-28,T-71,P-51349,T-71,KOR,62',62,second half,0,0
G-1258,M-1986-28,T-41,P-46574,T-41,ITA,73',73,second half,0,0
G-1259,M-1986-28,T-41,P-45849,T-71,KOR,82',82,second half,1,0
G-1260,M-1986-28,T-71,P-64475,T-71,KOR,83',83,second half,0,0
G-1261,M-1986-29,T-46,P-28996,T-46,MEX,54',54,second half,0,0
G-1262,M-1986-30,T-06,P-26401,T-06,BEL,30',30,first half,0,0
G-1263,M-1986-30,T-55,P-29440,T-55,PRY,50',50,second half,0,0
G-1264,M-1986-30,T-06,P-24703,T-06,BEL,59',59,second half,0,0
G-1265,M-1986-30,T-55,P-29440,T-55,PRY,76',76,second half,0,0
G-1266,M-1986-31,T-28,P-36651,T-28,ENG,9',9,first half,0,0
G-1267,M-1986-31,T-28,P-36651,T-28,ENG,14',14,first half,0,0
G-1268,M-1986-31,T-28,P-36651,T-28,ENG,34',34,first half,0,0
G-1269,M-1986-32,T-47,P-21024,T-47,MAR,19',19,first half,0,0
G-1270,M-1986-32,T-47,P-21024,T-47,MAR,26',26,first half,0,0
G-1271,M-1986-32,T-47,P-32922,T-47,MAR,62',62,second half,0,0
G-1272,M-1986-32,T-58,P-88661,T-58,PRT,80',80,second half,0,0
G-1273,M-1986-33,T-73,P-14296,T-73,ESP,15',15,first half,0,0
G-1274,M-1986-33,T-73,P-14296,T-73,ESP,68',68,second half,0,0
G-1275,M-1986-33,T-73,P-74307,T-73,ESP,70',70,second half,0,0
G-1276,M-1986-34,T-09,P-90635,T-09,BRA,15',15,first half,0,0
G-1277,M-1986-34,T-09,P-79755,T-09,BRA,42',42,first half,0,0
G-1278,M-1986-34,T-09,P-90635,T-09,BRA,87',87,second half,0,0
G-1279,M-1986-35,T-22,P-21213,T-22,DNK,43',43,first half,0,1
G-1280,M-1986-35,T-22,P-92292,T-22,DNK,62',62,second half,0,0
G-1281,M-1986-37,T-46,P-66199,T-46,MEX,34',34,first half,0,0
G-1282,M-1986-37,T-46,P-89412,T-46,MEX,61',61,second half,0,0
G-1283,M-1986-38,T-72,P-10855,T-72,SUN,27',27,first half,0,0
G-1284,M-1986-38,T-06,P-97414,T-06,BEL,56',56,second half,0,0
G-1285,M-1986-38,T-72,P-10855,T-72,SUN,70',70,second half,0,0
G-1286,M-1986-38,T-06,P-25456,T-06,BEL,77',77,second half,0,0
G-1287,M-1986-38,T-06,P-95299,T-06,BEL,102',102,"extra time, first half",0,0
G-1288,M-1986-38,T-06,P-47038,T-06,BEL,110',110,"extra time, second half",0,0
G-1289,M-1986-38,T-72,P-10855,T-72,SUN,111',111,"extra time, second half",0,1
G-1290,M-1986-39,T-09,P-78605,T-09,BRA,30',30,first half,0,1
G-1291,M-1986-39,T-09,P-79755,T-09,BRA,55',55,second half,0,0
G-1292,M-1986-39,T-09,P-12950,T-09,BRA,79',79,second half,0,0
G-1293,M-1986-39,T-09,P-90635,T-09,BRA,83',83,second half,0,1
G-1294,M-1986-40,T-03,P-12666,T-03,ARG,42',42,first half,0,0
G-1295,M-1986-41,T-30,P-08939,T-30,FRA,15',15,first half,0,0
G-1296,M-1986-41,T-30,P-22982,T-30,FRA,57',57,second half,0,0
G-1297,M-1986-42,T-86,P-49502,T-86,DEU,87',87,second half,0,0
G-1298,M-1986-43,T-28,P-36651,T-28,ENG,31',31,first half,0,0
G-1299,M-1986-43,T-28,P-18335,T-28,ENG,56',56,second half,0,0
G-1300,M-1986-43,T-28,P-36651,T-28,ENG,73',73,second half,0,0
G-1301,M-1986-44,T-22,P-21213,T-22,DNK,33',33,first half,0,1
G-1302,M-1986-44,T-73,P-12940,T-73,ESP,43',43,first half,0,0
G-1303,M-1986-44,T-73,P-12940,T-73,ESP,56',56,second half,0,0
G-1304,M-1986-44,T-73,P-93792,T-73,ESP,68',68,second half,0,1
G-1305,M-1986-44,T-73,P-12940,T-73,ESP,80',80,second half,0,0
G-1306,M-1986-44,T-73,P-12940,T-73,ESP,88',88,second half,0,1
G-1307,M-1986-45,T-09,P-90635,T-09,BRA,17',17,first half,0,0
G-1308,M-1986-45,T-30,P-08939,T-30,FRA,40',40,first half,0,0
G-1309,M-1986-47,T-03,P-80404,T-03,ARG,51',51,second half,0,0
G-1310,M-1986-47,T-03,P-80404,T-03,ARG,55',55,second half,0,0
G-1311,M-1986-47,T-28,P-36651,T-28,ENG,81',81,second half,0,0
G-1312,M-1986-48,T-06,P-25456,T-06,BEL,35',35,first half,0,0
G-1313,M-1986-48,T-73,P-32414,T-73,ESP,85',85,second half,0,0
G-1314,M-1986-49,T-86,P-67713,T-86,DEU,9',9,first half,0,0
G-1315,M-1986-49,T-86,P-04572,T-86,DEU,90',90,second half,0,0
G-1316,M-1986-50,T-03,P-80404,T-03,ARG,51',51,second half,0,0
G-1317,M-1986-50,T-03,P-80404,T-03,ARG,63',63,second half,0,0
G-1318,M-1986-51,T-06,P-25456,T-06,BEL,11',11,first half,0,0
G-1319,M-1986-51,T-30,P-80821,T-30,FRA,27',27,first half,0,0
G-1320,M-1986-51,T-30,P-31235,T-30,FRA,43',43,first half,0,0
G-1321,M-1986-51,T-06,P-47038,T-06,BEL,73',73,second half,0,0
G-1322,M-1986-51,T-30,P-05511,T-30,FRA,104',104,"extra time, first half",0,0
G-1323,M-1986-51,T-30,P-69834,T-30,FRA,111',111,"extra time, second half",0,1
G-1324,M-1986-52,T-03,P-62815,T-03,ARG,23',23,first half,0,0
G-1325,M-1986-52,T-03,P-02464,T-03,ARG,56',56,second half,0,0
G-1326,M-1986-52,T-86,P-59574,T-86,DEU,74',74,second half,0,0
G-1327,M-1986-52,T-86,P-04572,T-86,DEU,81',81,second half,0,0
G-1328,M-1986-52,T-03,P-95267,T-03,ARG,84',84,second half,0,0
G-1329,M-1990-01,T-11,P-77989,T-11,CMR,67',67,second half,0,0
G-1330,M-1990-02,T-61,P-01137,T-61,ROU,41',41,first half,0,0
G-1331,M-1990-02,T-61,P-01137,T-61,ROU,55',55,second half,0,1
G-1332,M-1990-03,T-16,P-02405,T-16,COL,50',50,second half,0,0
G-1333,M-1990-03,T-16,P-49600,T-16,COL,85',85,second half,0,0
G-1334,M-1990-04,T-41,P-76544,T-41,ITA,78',78,second half,0,0
G-1335,M-1990-05,T-21,P-71260,T-21,CSK,26',26,first half,0,0
G-1336,M-1990-05,T-21,P-08239,T-21,CSK,40',40,first half,0,1
G-1337,M-1990-05,T-21,P-73737,T-21,CSK,50',50,second half,0,0
G-1338,M-1990-05,T-83,P-82723,T-83,USA,60',60,second half,0,0
G-1339,M-1990-05,T-21,P-71260,T-21,CSK,78',78,second half,0,0
G-1340,M-1990-05,T-21,P-99987,T-21,CSK,90'+3',90,"second half, stoppage time",0,0
G-1341,M-1990-06,T-09,P-90635,T-09,BRA,40',40,first half,0,0
G-1342,M-1990-06,T-09,P-90635,T-09,BRA,63',63,second half,0,0
G-1343,M-1990-06,T-74,P-26281,T-74,SWE,79',79,second half,0,0
G-1344,M-1990-07,T-86,P-49502,T-86,DEU,28',28,first half,0,0
G-1345,M-1990-07,T-86,P-91373,T-86,DEU,39',39,first half,0,0
G-1346,M-1990-07,T-87,P-01298,T-87,YUG,55',55,second half,0,0
G-1347,M-1990-07,T-86,P-49502,T-86,DEU,64',64,second half,0,0
G-1348,M-1990-07,T-86,P-04572,T-86,DEU,70',70,second half,0,0
G-1349,M-1990-08,T-17,P-18941,T-17,CRI,49',49,second half,0,0
G-1350,M-1990-09,T-28,P-36651,T-28,ENG,9',9,first half,0,0
G-1351,M-1990-09,T-60,P-72379,T-60,IRL,73',73,second half,0,0
G-1352,M-1990-10,T-06,P-28230,T-06,BEL,53',53,second half,0,0
G-1353,M-1990-10,T-06,P-39297,T-06,BEL,64',64,second half,0,0
G-1354,M-1990-11,T-48,P-11241,T-48,NLD,58',58,second half,0,0
G-1355,M-1990-11,T-26,P-62193,T-26,EGY,83',83,second half,0,1
G-1356,M-1990-13,T-03,P-30977,T-03,ARG,27',27,first half,0,0
G-1357,M-1990-13,T-03,P-95267,T-03,ARG,79',79,second half,0,0
G-1358,M-1990-14,T-11,P-58080,T-11,CMR,76',76,second half,0,0
G-1359,M-1990-14,T-11,P-58080,T-11,CMR,86',86,second half,0,0
G-1360,M-1990-14,T-61,P-67274,T-61,ROU,88',88,second half,0,0
G-1361,M-1990-15,T-87,P-01298,T-87,YUG,75',75,second half,0,0
G-1362,M-1990-16,T-41,P-75545,T-41,ITA,11',11,first half,0,0
G-1363,M-1990-17,T-21,P-08239,T-21,CSK,31',31,first half,0,1
G-1364,M-1990-18,T-86,P-04572,T-86,DEU,35',35,first half,0,0
G-1365,M-1990-18,T-86,P-91373,T-86,DEU,37',37,first half,0,0
G-1366,M-1990-18,T-82,P-90097,T-82,ARE,46',46,second half,0,0
G-1367,M-1990-18,T-86,P-49502,T-86,DEU,47',47,second half,0,0
G-1368,M-1990-18,T-86,P-60022,T-86,DEU,58',58,second half,0,0
G-1369,M-1990-18,T-86,P-04572,T-86,DEU,75',75,second half,0,0
G-1370,M-1990-19,T-09,P-60969,T-09,BRA,33',33,first half,0,0
G-1371,M-1990-20,T-64,P-49470,T-64,SCO,11',11,first half,0,0
G-1372,M-1990-20,T-64,P-17223,T-64,SCO,81',81,second half,0,1
G-1373,M-1990-20,T-74,P-67329,T-74,SWE,86',86,second half,0,0
G-1374,M-1990-23,T-06,P-05723,T-06,BEL,15',15,first half,0,0
G-1375,M-1990-23,T-06,P-97414,T-06,BEL,24',24,first half,0,0
G-1376,M-1990-23,T-06,P-25456,T-06,BEL,47',47,second half,0,0
G-1377,M-1990-23,T-84,P-52902,T-84,URY,73',73,second half,0,0
G-1378,M-1990-24,T-73,P-06498,T-73,ESP,23',23,first half,0,0
G-1379,M-1990-24,T-71,P-76411,T-71,KOR,43',43,first half,0,0
G-1380,M-1990-24,T-73,P-06498,T-73,ESP,61',61,second half,0,0
G-1381,M-1990-24,T-73,P-06498,T-73,ESP,81',81,second half,0,0
G-1382,M-1990-25,T-03,P-31161,T-03,ARG,62',62,second half,0,0
G-1383,M-1990-25,T-61,P-67274,T-61,ROU,68',68,second half,0,0
G-1384,M-1990-26,T-72,P-10906,T-72,SUN,20',20,first half,0,0
G-1385,M-1990-26,T-72,P-05885,T-72,SUN,29',29,first half,0,0
G-1386,M-1990-26,T-72,P-27906,T-72,SUN,52',52,second half,0,0
G-1387,M-1990-26,T-72,P-77250,T-72,SUN,63',63,second half,0,0
G-1388,M-1990-27,T-86,P-89975,T-86,DEU,88',88,second half,0,0
G-1389,M-1990-27,T-16,P-69504,T-16,COL,90'+3',90,"second half, stoppage time",0,0
G-1390,M-1990-28,T-87,P-74361,T-87,YUG,5',5,first half,0,0
G-1391,M-1990-28,T-87,P-31892,T-87,YUG,9',9,first half,0,0
G-1392,M-1990-28,T-82,P-56780,T-82,ARE,22',22,first half,0,0
G-1393,M-1990-28,T-87,P-31892,T-87,YUG,46',46,second half,0,0
G-1394,M-1990-28,T-87,P-62861,T-87,YUG,90'+3',90,"second half, stoppage time",0,0
G-1395,M-1990-29,T-05,P-07284,T-05,AUT,49',49,second half,0,0
G-1396,M-1990-29,T-05,P-79953,T-05,AUT,63',63,second half,0,0
G-1397,M-1990-29,T-83,P-93627,T-83,USA,83',83,second half,0,0
G-1398,M-1990-30,T-41,P-76544,T-41,ITA,9',9,first half,0,0
G-1399,M-1990-30,T-41,P-78756,T-41,ITA,78',78,second half,0,0
G-1400,M-1990-31,T-09,P-60969,T-09,BRA,81',81,second half,0,0
G-1401,M-1990-32,T-74,P-60456,T-74,SWE,32',32,first half,0,0
G-1402,M-1990-32,T-17,P-59912,T-17,CRI,75',75,second half,0,0
G-1403,M-1990-32,T-17,P-02273,T-17,CRI,87',87,second half,0,0
G-1404,M-1990-33,T-73,P-06498,T-73,ESP,26',26,first half,0,1
G-1405,M-1990-33,T-06,P-92384,T-06,BEL,29',29,first half,0,0
G-1406,M-1990-33,T-73,P-82189,T-73,ESP,38',38,first half,0,0
G-1407,M-1990-34,T-84,P-30100,T-84,URY,90'+1',90,"second half, stoppage time",0,0
G-1408,M-1990-35,T-28,P-68510,T-28,ENG,58',58,second half,0,0
G-1409,M-1990-36,T-48,P-32830,T-48,NLD,11',11,first half,0,0
G-1410,M-1990-36,T-60,P-51629,T-60,IRL,71',71,second half,0,0
G-1411,M-1990-37,T-11,P-58080,T-11,CMR,106',106,"extra time, second half",0,0
G-1412,M-1990-37,T-11,P-58080,T-11,CMR,108',108,"extra time, second half",0,0
G-1413,M-1990-37,T-16,P-02405,T-16,COL,115',115,"extra time, second half",0,0
G-1414,M-1990-38,T-21,P-71260,T-21,CSK,12',12,first half,0,0
G-1415,M-1990-38,T-17,P-74237,T-17,CRI,55',55,second half,0,0
G-1416,M-1990-38,T-21,P-71260,T-21,CSK,63',63,second half,0,0
G-1417,M-1990-38,T-21,P-16313,T-21,CSK,76',76,second half,0,0
G-1418,M-1990-38,T-21,P-71260,T-21,CSK,82',82,second half,0,0
G-1419,M-1990-39,T-03,P-35873,T-03,ARG,81',81,second half,0,0
G-1420,M-1990-40,T-86,P-91373,T-86,DEU,51',51,second half,0,0
G-1421,M-1990-40,T-86,P-67713,T-86,DEU,85',85,second half,0,0
G-1422,M-1990-40,T-48,P-72919,T-48,NLD,89',89,second half,0,1
G-1423,M-1990-42,T-41,P-76544,T-41,ITA,65',65,second half,0,0
G-1424,M-1990-42,T-41,P-35253,T-41,ITA,83',83,second half,0,0
G-1425,M-1990-43,T-87,P-93318,T-87,YUG,78',78,second half,0,0
G-1426,M-1990-43,T-73,P-18314,T-73,ESP,84',84,second half,0,0
G-1427,M-1990-43,T-87,P-93318,T-87,YUG,93',93,"extra time, first half",0,0
G-1428,M-1990-44,T-28,P-34450,T-28,ENG,119',119,"extra time, second half",0,0
G-1429,M-1990-46,T-41,P-76544,T-41,ITA,38',38,first half,0,0
G-1430,M-1990-47,T-86,P-49502,T-86,DEU,25',25,first half,0,1
G-1431,M-1990-48,T-28,P-34450,T-28,ENG,25',25,first half,0,0
G-1432,M-1990-48,T-11,P-44016,T-11,CMR,61',61,second half,0,1
G-1433,M-1990-48,T-11,P-41084,T-11,CMR,65',65,second half,0,0
G-1434,M-1990-48,T-28,P-36651,T-28,ENG,83',83,second half,0,1
G-1435,M-1990-48,T-28,P-36651,T-28,ENG,105',105,"extra time, first half",0,1
G-1436,M-1990-49,T-41,P-76544,T-41,ITA,17',17,first half,0,0
G-1437,M-1990-49,T-03,P-35873,T-03,ARG,67',67,second half,0,0
G-1438,M-1990-50,T-86,P-67713,T-86,DEU,60',60,second half,0,0
G-1439,M-1990-50,T-28,P-36651,T-28,ENG,80',80,second half,0,0
G-1440,M-1990-51,T-41,P-78756,T-41,ITA,71',71,second half,0,0
G-1441,M-1990-51,T-28,P-34450,T-28,ENG,81',81,second half,0,0
G-1442,M-1990-51,T-41,P-76544,T-41,ITA,86',86,second half,0,1
G-1443,M-1990-52,T-86,P-67713,T-86,DEU,85',85,second half,0,1
G-1444,M-1991-01,T-14,P-84060,T-14,CHN,22',22,first half,0,0
G-1445,M-1991-01,T-14,P-10128,T-14,CHN,45',45,first half,0,0
G-1446,M-1991-01,T-14,P-10128,T-14,CHN,50',50,second half,0,0
G-1447,M-1991-01,T-14,P-49949,T-14,CHN,75',75,second half,0,0
G-1448,M-1991-02,T-31,P-10757,T-31,DEU,16',16,first half,0,0
G-1449,M-1991-02,T-31,P-30335,T-31,DEU,32',32,first half,0,0
G-1450,M-1991-02,T-31,P-30335,T-31,DEU,34',34,first half,0,0
G-1451,M-1991-02,T-31,P-47441,T-31,DEU,57',57,second half,0,0
G-1452,M-1991-03,T-22,P-42117,T-22,DNK,15',15,first half,0,0
G-1453,M-1991-03,T-22,P-42117,T-22,DNK,40',40,first half,0,0
G-1454,M-1991-03,T-22,P-25916,T-22,DNK,42',42,first half,0,0
G-1455,M-1991-04,T-09,P-41343,T-09,BRA,4',4,first half,0,0
G-1456,M-1991-05,T-83,P-99328,T-83,USA,40',40,first half,0,0
G-1457,M-1991-05,T-83,P-99328,T-83,USA,49',49,second half,0,0
G-1458,M-1991-05,T-83,P-28901,T-83,USA,62',62,second half,0,0
G-1459,M-1991-05,T-74,P-33270,T-74,SWE,65',65,second half,0,0
G-1460,M-1991-05,T-74,P-02652,T-74,SWE,71',71,second half,0,0
G-1461,M-1991-06,T-41,P-65393,T-41,ITA,15',15,first half,0,0
G-1462,M-1991-06,T-41,P-57735,T-41,ITA,29',29,first half,0,0
G-1463,M-1991-06,T-41,P-89767,T-41,ITA,37',37,first half,0,0
G-1464,M-1991-06,T-41,P-89767,T-41,ITA,52',52,second half,0,0
G-1465,M-1991-06,T-41,P-89767,T-41,ITA,66',66,second half,0,0
G-1466,M-1991-07,T-53,P-75601,T-49,NZL,30',30,first half,1,0
G-1467,M-1991-07,T-53,P-58688,T-53,NOR,32',32,first half,0,0
G-1468,M-1991-07,T-53,P-58688,T-53,NOR,38',38,first half,0,0
G-1469,M-1991-07,T-53,P-84389,T-53,NOR,49',49,second half,0,0
G-1470,M-1991-08,T-41,P-89767,T-41,ITA,68',68,second half,0,0
G-1471,M-1991-09,T-22,P-08319,T-22,DNK,24',24,first half,0,0
G-1472,M-1991-09,T-14,P-14903,T-14,CHN,37',37,first half,0,0
G-1473,M-1991-09,T-22,P-23712,T-22,DNK,55',55,second half,0,0
G-1474,M-1991-09,T-14,P-47025,T-14,CHN,76',76,second half,0,0
G-1475,M-1991-10,T-83,P-90564,T-83,USA,23',23,first half,0,0
G-1476,M-1991-10,T-83,P-90564,T-83,USA,35',35,first half,0,0
G-1477,M-1991-10,T-83,P-99328,T-83,USA,38',38,first half,0,0
G-1478,M-1991-10,T-83,P-54794,T-83,USA,39',39,first half,0,0
G-1479,M-1991-10,T-83,P-28901,T-83,USA,63',63,second half,0,0
G-1480,M-1991-11,T-74,P-33270,T-74,SWE,1',1,first half,0,0
G-1481,M-1991-11,T-74,P-33270,T-74,SWE,11',11,first half,0,0
G-1482,M-1991-11,T-74,P-81571,T-74,SWE,15',15,first half,0,0
G-1483,M-1991-11,T-74,P-08153,T-74,SWE,25',25,first half,0,0
G-1484,M-1991-11,T-74,P-98080,T-74,SWE,27',27,first half,0,0
G-1485,M-1991-11,T-74,P-12441,T-74,SWE,34',34,first half,0,0
G-1486,M-1991-11,T-74,P-81571,T-74,SWE,60',60,second half,0,0
G-1487,M-1991-11,T-74,P-85493,T-44,JPN,70',70,second half,1,0
G-1488,M-1991-12,T-31,P-53366,T-31,DEU,10',10,first half,0,1
G-1489,M-1991-12,T-31,P-30335,T-31,DEU,21',21,first half,0,0
G-1490,M-1991-12,T-31,P-30335,T-31,DEU,50',50,second half,0,0
G-1491,M-1991-13,T-74,P-12441,T-74,SWE,42',42,first half,0,1
G-1492,M-1991-13,T-74,P-24936,T-74,SWE,56',56,second half,0,0
G-1493,M-1991-14,T-83,P-54794,T-83,USA,20',20,first half,0,0
G-1494,M-1991-14,T-83,P-54794,T-83,USA,37',37,first half,0,0
G-1495,M-1991-14,T-83,P-05397,T-83,USA,39',39,first half,0,0
G-1496,M-1991-15,T-14,P-02688,T-14,CHN,20',20,first half,0,0
G-1497,M-1991-15,T-14,P-10128,T-14,CHN,22',22,first half,0,0
G-1498,M-1991-15,T-14,P-15966,T-14,CHN,24',24,first half,0,0
G-1499,M-1991-15,T-14,P-10128,T-14,CHN,60',60,second half,0,0
G-1500,M-1991-15,T-49,P-35084,T-49,NZL,65',65,second half,0,0
G-1501,M-1991-16,T-53,P-18995,T-53,NOR,14',14,first half,0,1
G-1502,M-1991-16,T-22,P-88749,T-22,DNK,54',54,second half,0,1
G-1503,M-1991-16,T-53,P-58688,T-53,NOR,56',56,second half,0,0
G-1504,M-1991-17,T-15,P-34495,T-15,TWN,38',38,first half,0,0
G-1505,M-1991-17,T-15,P-19063,T-15,TWN,55',55,second half,0,0
G-1506,M-1991-18,T-31,P-30335,T-31,DEU,67',67,second half,0,0
G-1507,M-1991-18,T-31,P-51730,T-31,DEU,79',79,second half,0,0
G-1508,M-1991-19,T-31,P-53366,T-31,DEU,17',17,first half,0,1
G-1509,M-1991-19,T-22,P-25916,T-22,DNK,25',25,first half,0,1
G-1510,M-1991-19,T-31,P-30335,T-31,DEU,98',98,"extra time, first half",0,0
G-1511,M-1991-20,T-74,P-12441,T-74,SWE,3',3,first half,0,0
G-1512,M-1991-21,T-53,P-35393,T-53,NOR,22',22,first half,0,0
G-1513,M-1991-21,T-41,P-90918,T-41,ITA,31',31,first half,0,0
G-1514,M-1991-21,T-53,P-06023,T-53,NOR,67',67,second half,0,0
G-1515,M-1991-21,T-41,P-50912,T-41,ITA,80',80,second half,0,0
G-1516,M-1991-21,T-53,P-18995,T-53,NOR,96',96,"extra time, first half",0,1
G-1517,M-1991-22,T-83,P-54794,T-83,USA,8',8,first half,0,0
G-1518,M-1991-22,T-83,P-54794,T-83,USA,29',29,first half,0,0
G-1519,M-1991-22,T-83,P-54794,T-83,USA,33',33,first half,0,0
G-1520,M-1991-22,T-83,P-89416,T-83,USA,38',38,first half,0,0
G-1521,M-1991-22,T-83,P-54794,T-83,USA,44',44,first half,0,1
G-1522,M-1991-22,T-83,P-54794,T-83,USA,48',48,second half,0,0
G-1523,M-1991-22,T-83,P-30345,T-83,USA,79',79,second half,0,0
G-1524,M-1991-23,T-74,P-33270,T-74,SWE,6',6,first half,0,0
G-1525,M-1991-23,T-53,P-18995,T-53,NOR,39',39,first half,0,1
G-1526,M-1991-23,T-53,P-58688,T-53,NOR,41',41,first half,0,0
G-1527,M-1991-23,T-53,P-06023,T-53,NOR,67',67,second half,0,0
G-1528,M-1991-23,T-53,P-58688,T-53,NOR,77',77,second half,0,0
G-1529,M-1991-24,T-83,P-99328,T-83,USA,10',10,first half,0,0
G-1530,M-1991-24,T-83,P-99328,T-83,USA,22',22,first half,0,0
G-1531,M-1991-24,T-83,P-99328,T-83,USA,33',33,first half,0,0
G-1532,M-1991-24,T-31,P-30335,T-31,DEU,34',34,first half,0,0
G-1533,M-1991-24,T-83,P-90564,T-83,USA,54',54,second half,0,0
G-1534,M-1991-24,T-31,P-53366,T-31,DEU,63',63,second half,0,0
G-1535,M-1991-24,T-83,P-90564,T-83,USA,75',75,second half,0,0
G-1536,M-1991-25,T-74,P-81571,T-74,SWE,7',7,first half,0,0
G-1537,M-1991-25,T-74,P-12441,T-74,SWE,11',11,first half,0,0
G-1538,M-1991-25,T-74,P-33270,T-74,SWE,29',29,first half,0,0
G-1539,M-1991-25,T-74,P-98080,T-74,SWE,43',43,first half,0,0
G-1540,M-1991-26,T-83,P-54794,T-83,USA,20',20,first half,0,0
G-1541,M-1991-26,T-53,P-58688,T-53,NOR,29',29,first half,0,0
G-1542,M-1991-26,T-83,P-54794,T-83,USA,78',78,second half,0,0
G-1543,M-1994-01,T-31,P-91373,T-31,DEU,61',61,second half,0,0
G-1544,M-1994-02,T-73,P-18314,T-73,ESP,51',51,second half,0,0
G-1545,M-1994-02,T-73,P-00619,T-73,ESP,55',55,second half,0,0
G-1546,M-1994-02,T-71,P-55097,T-71,KOR,85',85,second half,0,0
G-1547,M-1994-02,T-71,P-65525,T-71,KOR,90',90,second half,0,0
G-1548,M-1994-03,T-75,P-26437,T-75,CHE,39',39,first half,0,0
G-1549,M-1994-03,T-83,P-67232,T-83,USA,44',44,first half,0,0
G-1550,M-1994-04,T-60,P-95491,T-60,IRL,11',11,first half,0,0
G-1551,M-1994-05,T-61,P-69340,T-61,ROU,15',15,first half,0,0
G-1552,M-1994-05,T-61,P-30739,T-61,ROU,34',34,first half,0,0
G-1553,M-1994-05,T-16,P-55994,T-16,COL,43',43,first half,0,0
G-1554,M-1994-05,T-61,P-69340,T-61,ROU,89',89,second half,0,0
G-1555,M-1994-06,T-06,P-28230,T-06,BEL,11',11,first half,0,0
G-1556,M-1994-07,T-53,P-72296,T-53,NOR,84',84,second half,0,0
G-1557,M-1994-08,T-74,P-75066,T-74,SWE,8',8,first half,0,0
G-1558,M-1994-08,T-11,P-43560,T-11,CMR,31',31,first half,0,0
G-1559,M-1994-08,T-11,P-77989,T-11,CMR,47',47,second half,0,0
G-1560,M-1994-08,T-74,P-63429,T-74,SWE,75',75,second half,0,0
G-1561,M-1994-09,T-09,P-61251,T-09,BRA,26',26,first half,0,0
G-1562,M-1994-09,T-09,P-93386,T-09,BRA,52',52,second half,0,1
G-1563,M-1994-10,T-63,P-21550,T-63,SAU,18',18,first half,0,0
G-1564,M-1994-10,T-48,P-27957,T-48,NLD,50',50,second half,0,0
G-1565,M-1994-10,T-48,P-20827,T-48,NLD,86',86,second half,0,0
G-1566,M-1994-11,T-03,P-84542,T-03,ARG,2',2,first half,0,0
G-1567,M-1994-11,T-03,P-84542,T-03,ARG,44',44,first half,0,0
G-1568,M-1994-11,T-03,P-80404,T-03,ARG,60',60,second half,0,0
G-1569,M-1994-11,T-03,P-84542,T-03,ARG,90',90,second half,0,1
G-1570,M-1994-12,T-73,P-00619,T-73,ESP,14',14,first half,0,0
G-1571,M-1994-12,T-31,P-91373,T-31,DEU,48',48,second half,0,0
G-1572,M-1994-13,T-50,P-98228,T-50,NGA,21',21,first half,0,0
G-1573,M-1994-13,T-50,P-84893,T-50,NGA,43',43,first half,0,0
G-1574,M-1994-13,T-50,P-22820,T-50,NGA,55',55,second half,0,0
G-1575,M-1994-14,T-75,P-56818,T-75,CHE,16',16,first half,0,0
G-1576,M-1994-14,T-61,P-30739,T-61,ROU,35',35,first half,0,0
G-1577,M-1994-14,T-75,P-28977,T-75,CHE,52',52,second half,0,0
G-1578,M-1994-14,T-75,P-01678,T-75,CHE,65',65,second half,0,0
G-1579,M-1994-14,T-75,P-01678,T-75,CHE,72',72,second half,0,0
G-1580,M-1994-15,T-83,P-70177,T-16,COL,35',35,first half,1,0
G-1581,M-1994-15,T-83,P-96178,T-83,USA,52',52,second half,0,0
G-1582,M-1994-15,T-16,P-55994,T-16,COL,90',90,second half,0,0
G-1583,M-1994-16,T-41,P-52474,T-41,ITA,69',69,second half,0,0
G-1584,M-1994-18,T-46,P-46904,T-46,MEX,42',42,first half,0,0
G-1585,M-1994-18,T-46,P-46904,T-46,MEX,65',65,second half,0,0
G-1586,M-1994-18,T-60,P-42603,T-60,IRL,84',84,second half,0,0
G-1587,M-1994-19,T-09,P-61251,T-09,BRA,39',39,first half,0,0
G-1588,M-1994-19,T-09,P-07679,T-09,BRA,66',66,second half,0,0
G-1589,M-1994-19,T-09,P-68671,T-09,BRA,73',73,second half,0,0
G-1590,M-1994-20,T-62,P-73354,T-62,RUS,4',4,first half,0,1
G-1591,M-1994-20,T-74,P-26281,T-74,SWE,39',39,first half,0,1
G-1592,M-1994-20,T-74,P-63429,T-74,SWE,60',60,second half,0,0
G-1593,M-1994-20,T-74,P-63429,T-74,SWE,82',82,second half,0,0
G-1594,M-1994-21,T-06,P-43307,T-06,BEL,65',65,second half,0,0
G-1595,M-1994-22,T-63,P-88041,T-63,SAU,7',7,first half,0,1
G-1596,M-1994-22,T-47,P-09278,T-47,MAR,26',26,first half,0,0
G-1597,M-1994-22,T-63,P-21550,T-63,SAU,45',45,first half,0,0
G-1598,M-1994-23,T-50,P-72487,T-50,NGA,8',8,first half,0,0
G-1599,M-1994-23,T-03,P-35873,T-03,ARG,21',21,first half,0,0
G-1600,M-1994-23,T-03,P-35873,T-03,ARG,28',28,first half,0,0
G-1601,M-1994-24,T-10,P-81648,T-10,BGR,5',5,first half,0,1
G-1602,M-1994-24,T-10,P-81648,T-10,BGR,55',55,second half,0,1
G-1603,M-1994-24,T-10,P-19567,T-10,BGR,65',65,second half,0,0
G-1604,M-1994-24,T-10,P-40793,T-10,BGR,90',90,second half,0,0
G-1605,M-1994-25,T-16,P-42991,T-16,COL,44',44,first half,0,0
G-1606,M-1994-25,T-16,P-19743,T-16,COL,90',90,second half,0,0
G-1607,M-1994-26,T-61,P-12625,T-61,ROU,18',18,first half,0,0
G-1608,M-1994-27,T-73,P-78385,T-73,ESP,19',19,first half,0,1
G-1609,M-1994-27,T-73,P-97666,T-73,ESP,66',66,second half,0,0
G-1610,M-1994-27,T-07,P-09978,T-07,BOL,67',67,second half,0,0
G-1611,M-1994-27,T-73,P-97666,T-73,ESP,70',70,second half,0,0
G-1612,M-1994-28,T-31,P-91373,T-31,DEU,12',12,first half,0,0
G-1613,M-1994-28,T-31,P-43380,T-31,DEU,20',20,first half,0,0
G-1614,M-1994-28,T-31,P-91373,T-31,DEU,37',37,first half,0,0
G-1615,M-1994-28,T-71,P-15222,T-71,KOR,52',52,second half,0,0
G-1616,M-1994-28,T-71,P-55097,T-71,KOR,63',63,second half,0,0
G-1617,M-1994-29,T-41,P-31072,T-41,ITA,48',48,second half,0,0
G-1618,M-1994-29,T-46,P-40627,T-46,MEX,57',57,second half,0,0
G-1619,M-1994-31,T-62,P-73354,T-62,RUS,15',15,first half,0,0
G-1620,M-1994-31,T-62,P-73354,T-62,RUS,41',41,first half,0,0
G-1621,M-1994-31,T-62,P-73354,T-62,RUS,44',44,first half,0,1
G-1622,M-1994-31,T-11,P-58080,T-11,CMR,46',46,second half,0,0
G-1623,M-1994-31,T-62,P-73354,T-62,RUS,72',72,second half,0,0
G-1624,M-1994-31,T-62,P-73354,T-62,RUS,75',75,second half,0,0
G-1625,M-1994-31,T-62,P-42532,T-62,RUS,81',81,second half,0,0
G-1626,M-1994-32,T-74,P-60371,T-74,SWE,23',23,first half,0,0
G-1627,M-1994-32,T-09,P-61251,T-09,BRA,47',47,second half,0,0
G-1628,M-1994-33,T-63,P-41428,T-63,SAU,5',5,first half,0,0
G-1629,M-1994-34,T-48,P-22409,T-48,NLD,43',43,first half,0,0
G-1630,M-1994-34,T-47,P-89133,T-47,MAR,47',47,second half,0,0
G-1631,M-1994-34,T-48,P-03942,T-48,NLD,77',77,second half,0,0
G-1632,M-1994-35,T-10,P-81648,T-10,BGR,61',61,second half,0,0
G-1633,M-1994-35,T-10,P-05061,T-10,BGR,90'+3',90,"second half, stoppage time",0,0
G-1634,M-1994-36,T-50,P-54287,T-50,NGA,45'+2',45,"first half, stoppage time",0,0
G-1635,M-1994-36,T-50,P-84893,T-50,NGA,90'+5',90,"second half, stoppage time",0,0
G-1636,M-1994-37,T-31,P-04572,T-31,DEU,6',6,first half,0,0
G-1637,M-1994-37,T-06,P-99499,T-06,BEL,8',8,first half,0,0
G-1638,M-1994-37,T-31,P-91373,T-31,DEU,11',11,first half,0,0
G-1639,M-1994-37,T-31,P-04572,T-31,DEU,38',38,first half,0,0
G-1640,M-1994-37,T-06,P-43307,T-06,BEL,90',90,second half,0,0
G-1641,M-1994-38,T-73,P-35246,T-73,ESP,15',15,first half,0,0
G-1642,M-1994-38,T-73,P-38878,T-73,ESP,74',74,second half,0,0
G-1643,M-1994-38,T-73,P-23403,T-73,ESP,86',86,second half,0,1
G-1644,M-1994-39,T-74,P-63429,T-74,SWE,6',6,first half,0,0
G-1645,M-1994-39,T-74,P-60371,T-74,SWE,51',51,second half,0,0
G-1646,M-1994-39,T-63,P-39267,T-63,SAU,85',85,second half,0,0
G-1647,M-1994-39,T-74,P-60371,T-74,SWE,88',88,second half,0,0
G-1648,M-1994-40,T-61,P-54322,T-61,ROU,11',11,first half,0,0
G-1649,M-1994-40,T-03,P-84542,T-03,ARG,16',16,first half,0,1
G-1650,M-1994-40,T-61,P-54322,T-61,ROU,18',18,first half,0,0
G-1651,M-1994-40,T-61,P-30739,T-61,ROU,58',58,second half,0,0
G-1652,M-1994-40,T-03,P-07031,T-03,ARG,75',75,second half,0,0
G-1653,M-1994-41,T-48,P-22409,T-48,NLD,11',11,first half,0,0
G-1654,M-1994-41,T-48,P-27957,T-48,NLD,41',41,first half,0,0
G-1655,M-1994-42,T-09,P-68671,T-09,BRA,72',72,second half,0,0
G-1656,M-1994-43,T-50,P-22820,T-50,NGA,25',25,first half,0,0
G-1657,M-1994-43,T-41,P-78756,T-41,ITA,88',88,second half,0,0
G-1658,M-1994-43,T-41,P-78756,T-41,ITA,102',102,"extra time, first half",0,1
G-1659,M-1994-44,T-10,P-81648,T-10,BGR,6',6,first half,0,0
G-1660,M-1994-44,T-46,P-21495,T-46,MEX,18',18,first half,0,1
G-1661,M-1994-45,T-41,P-52474,T-41,ITA,25',25,first half,0,0
G-1662,M-1994-45,T-73,P-97666,T-73,ESP,58',58,second half,0,0
G-1663,M-1994-45,T-41,P-78756,T-41,ITA,88',88,second half,0,0
G-1664,M-1994-46,T-09,P-61251,T-09,BRA,53',53,second half,0,0
G-1665,M-1994-46,T-09,P-68671,T-09,BRA,63',63,second half,0,0
G-1666,M-1994-46,T-48,P-22409,T-48,NLD,64',64,second half,0,0
G-1667,M-1994-46,T-48,P-42249,T-48,NLD,76',76,second half,0,0
G-1668,M-1994-46,T-09,P-90842,T-09,BRA,81',81,second half,0,0
G-1669,M-1994-47,T-31,P-49502,T-31,DEU,47',47,second half,0,1
G-1670,M-1994-47,T-10,P-81648,T-10,BGR,75',75,second half,0,0
G-1671,M-1994-47,T-10,P-19567,T-10,BGR,78',78,second half,0,0
G-1672,M-1994-48,T-74,P-26281,T-74,SWE,78',78,second half,0,0
G-1673,M-1994-48,T-61,P-69340,T-61,ROU,88',88,second half,0,0
G-1674,M-1994-48,T-61,P-69340,T-61,ROU,101',101,"extra time, first half",0,0
G-1675,M-1994-48,T-74,P-60371,T-74,SWE,115',115,"extra time, second half",0,0
G-1676,M-1994-49,T-41,P-78756,T-41,ITA,21',21,first half,0,0
G-1677,M-1994-49,T-41,P-78756,T-41,ITA,25',25,first half,0,0
G-1678,M-1994-49,T-10,P-81648,T-10,BGR,44',44,first half,0,1
G-1679,M-1994-50,T-09,P-61251,T-09,BRA,80',80,second half,0,0
G-1680,M-1994-51,T-74,P-26281,T-74,SWE,8',8,first half,0,0
G-1681,M-1994-51,T-74,P-66178,T-74,SWE,30',30,first half,0,0
G-1682,M-1994-51,T-74,P-42895,T-74,SWE,37',37,first half,0,0
G-1683,M-1994-51,T-74,P-60371,T-74,SWE,39',39,first half,0,0
G-1684,M-1995-01,T-31,P-10757,T-31,DEU,23',23,first half,0,0
G-1685,M-1995-02,T-09,P-18032,T-09,BRA,37',37,first half,0,0
G-1686,M-1995-03,T-28,P-85614,T-28,ENG,51',51,second half,0,1
G-1687,M-1995-03,T-28,P-63458,T-28,ENG,76',76,second half,0,1
G-1688,M-1995-03,T-28,P-85614,T-28,ENG,85',85,second half,0,0
G-1689,M-1995-03,T-12,P-89408,T-12,CAN,87',87,second half,0,0
G-1690,M-1995-03,T-12,P-28260,T-12,CAN,90'+1',90,"second half, stoppage time",0,0
G-1691,M-1995-04,T-53,P-84049,T-53,NOR,30',30,first half,0,0
G-1692,M-1995-04,T-53,P-84049,T-53,NOR,44',44,first half,0,0
G-1693,M-1995-04,T-53,P-84389,T-53,NOR,49',49,second half,0,0
G-1694,M-1995-04,T-53,P-29915,T-53,NOR,60',60,second half,0,0
G-1695,M-1995-04,T-53,P-58688,T-53,NOR,67',67,second half,0,0
G-1696,M-1995-04,T-53,P-18995,T-53,NOR,76',76,second half,0,1
G-1697,M-1995-04,T-53,P-84049,T-53,NOR,82',82,second half,0,0
G-1698,M-1995-04,T-53,P-29915,T-53,NOR,90',90,second half,0,0
G-1699,M-1995-05,T-22,P-93175,T-22,DNK,12',12,first half,0,0
G-1700,M-1995-05,T-22,P-71560,T-22,DNK,25',25,first half,0,0
G-1701,M-1995-05,T-22,P-42117,T-22,DNK,37',37,first half,0,0
G-1702,M-1995-05,T-22,P-93175,T-22,DNK,48',48,second half,0,0
G-1703,M-1995-05,T-22,P-89851,T-22,DNK,86',86,second half,0,0
G-1704,M-1995-06,T-83,P-49668,T-83,USA,22',22,first half,0,0
G-1705,M-1995-06,T-83,P-98699,T-83,USA,34',34,first half,0,0
G-1706,M-1995-06,T-14,P-44067,T-14,CHN,38',38,first half,0,0
G-1707,M-1995-06,T-83,P-28901,T-83,USA,51',51,second half,0,0
G-1708,M-1995-06,T-14,P-47025,T-14,CHN,74',74,second half,0,0
G-1709,M-1995-06,T-14,P-14903,T-14,CHN,79',79,second half,0,0
G-1710,M-1995-07,T-09,P-26383,T-09,BRA,7',7,first half,0,0
G-1711,M-1995-07,T-44,P-41046,T-44,JPN,13',13,first half,0,0
G-1712,M-1995-07,T-44,P-41046,T-44,JPN,45',45,first half,0,0
G-1713,M-1995-08,T-31,P-53366,T-31,DEU,9',9,first half,0,1
G-1714,M-1995-08,T-31,P-78183,T-31,DEU,42',42,first half,0,0
G-1715,M-1995-08,T-74,P-97773,T-74,SWE,65',65,second half,0,1
G-1716,M-1995-08,T-74,P-12441,T-74,SWE,80',80,second half,0,0
G-1717,M-1995-08,T-74,P-97773,T-74,SWE,86',86,second half,0,0
G-1718,M-1995-09,T-12,P-08594,T-12,CAN,12',12,first half,0,0
G-1719,M-1995-09,T-12,P-28260,T-12,CAN,20',20,first half,0,0
G-1720,M-1995-09,T-50,P-33681,T-50,NGA,26',26,first half,0,0
G-1721,M-1995-09,T-12,P-08594,T-12,CAN,55',55,second half,0,0
G-1722,M-1995-09,T-50,P-10791,T-50,NGA,60',60,second half,0,0
G-1723,M-1995-09,T-50,P-65225,T-50,NGA,77',77,second half,0,0
G-1724,M-1995-10,T-53,P-24254,T-53,NOR,7',7,first half,0,0
G-1725,M-1995-10,T-53,P-84389,T-53,NOR,37',37,first half,0,0
G-1726,M-1995-11,T-14,P-02688,T-14,CHN,23',23,first half,0,0
G-1727,M-1995-11,T-04,P-72800,T-04,AUS,25',25,first half,0,0
G-1728,M-1995-11,T-14,P-35093,T-14,CHN,54',54,second half,0,0
G-1729,M-1995-11,T-14,P-35093,T-14,CHN,78',78,second half,0,0
G-1730,M-1995-11,T-04,P-11465,T-04,AUS,89',89,second half,0,0
G-1731,M-1995-11,T-14,P-10128,T-14,CHN,90'+3',90,"second half, stoppage time",0,0
G-1732,M-1995-12,T-83,P-25850,T-83,USA,9',9,first half,0,0
G-1733,M-1995-12,T-83,P-98699,T-83,USA,49',49,second half,0,0
G-1734,M-1995-13,T-31,P-52478,T-31,DEU,5',5,first half,0,0
G-1735,M-1995-13,T-09,P-18032,T-09,BRA,19',19,first half,0,0
G-1736,M-1995-13,T-31,P-50598,T-31,DEU,22',22,first half,0,0
G-1737,M-1995-13,T-31,P-53366,T-31,DEU,42',42,first half,0,1
G-1738,M-1995-13,T-31,P-30335,T-31,DEU,78',78,second half,0,0
G-1739,M-1995-13,T-31,P-30335,T-31,DEU,89',89,second half,0,0
G-1740,M-1995-13,T-31,P-27293,T-31,DEU,90',90,second half,0,0
G-1741,M-1995-14,T-74,P-33270,T-74,SWE,66',66,second half,0,0
G-1742,M-1995-14,T-74,P-81571,T-74,SWE,88',88,second half,0,0
G-1743,M-1995-15,T-28,P-19148,T-28,ENG,10',10,first half,0,0
G-1744,M-1995-15,T-50,P-65225,T-50,NGA,13',13,first half,0,0
G-1745,M-1995-15,T-28,P-84117,T-28,ENG,27',27,first half,0,0
G-1746,M-1995-15,T-28,P-19148,T-28,ENG,38',38,first half,0,0
G-1747,M-1995-15,T-50,P-33681,T-50,NGA,74',74,second half,0,0
G-1748,M-1995-16,T-53,P-29915,T-53,NOR,4',4,first half,0,0
G-1749,M-1995-16,T-53,P-84389,T-53,NOR,12',12,first half,0,0
G-1750,M-1995-16,T-53,P-29915,T-53,NOR,21',21,first half,0,0
G-1751,M-1995-16,T-53,P-75121,T-53,NOR,71',71,second half,0,0
G-1752,M-1995-16,T-53,P-79792,T-53,NOR,84',84,second half,0,0
G-1753,M-1995-16,T-53,P-75121,T-53,NOR,89',89,second half,0,0
G-1754,M-1995-16,T-53,P-29915,T-53,NOR,90'+3',90,"second half, stoppage time",0,0
G-1755,M-1995-17,T-14,P-35093,T-14,CHN,21',21,first half,0,0
G-1756,M-1995-17,T-22,P-06433,T-22,DNK,44',44,first half,0,0
G-1757,M-1995-17,T-14,P-14903,T-14,CHN,76',76,second half,0,0
G-1758,M-1995-17,T-14,P-47025,T-14,CHN,90',90,second half,0,0
G-1759,M-1995-18,T-04,P-98447,T-04,AUS,54',54,second half,0,0
G-1760,M-1995-18,T-83,P-89416,T-83,USA,69',69,second half,0,0
G-1761,M-1995-18,T-83,P-30345,T-83,USA,72',72,second half,0,0
G-1762,M-1995-18,T-83,P-56906,T-83,USA,90'+2',90,"second half, stoppage time",0,1
G-1763,M-1995-18,T-83,P-78370,T-83,USA,90'+4',90,"second half, stoppage time",0,0
G-1764,M-1995-19,T-83,P-25850,T-83,USA,8',8,first half,0,0
G-1765,M-1995-19,T-83,P-25850,T-83,USA,42',42,first half,0,0
G-1766,M-1995-19,T-83,P-98699,T-83,USA,45',45,first half,0,0
G-1767,M-1995-19,T-83,P-49668,T-83,USA,80',80,second half,0,0
G-1768,M-1995-20,T-53,P-67204,T-53,NOR,21',21,first half,0,0
G-1769,M-1995-20,T-53,P-58688,T-53,NOR,64',64,second half,0,0
G-1770,M-1995-20,T-53,P-84389,T-53,NOR,85',85,second half,0,0
G-1771,M-1995-20,T-22,P-93175,T-22,DNK,86',86,second half,0,0
G-1772,M-1995-21,T-31,P-21423,T-31,DEU,41',41,first half,0,0
G-1773,M-1995-21,T-31,P-50598,T-31,DEU,55',55,second half,0,0
G-1774,M-1995-21,T-31,P-30335,T-31,DEU,82',82,second half,0,0
G-1775,M-1995-22,T-14,P-49949,T-14,CHN,29',29,first half,0,0
G-1776,M-1995-22,T-74,P-87263,T-74,SWE,90'+3',90,"second half, stoppage time",0,0
G-1777,M-1995-23,T-53,P-29915,T-53,NOR,10',10,first half,0,0
G-1778,M-1995-24,T-31,P-53366,T-31,DEU,88',88,second half,0,0
G-1779,M-1995-25,T-83,P-49668,T-83,USA,24',24,first half,0,0
G-1780,M-1995-25,T-83,P-28901,T-83,USA,55',55,second half,0,0
G-1781,M-1995-26,T-53,P-84389,T-53,NOR,37',37,first half,0,0
G-1782,M-1995-26,T-53,P-75121,T-53,NOR,40',40,first half,0,0
G-1783,M-1998-01,T-09,P-03658,T-09,BRA,5',5,first half,0,0
G-1784,M-1998-01,T-64,P-39646,T-64,SCO,38',38,first half,0,1
G-1785,M-1998-01,T-09,P-48864,T-64,SCO,74',74,second half,1,0
G-1786,M-1998-02,T-47,P-45896,T-47,MAR,37',37,first half,0,0
G-1787,M-1998-02,T-53,P-78077,T-47,MAR,45'+1',45,"first half, stoppage time",1,0
G-1788,M-1998-02,T-47,P-14349,T-47,MAR,60',60,second half,0,0
G-1789,M-1998-02,T-53,P-59890,T-53,NOR,61',61,second half,0,0
G-1790,M-1998-03,T-41,P-34670,T-41,ITA,10',10,first half,0,0
G-1791,M-1998-03,T-13,P-39251,T-13,CHL,45'+3',45,"first half, stoppage time",0,0
G-1792,M-1998-03,T-13,P-39251,T-13,CHL,50',50,second half,0,0
G-1793,M-1998-03,T-41,P-78756,T-41,ITA,84',84,second half,0,1
G-1794,M-1998-04,T-11,P-53197,T-11,CMR,77',77,second half,0,0
G-1795,M-1998-04,T-05,P-16938,T-05,AUT,90'+1',90,"second half, stoppage time",0,0
G-1796,M-1998-06,T-22,P-77711,T-22,DNK,69',69,second half,0,0
G-1797,M-1998-07,T-30,P-74065,T-30,FRA,35',35,first half,0,0
G-1798,M-1998-07,T-30,P-65806,T-70,ZAF,77',77,second half,1,0
G-1799,M-1998-07,T-30,P-51395,T-30,FRA,90'+2',90,"second half, stoppage time",0,0
G-1800,M-1998-08,T-73,P-35246,T-73,ESP,21',21,first half,0,0
G-1801,M-1998-08,T-50,P-56969,T-50,NGA,24',24,first half,0,0
G-1802,M-1998-08,T-73,P-24556,T-73,ESP,47',47,second half,0,0
G-1803,M-1998-08,T-50,P-63214,T-73,ESP,73',73,second half,1,0
G-1804,M-1998-08,T-50,P-41790,T-50,NGA,78',78,second half,0,0
G-1805,M-1998-09,T-71,P-55350,T-71,KOR,27',27,first half,0,0
G-1806,M-1998-09,T-46,P-50252,T-46,MEX,50',50,second half,0,0
G-1807,M-1998-09,T-46,P-45941,T-46,MEX,75',75,second half,0,0
G-1808,M-1998-09,T-46,P-45941,T-46,MEX,84',84,second half,0,0
G-1809,M-1998-11,T-03,P-84542,T-03,ARG,28',28,first half,0,0
G-1810,M-1998-12,T-87,P-04188,T-87,YUG,73',73,second half,0,0
G-1811,M-1998-13,T-18,P-75377,T-18,HRV,27',27,first half,0,0
G-1812,M-1998-13,T-43,P-16421,T-43,JAM,45',45,first half,0,0
G-1813,M-1998-13,T-18,P-62861,T-18,HRV,53',53,second half,0,0
G-1814,M-1998-13,T-18,P-58374,T-18,HRV,69',69,second half,0,0
G-1815,M-1998-14,T-28,P-63416,T-28,ENG,42',42,first half,0,0
G-1816,M-1998-14,T-28,P-63916,T-28,ENG,89',89,second half,0,0
G-1817,M-1998-15,T-61,P-70680,T-61,ROU,45'+1',45,"first half, stoppage time",0,0
G-1818,M-1998-16,T-31,P-37963,T-31,DEU,9',9,first half,0,0
G-1819,M-1998-16,T-31,P-91373,T-31,DEU,65',65,second half,0,0
G-1820,M-1998-17,T-53,P-99732,T-53,NOR,46',46,second half,0,0
G-1821,M-1998-17,T-64,P-74264,T-64,SCO,66',66,second half,0,0
G-1822,M-1998-18,T-09,P-62722,T-09,BRA,9',9,first half,0,0
G-1823,M-1998-18,T-09,P-74261,T-09,BRA,45'+2',45,"first half, stoppage time",0,0
G-1824,M-1998-18,T-09,P-68671,T-09,BRA,50',50,second half,0,0
G-1825,M-1998-19,T-13,P-39251,T-13,CHL,70',70,second half,0,0
G-1826,M-1998-19,T-05,P-28521,T-05,AUT,90'+2',90,"second half, stoppage time",0,0
G-1827,M-1998-20,T-41,P-42659,T-41,ITA,7',7,first half,0,0
G-1828,M-1998-20,T-41,P-34670,T-41,ITA,75',75,second half,0,0
G-1829,M-1998-20,T-41,P-34670,T-41,ITA,89',89,second half,0,0
G-1830,M-1998-21,T-22,P-62564,T-22,DNK,12',12,first half,0,0
G-1831,M-1998-21,T-70,P-59298,T-70,ZAF,51',51,second half,0,0
G-1832,M-1998-22,T-30,P-51395,T-30,FRA,37',37,first half,0,0
G-1833,M-1998-22,T-30,P-12167,T-30,FRA,68',68,second half,0,0
G-1834,M-1998-22,T-30,P-51395,T-30,FRA,78',78,second half,0,0
G-1835,M-1998-22,T-30,P-56735,T-30,FRA,85',85,second half,0,0
G-1836,M-1998-23,T-50,P-25715,T-50,NGA,28',28,first half,0,0
G-1837,M-1998-25,T-18,P-58374,T-18,HRV,77',77,second half,0,0
G-1838,M-1998-26,T-06,P-69659,T-06,BEL,42',42,first half,0,0
G-1839,M-1998-26,T-06,P-69659,T-06,BEL,47',47,second half,0,0
G-1840,M-1998-26,T-46,P-21495,T-46,MEX,55',55,second half,0,1
G-1841,M-1998-26,T-46,P-88428,T-46,MEX,62',62,second half,0,0
G-1842,M-1998-27,T-48,P-42224,T-48,NLD,37',37,first half,0,0
G-1843,M-1998-27,T-48,P-33834,T-48,NLD,41',41,first half,0,0
G-1844,M-1998-27,T-48,P-22409,T-48,NLD,71',71,second half,0,0
G-1845,M-1998-27,T-48,P-88340,T-48,NLD,80',80,second half,0,0
G-1846,M-1998-27,T-48,P-92804,T-48,NLD,83',83,second half,0,0
G-1847,M-1998-28,T-87,P-82329,T-87,YUG,13',13,first half,0,0
G-1848,M-1998-28,T-87,P-93318,T-87,YUG,52',52,second half,0,0
G-1849,M-1998-28,T-31,P-04188,T-87,YUG,72',72,second half,1,0
G-1850,M-1998-28,T-31,P-84534,T-31,DEU,78',78,second half,0,0
G-1851,M-1998-29,T-03,P-00065,T-03,ARG,31',31,first half,0,0
G-1852,M-1998-29,T-03,P-00065,T-03,ARG,55',55,second half,0,0
G-1853,M-1998-29,T-03,P-84542,T-03,ARG,73',73,second half,0,0
G-1854,M-1998-29,T-03,P-84542,T-03,ARG,78',78,second half,0,0
G-1855,M-1998-29,T-03,P-84542,T-03,ARG,83',83,second half,0,1
G-1856,M-1998-30,T-38,P-78085,T-38,IRN,40',40,first half,0,0
G-1857,M-1998-30,T-38,P-93633,T-38,IRN,84',84,second half,0,0
G-1858,M-1998-30,T-83,P-60597,T-83,USA,87',87,second half,0,0
G-1859,M-1998-31,T-16,P-64415,T-16,COL,82',82,second half,0,0
G-1860,M-1998-32,T-61,P-67833,T-61,ROU,46',46,second half,0,0
G-1861,M-1998-32,T-28,P-51130,T-28,ENG,81',81,second half,0,0
G-1862,M-1998-32,T-61,P-12625,T-61,ROU,90',90,second half,0,0
G-1863,M-1998-33,T-13,P-85178,T-13,CHL,20',20,first half,0,0
G-1864,M-1998-33,T-11,P-18804,T-11,CMR,56',56,second half,0,0
G-1865,M-1998-34,T-41,P-34670,T-41,ITA,48',48,second half,0,0
G-1866,M-1998-34,T-41,P-78756,T-41,ITA,90',90,second half,0,0
G-1867,M-1998-34,T-05,P-46897,T-05,AUT,90'+2',90,"second half, stoppage time",0,1
G-1868,M-1998-35,T-09,P-68671,T-09,BRA,78',78,second half,0,0
G-1869,M-1998-35,T-53,P-03442,T-53,NOR,83',83,second half,0,0
G-1870,M-1998-35,T-53,P-72296,T-53,NOR,89',89,second half,0,1
G-1871,M-1998-36,T-47,P-87059,T-47,MAR,23',23,first half,0,0
G-1872,M-1998-36,T-47,P-14349,T-47,MAR,46',46,second half,0,0
G-1873,M-1998-36,T-47,P-87059,T-47,MAR,85',85,second half,0,0
G-1874,M-1998-37,T-30,P-80680,T-30,FRA,12',12,first half,0,1
G-1875,M-1998-37,T-22,P-56788,T-22,DNK,42',42,first half,0,1
G-1876,M-1998-37,T-30,P-40400,T-30,FRA,56',56,second half,0,0
G-1877,M-1998-38,T-70,P-24299,T-70,ZAF,18',18,first half,0,0
G-1878,M-1998-38,T-63,P-88041,T-63,SAU,45'+2',45,"first half, stoppage time",0,1
G-1879,M-1998-38,T-63,P-30161,T-63,SAU,74',74,second half,0,1
G-1880,M-1998-38,T-70,P-24299,T-70,ZAF,90'+3',90,"second half, stoppage time",0,1
G-1881,M-1998-39,T-55,P-34957,T-55,PRY,1',1,first half,0,0
G-1882,M-1998-39,T-50,P-89782,T-50,NGA,11',11,first half,0,0
G-1883,M-1998-39,T-55,P-40108,T-55,PRY,58',58,second half,0,0
G-1884,M-1998-39,T-55,P-98051,T-55,PRY,86',86,second half,0,0
G-1885,M-1998-40,T-73,P-35246,T-73,ESP,6',6,first half,0,1
G-1886,M-1998-40,T-73,P-38878,T-73,ESP,18',18,first half,0,0
G-1887,M-1998-40,T-73,P-08514,T-73,ESP,55',55,second half,0,0
G-1888,M-1998-40,T-10,P-23633,T-10,BGR,58',58,second half,0,0
G-1889,M-1998-40,T-73,P-08514,T-73,ESP,81',81,second half,0,0
G-1890,M-1998-40,T-73,P-41316,T-10,BGR,88',88,second half,1,0
G-1891,M-1998-40,T-73,P-64962,T-73,ESP,90'+4',90,"second half, stoppage time",0,0
G-1892,M-1998-41,T-06,P-51869,T-06,BEL,7',7,first half,0,0
G-1893,M-1998-41,T-71,P-75255,T-71,KOR,72',72,second half,0,0
G-1894,M-1998-42,T-48,P-42224,T-48,NLD,4',4,first half,0,0
G-1895,M-1998-42,T-48,P-92804,T-48,NLD,18',18,first half,0,0
G-1896,M-1998-42,T-46,P-50252,T-46,MEX,75',75,second half,0,0
G-1897,M-1998-42,T-46,P-45941,T-46,MEX,90'+4',90,"second half, stoppage time",0,0
G-1898,M-1998-43,T-31,P-84534,T-31,DEU,50',50,second half,0,0
G-1899,M-1998-43,T-31,P-91373,T-31,DEU,57',57,second half,0,0
G-1900,M-1998-44,T-87,P-43392,T-87,YUG,4',4,first half,0,0
G-1901,M-1998-45,T-03,P-28597,T-03,ARG,36',36,first half,0,0
G-1902,M-1998-46,T-43,P-19136,T-43,JAM,39',39,first half,0,0
G-1903,M-1998-46,T-43,P-19136,T-43,JAM,54',54,second half,0,0
G-1904,M-1998-46,T-44,P-84762,T-44,JPN,74',74,second half,0,0
G-1905,M-1998-47,T-28,P-40570,T-28,ENG,20',20,first half,0,0
G-1906,M-1998-47,T-28,P-81049,T-28,ENG,29',29,first half,0,0
G-1907,M-1998-48,T-79,P-58711,T-79,TUN,12',12,first half,0,1
G-1908,M-1998-48,T-61,P-67833,T-61,ROU,71',71,second half,0,0
G-1909,M-1998-49,T-41,P-34670,T-41,ITA,18',18,first half,0,0
G-1910,M-1998-50,T-09,P-03658,T-09,BRA,11',11,first half,0,0
G-1911,M-1998-50,T-09,P-03658,T-09,BRA,26',26,first half,0,0
G-1912,M-1998-50,T-09,P-62722,T-09,BRA,45'+3',45,"first half, stoppage time",0,1
G-1913,M-1998-50,T-13,P-39251,T-13,CHL,70',70,second half,0,0
G-1914,M-1998-50,T-09,P-62722,T-09,BRA,72',72,second half,0,0
G-1915,M-1998-51,T-30,P-74952,T-30,FRA,114',114,"extra time, second half",0,0
G-1916,M-1998-52,T-22,P-87668,T-22,DNK,3',3,first half,0,0
G-1917,M-1998-52,T-22,P-28133,T-22,DNK,12',12,first half,0,0
G-1918,M-1998-52,T-22,P-80289,T-22,DNK,58',58,second half,0,0
G-1919,M-1998-52,T-22,P-72404,T-22,DNK,76',76,second half,0,0
G-1920,M-1998-52,T-50,P-02360,T-50,NGA,77',77,second half,0,0
G-1921,M-1998-53,T-46,P-45941,T-46,MEX,47',47,second half,0,0
G-1922,M-1998-53,T-31,P-91373,T-31,DEU,74',74,second half,0,0
G-1923,M-1998-53,T-31,P-84534,T-31,DEU,86',86,second half,0,0
G-1924,M-1998-54,T-48,P-22409,T-48,NLD,38',38,first half,0,0
G-1925,M-1998-54,T-87,P-43392,T-87,YUG,48',48,second half,0,0
G-1926,M-1998-54,T-48,P-45916,T-48,NLD,90'+2',90,"second half, stoppage time",0,0
G-1927,M-1998-55,T-18,P-58374,T-18,HRV,45'+2',45,"first half, stoppage time",0,1
G-1928,M-1998-56,T-03,P-84542,T-03,ARG,5',5,first half,0,1
G-1929,M-1998-56,T-28,P-63416,T-28,ENG,9',9,first half,0,1
G-1930,M-1998-56,T-28,P-51130,T-28,ENG,16',16,first half,0,0
G-1931,M-1998-56,T-03,P-53716,T-03,ARG,45'+1',45,"first half, stoppage time",0,0
G-1932,M-1998-58,T-22,P-68055,T-22,DNK,2',2,first half,0,0
G-1933,M-1998-58,T-09,P-68671,T-09,BRA,10',10,first half,0,0
G-1934,M-1998-58,T-09,P-74261,T-09,BRA,25',25,first half,0,0
G-1935,M-1998-58,T-22,P-28133,T-22,DNK,50',50,second half,0,0
G-1936,M-1998-58,T-09,P-74261,T-09,BRA,59',59,second half,0,0
G-1937,M-1998-59,T-48,P-59191,T-48,NLD,12',12,first half,0,0
G-1938,M-1998-59,T-03,P-60203,T-03,ARG,17',17,first half,0,0
G-1939,M-1998-59,T-48,P-22409,T-48,NLD,90',90,second half,0,0
G-1940,M-1998-60,T-18,P-26414,T-18,HRV,45'+3',45,"first half, stoppage time",0,0
G-1941,M-1998-60,T-18,P-96110,T-18,HRV,80',80,second half,0,0
G-1942,M-1998-60,T-18,P-58374,T-18,HRV,85',85,second half,0,0
G-1943,M-1998-61,T-09,P-62722,T-09,BRA,46',46,second half,0,0
G-1944,M-1998-61,T-48,P-59191,T-48,NLD,87',87,second half,0,0
G-1945,M-1998-62,T-18,P-58374,T-18,HRV,46',46,second half,0,0
G-1946,M-1998-62,T-30,P-56947,T-30,FRA,47',47,second half,0,0
G-1947,M-1998-62,T-30,P-56947,T-30,FRA,70',70,second half,0,0
G-1948,M-1998-63,T-18,P-62861,T-18,HRV,14',14,first half,0,0
G-1949,M-1998-63,T-48,P-34767,T-48,NLD,22',22,first half,0,0
G-1950,M-1998-63,T-18,P-58374,T-18,HRV,36',36,first half,0,0
G-1951,M-1998-64,T-30,P-56430,T-30,FRA,27',27,first half,0,0
G-1952,M-1998-64,T-30,P-56430,T-30,FRA,45'+1',45,"first half, stoppage time",0,0
G-1953,M-1998-64,T-30,P-40400,T-30,FRA,90'+3',90,"second half, stoppage time",0,0
G-1954,M-1999-01,T-83,P-28901,T-83,USA,17',17,first half,0,0
G-1955,M-1999-01,T-83,P-89416,T-83,USA,73',73,second half,0,0
G-1956,M-1999-01,T-83,P-25850,T-83,USA,89',89,second half,0,0
G-1957,M-1999-02,T-74,P-26509,T-74,SWE,2',2,first half,0,0
G-1958,M-1999-02,T-14,P-09811,T-14,CHN,17',17,first half,0,0
G-1959,M-1999-02,T-14,P-10128,T-14,CHN,69',69,second half,0,0
G-1960,M-1999-03,T-09,P-26383,T-09,BRA,3',3,first half,0,0
G-1961,M-1999-03,T-46,P-92275,T-46,MEX,10',10,first half,0,0
G-1962,M-1999-03,T-09,P-26383,T-09,BRA,12',12,first half,0,0
G-1963,M-1999-03,T-09,P-57452,T-09,BRA,29',29,first half,0,0
G-1964,M-1999-03,T-09,P-90420,T-09,BRA,35',35,first half,0,1
G-1965,M-1999-03,T-09,P-57452,T-09,BRA,42',42,first half,0,0
G-1966,M-1999-03,T-09,P-57452,T-09,BRA,50',50,second half,0,0
G-1967,M-1999-03,T-09,P-26383,T-09,BRA,90'+1',90,"second half, stoppage time",0,0
G-1968,M-1999-04,T-12,P-08594,T-12,CAN,32',32,first half,0,0
G-1969,M-1999-04,T-44,P-82283,T-44,JPN,64',64,second half,0,0
G-1970,M-1999-05,T-41,P-06810,T-41,ITA,36',36,first half,0,0
G-1971,M-1999-05,T-31,P-53366,T-31,DEU,61',61,second half,0,1
G-1972,M-1999-06,T-53,P-04956,T-53,NOR,28',28,first half,0,0
G-1973,M-1999-06,T-53,P-75121,T-53,NOR,68',68,second half,0,0
G-1974,M-1999-06,T-62,P-37971,T-62,RUS,78',78,second half,0,0
G-1975,M-1999-07,T-50,P-93242,T-50,NGA,50',50,second half,0,0
G-1976,M-1999-07,T-51,P-07307,T-51,PRK,74',74,second half,0,0
G-1977,M-1999-07,T-50,P-33681,T-50,NGA,79',79,second half,0,0
G-1978,M-1999-08,T-04,P-61821,T-04,AUS,74',74,second half,0,0
G-1979,M-1999-08,T-32,P-84404,T-32,GHA,76',76,second half,0,0
G-1980,M-1999-09,T-62,P-42638,T-62,RUS,29',29,first half,0,0
G-1981,M-1999-09,T-62,P-42830,T-62,RUS,52',52,second half,0,0
G-1982,M-1999-09,T-62,P-31383,T-62,RUS,58',58,second half,0,0
G-1983,M-1999-09,T-62,P-90659,T-62,RUS,80',80,second half,0,0
G-1984,M-1999-09,T-62,P-42830,T-62,RUS,90',90,second half,0,0
G-1985,M-1999-10,T-53,P-29915,T-53,NOR,8',8,first half,0,0
G-1986,M-1999-10,T-12,P-26057,T-12,CAN,31',31,first half,0,0
G-1987,M-1999-10,T-53,P-29915,T-53,NOR,36',36,first half,0,0
G-1988,M-1999-10,T-53,P-72974,T-53,NOR,49',49,second half,0,0
G-1989,M-1999-10,T-53,P-84389,T-53,NOR,54',54,second half,0,0
G-1990,M-1999-10,T-53,P-58688,T-53,NOR,62',62,second half,0,0
G-1991,M-1999-10,T-53,P-75121,T-53,NOR,76',76,second half,0,0
G-1992,M-1999-10,T-53,P-70069,T-53,NOR,87',87,second half,0,0
G-1993,M-1999-11,T-74,P-84530,T-74,SWE,8',8,first half,0,0
G-1994,M-1999-11,T-74,P-31388,T-74,SWE,21',21,first half,0,0
G-1995,M-1999-11,T-04,P-61821,T-04,AUS,32',32,first half,0,0
G-1996,M-1999-11,T-74,P-31388,T-74,SWE,69',69,second half,0,0
G-1997,M-1999-12,T-14,P-14903,T-14,CHN,9',9,first half,0,0
G-1998,M-1999-12,T-14,P-09811,T-14,CHN,16',16,first half,0,0
G-1999,M-1999-12,T-14,P-14903,T-14,CHN,21',21,first half,0,0
G-2000,M-1999-12,T-14,P-14903,T-14,CHN,54',54,second half,0,0
G-2001,M-1999-12,T-14,P-70314,T-14,CHN,82',82,second half,0,0
G-2002,M-1999-12,T-14,P-70314,T-14,CHN,90'+1',90,"second half, stoppage time",0,0
G-2003,M-1999-12,T-14,P-65910,T-14,CHN,90'+2',90,"second half, stoppage time",0,0
G-2004,M-1999-13,T-09,P-57452,T-09,BRA,3',3,first half,0,0
G-2005,M-1999-13,T-09,P-57452,T-09,BRA,63',63,second half,0,0
G-2006,M-1999-14,T-51,P-46500,T-51,PRK,15',15,first half,0,0
G-2007,M-1999-14,T-51,P-07307,T-51,PRK,39',39,first half,0,0
G-2008,M-1999-14,T-51,P-16569,T-51,PRK,73',73,second half,0,0
G-2009,M-1999-14,T-22,P-34416,T-22,DNK,74',74,second half,0,0
G-2010,M-1999-15,T-50,P-68759,T-50,NGA,2',2,first half,0,0
G-2011,M-1999-15,T-83,P-38422,T-50,NGA,19',19,first half,1,0
G-2012,M-1999-15,T-83,P-28901,T-83,USA,20',20,first half,0,0
G-2013,M-1999-15,T-83,P-98699,T-83,USA,23',23,first half,0,0
G-2014,M-1999-15,T-83,P-25850,T-83,USA,32',32,first half,0,0
G-2015,M-1999-15,T-83,P-54794,T-83,USA,39',39,first half,0,0
G-2016,M-1999-15,T-83,P-18634,T-83,USA,42',42,first half,0,0
G-2017,M-1999-15,T-83,P-98699,T-83,USA,83',83,second half,0,0
G-2018,M-1999-16,T-31,P-27479,T-31,DEU,10',10,first half,0,0
G-2019,M-1999-16,T-31,P-49074,T-31,DEU,45'+1',45,"first half, stoppage time",0,0
G-2020,M-1999-16,T-31,P-78246,T-31,DEU,49',49,second half,0,0
G-2021,M-1999-16,T-31,P-27479,T-31,DEU,57',57,second half,0,0
G-2022,M-1999-16,T-31,P-42444,T-31,DEU,89',89,second half,0,0
G-2023,M-1999-16,T-31,P-27479,T-31,DEU,90'+2',90,"second half, stoppage time",0,0
G-2024,M-1999-17,T-62,P-62577,T-62,RUS,54',54,second half,0,0
G-2025,M-1999-17,T-62,P-90185,T-62,RUS,66',66,second half,0,0
G-2026,M-1999-17,T-12,P-26057,T-12,CAN,76',76,second half,0,0
G-2027,M-1999-17,T-62,P-90185,T-62,RUS,86',86,second half,0,0
G-2028,M-1999-17,T-62,P-20242,T-62,RUS,90'+1',90,"second half, stoppage time",0,0
G-2029,M-1999-18,T-14,P-14903,T-14,CHN,39',39,first half,0,0
G-2030,M-1999-18,T-14,P-14903,T-14,CHN,51',51,second half,0,0
G-2031,M-1999-18,T-04,P-19145,T-04,AUS,66',66,second half,0,0
G-2032,M-1999-18,T-14,P-48897,T-14,CHN,73',73,second half,0,0
G-2033,M-1999-19,T-74,P-36470,T-74,SWE,58',58,second half,0,0
G-2034,M-1999-19,T-74,P-36470,T-74,SWE,86',86,second half,0,0
G-2035,M-1999-20,T-53,P-84389,T-53,NOR,8',8,first half,0,1
G-2036,M-1999-20,T-53,P-51492,T-44,JPN,26',26,first half,1,0
G-2037,M-1999-20,T-53,P-29915,T-53,NOR,36',36,first half,0,0
G-2038,M-1999-20,T-53,P-49154,T-53,NOR,61',61,second half,0,0
G-2039,M-1999-21,T-31,P-52478,T-31,DEU,8',8,first half,0,0
G-2040,M-1999-21,T-09,P-90420,T-09,BRA,15',15,first half,0,0
G-2041,M-1999-21,T-09,P-57452,T-09,BRA,20',20,first half,0,0
G-2042,M-1999-21,T-31,P-53366,T-31,DEU,46',46,second half,0,1
G-2043,M-1999-21,T-31,P-70251,T-31,DEU,58',58,second half,0,0
G-2044,M-1999-21,T-09,P-67574,T-09,BRA,90'+4',90,"second half, stoppage time",0,0
G-2045,M-1999-22,T-50,P-93242,T-50,NGA,25',25,first half,0,0
G-2046,M-1999-22,T-50,P-68759,T-50,NGA,81',81,second half,0,0
G-2047,M-1999-23,T-41,P-06810,T-41,ITA,37',37,first half,0,0
G-2048,M-1999-23,T-41,P-58574,T-41,ITA,51',51,second half,0,0
G-2049,M-1999-24,T-83,P-14832,T-83,USA,56',56,second half,0,0
G-2050,M-1999-24,T-83,P-49668,T-83,USA,68',68,second half,0,0
G-2051,M-1999-24,T-83,P-49668,T-83,USA,76',76,second half,0,0
G-2052,M-1999-25,T-14,P-67766,T-14,CHN,37',37,first half,0,0
G-2053,M-1999-25,T-14,P-09811,T-14,CHN,56',56,second half,0,0
G-2054,M-1999-26,T-53,P-29915,T-53,NOR,51',51,second half,0,0
G-2055,M-1999-26,T-53,P-75121,T-53,NOR,58',58,second half,0,0
G-2056,M-1999-26,T-53,P-84389,T-53,NOR,72',72,second half,0,1
G-2057,M-1999-26,T-74,P-52220,T-74,SWE,90'+1',90,"second half, stoppage time",0,0
G-2058,M-1999-27,T-31,P-99201,T-83,USA,5',5,first half,1,0
G-2059,M-1999-27,T-83,P-98699,T-83,USA,16',16,first half,0,0
G-2060,M-1999-27,T-31,P-53366,T-31,DEU,45'+1',45,"first half, stoppage time",0,0
G-2061,M-1999-27,T-83,P-99201,T-83,USA,49',49,second half,0,0
G-2062,M-1999-27,T-83,P-30345,T-83,USA,66',66,second half,0,0
G-2063,M-1999-28,T-09,P-96106,T-09,BRA,4',4,first half,0,0
G-2064,M-1999-28,T-09,P-96106,T-09,BRA,22',22,first half,0,0
G-2065,M-1999-28,T-09,P-09127,T-09,BRA,35',35,first half,0,0
G-2066,M-1999-28,T-50,P-65870,T-50,NGA,63',63,second half,0,0
G-2067,M-1999-28,T-50,P-68759,T-50,NGA,72',72,second half,0,0
G-2068,M-1999-28,T-50,P-05883,T-50,NGA,85',85,second half,0,0
G-2069,M-1999-28,T-09,P-57452,T-09,BRA,104',104,"extra time, first half",0,0
G-2070,M-1999-29,T-83,P-18634,T-83,USA,5',5,first half,0,0
G-2071,M-1999-29,T-83,P-54794,T-83,USA,80',80,second half,0,1
G-2072,M-1999-30,T-14,P-14903,T-14,CHN,3',3,first half,0,0
G-2073,M-1999-30,T-14,P-10128,T-14,CHN,14',14,first half,0,0
G-2074,M-1999-30,T-14,P-10128,T-14,CHN,51',51,second half,0,0
G-2075,M-1999-30,T-14,P-36217,T-14,CHN,65',65,second half,0,0
G-2076,M-1999-30,T-14,P-14903,T-14,CHN,72',72,second half,0,1
G-2077,M-2002-01,T-65,P-82212,T-65,SEN,30',30,first half,0,0
G-2078,M-2002-02,T-11,P-18804,T-11,CMR,39',39,first half,0,0
G-2079,M-2002-02,T-60,P-00105,T-60,IRL,52',52,second half,0,0
G-2080,M-2002-03,T-22,P-50534,T-22,DNK,45',45,first half,0,0
G-2081,M-2002-03,T-84,P-49428,T-84,URY,47',47,second half,0,0
G-2082,M-2002-03,T-22,P-50534,T-22,DNK,83',83,second half,0,0
G-2083,M-2002-04,T-31,P-27787,T-31,DEU,20',20,first half,0,0
G-2084,M-2002-04,T-31,P-27787,T-31,DEU,25',25,first half,0,0
G-2085,M-2002-04,T-31,P-84003,T-31,DEU,40',40,first half,0,0
G-2086,M-2002-04,T-31,P-45490,T-31,DEU,45'+1',45,"first half, stoppage time",0,0
G-2087,M-2002-04,T-31,P-27787,T-31,DEU,70',70,second half,0,0
G-2088,M-2002-04,T-31,P-17520,T-31,DEU,73',73,second half,0,0
G-2089,M-2002-04,T-31,P-84534,T-31,DEU,84',84,second half,0,0
G-2090,M-2002-04,T-31,P-32136,T-31,DEU,90'+1',90,"second half, stoppage time",0,0
G-2091,M-2002-05,T-03,P-84542,T-03,ARG,63',63,second half,0,0
G-2092,M-2002-06,T-55,P-34530,T-55,PRY,39',39,first half,0,0
G-2093,M-2002-06,T-55,P-76678,T-55,PRY,55',55,second half,0,0
G-2094,M-2002-06,T-70,P-99521,T-70,ZAF,63',63,second half,0,0
G-2095,M-2002-06,T-70,P-02423,T-70,ZAF,90'+1',90,"second half, stoppage time",0,1
G-2096,M-2002-07,T-28,P-97840,T-28,ENG,24',24,first half,0,0
G-2097,M-2002-07,T-74,P-42808,T-74,SWE,59',59,second half,0,0
G-2098,M-2002-08,T-73,P-24556,T-73,ESP,44',44,first half,0,0
G-2099,M-2002-08,T-73,P-76612,T-73,ESP,74',74,second half,0,0
G-2100,M-2002-08,T-69,P-00649,T-69,SVN,82',82,second half,0,0
G-2101,M-2002-08,T-73,P-35246,T-73,ESP,87',87,second half,0,1
G-2102,M-2002-09,T-46,P-88428,T-46,MEX,60',60,second half,0,1
G-2103,M-2002-10,T-80,P-23883,T-80,TUR,45'+2',45,"first half, stoppage time",0,0
G-2104,M-2002-10,T-09,P-62722,T-09,BRA,50',50,second half,0,0
G-2105,M-2002-10,T-09,P-74261,T-09,BRA,87',87,second half,0,1
G-2106,M-2002-11,T-41,P-34670,T-41,ITA,7',7,first half,0,0
G-2107,M-2002-11,T-41,P-34670,T-41,ITA,27',27,first half,0,0
G-2108,M-2002-12,T-17,P-55170,T-17,CRI,61',61,second half,0,0
G-2109,M-2002-12,T-17,P-56613,T-17,CRI,65',65,second half,0,0
G-2110,M-2002-13,T-06,P-69659,T-06,BEL,57',57,second half,0,0
G-2111,M-2002-13,T-44,P-96566,T-44,JPN,59',59,second half,0,0
G-2112,M-2002-13,T-44,P-46807,T-44,JPN,67',67,second half,0,0
G-2113,M-2002-13,T-06,P-02977,T-06,BEL,75',75,second half,0,0
G-2114,M-2002-14,T-71,P-15222,T-71,KOR,26',26,first half,0,0
G-2115,M-2002-14,T-71,P-75255,T-71,KOR,53',53,second half,0,0
G-2116,M-2002-15,T-62,P-66907,T-62,RUS,59',59,second half,0,0
G-2117,M-2002-15,T-62,P-48249,T-62,RUS,64',64,second half,0,1
G-2118,M-2002-16,T-83,P-88043,T-83,USA,4',4,first half,0,0
G-2119,M-2002-16,T-83,P-73722,T-58,PRT,29',29,first half,1,0
G-2120,M-2002-16,T-83,P-60597,T-83,USA,36',36,first half,0,0
G-2121,M-2002-16,T-58,P-37140,T-58,PRT,39',39,first half,0,0
G-2122,M-2002-16,T-58,P-72797,T-83,USA,71',71,second half,1,0
G-2123,M-2002-17,T-31,P-27787,T-31,DEU,19',19,first half,0,0
G-2124,M-2002-17,T-60,P-84878,T-60,IRL,90'+2',90,"second half, stoppage time",0,0
G-2125,M-2002-18,T-22,P-50534,T-22,DNK,16',16,first half,0,1
G-2126,M-2002-18,T-65,P-35019,T-65,SEN,52',52,second half,0,0
G-2127,M-2002-19,T-11,P-61703,T-11,CMR,66',66,second half,0,0
G-2128,M-2002-21,T-50,P-74228,T-50,NGA,27',27,first half,0,0
G-2129,M-2002-21,T-74,P-42895,T-74,SWE,35',35,first half,0,0
G-2130,M-2002-21,T-74,P-42895,T-74,SWE,63',63,second half,0,1
G-2131,M-2002-22,T-55,P-51089,T-73,ESP,10',10,first half,1,0
G-2132,M-2002-22,T-73,P-08514,T-73,ESP,53',53,second half,0,0
G-2133,M-2002-22,T-73,P-08514,T-73,ESP,69',69,second half,0,0
G-2134,M-2002-22,T-73,P-35246,T-73,ESP,83',83,second half,0,1
G-2135,M-2002-23,T-28,P-81049,T-28,ENG,44',44,first half,0,1
G-2136,M-2002-24,T-70,P-22393,T-70,ZAF,4',4,first half,0,0
G-2137,M-2002-25,T-41,P-34670,T-41,ITA,55',55,second half,0,0
G-2138,M-2002-25,T-18,P-13265,T-18,HRV,73',73,second half,0,0
G-2139,M-2002-25,T-18,P-55293,T-18,HRV,76',76,second half,0,0
G-2140,M-2002-26,T-09,P-85176,T-09,BRA,15',15,first half,0,0
G-2141,M-2002-26,T-09,P-74261,T-09,BRA,32',32,first half,0,0
G-2142,M-2002-26,T-09,P-57361,T-09,BRA,45',45,first half,0,1
G-2143,M-2002-26,T-09,P-62722,T-09,BRA,55',55,second half,0,0
G-2144,M-2002-27,T-25,P-19156,T-25,ECU,5',5,first half,0,0
G-2145,M-2002-27,T-46,P-81643,T-46,MEX,28',28,first half,0,0
G-2146,M-2002-27,T-46,P-89297,T-46,MEX,57',57,second half,0,0
G-2147,M-2002-28,T-80,P-46497,T-80,TUR,56',56,second half,0,0
G-2148,M-2002-28,T-17,P-20880,T-17,CRI,86',86,second half,0,0
G-2149,M-2002-29,T-44,P-46807,T-44,JPN,51',51,second half,0,0
G-2150,M-2002-30,T-83,P-38074,T-83,USA,24',24,first half,0,0
G-2151,M-2002-30,T-71,P-26616,T-71,KOR,78',78,second half,0,0
G-2152,M-2002-31,T-06,P-69659,T-06,BEL,13',13,first half,0,0
G-2153,M-2002-31,T-79,P-87702,T-79,TUN,17',17,first half,0,0
G-2154,M-2002-32,T-58,P-57982,T-58,PRT,14',14,first half,0,0
G-2155,M-2002-32,T-58,P-57982,T-58,PRT,65',65,second half,0,0
G-2156,M-2002-32,T-58,P-57982,T-58,PRT,77',77,second half,0,0
G-2157,M-2002-32,T-58,P-62808,T-58,PRT,88',88,second half,0,0
G-2158,M-2002-33,T-22,P-80170,T-22,DNK,22',22,first half,0,0
G-2159,M-2002-33,T-22,P-50534,T-22,DNK,67',67,second half,0,0
G-2160,M-2002-34,T-65,P-62977,T-65,SEN,20',20,first half,0,1
G-2161,M-2002-34,T-65,P-82212,T-65,SEN,26',26,first half,0,0
G-2162,M-2002-34,T-65,P-82212,T-65,SEN,38',38,first half,0,0
G-2163,M-2002-34,T-84,P-48761,T-84,URY,46',46,second half,0,0
G-2164,M-2002-34,T-84,P-86087,T-84,URY,69',69,second half,0,0
G-2165,M-2002-34,T-84,P-66684,T-84,URY,88',88,second half,0,1
G-2166,M-2002-35,T-31,P-03026,T-31,DEU,50',50,second half,0,0
G-2167,M-2002-35,T-31,P-27787,T-31,DEU,79',79,second half,0,0
G-2168,M-2002-36,T-60,P-84878,T-60,IRL,7',7,first half,0,0
G-2169,M-2002-36,T-60,P-22209,T-60,IRL,61',61,second half,0,0
G-2170,M-2002-36,T-60,P-18106,T-60,IRL,87',87,second half,0,0
G-2171,M-2002-38,T-74,P-85432,T-74,SWE,59',59,second half,0,0
G-2172,M-2002-38,T-03,P-19888,T-03,ARG,88',88,second half,0,0
G-2173,M-2002-39,T-69,P-44943,T-69,SVN,45'+1',45,"first half, stoppage time",0,0
G-2174,M-2002-39,T-55,P-88899,T-55,PRY,65',65,second half,0,0
G-2175,M-2002-39,T-55,P-78557,T-55,PRY,73',73,second half,0,0
G-2176,M-2002-39,T-55,P-88899,T-55,PRY,84',84,second half,0,0
G-2177,M-2002-40,T-73,P-24556,T-73,ESP,4',4,first half,0,0
G-2178,M-2002-40,T-70,P-59298,T-70,ZAF,31',31,first half,0,0
G-2179,M-2002-40,T-73,P-37161,T-73,ESP,45'+1',45,"first half, stoppage time",0,0
G-2180,M-2002-40,T-70,P-56543,T-70,ZAF,53',53,second half,0,0
G-2181,M-2002-40,T-73,P-24556,T-73,ESP,56',56,second half,0,0
G-2182,M-2002-41,T-09,P-62722,T-09,BRA,10',10,first half,0,0
G-2183,M-2002-41,T-09,P-62722,T-09,BRA,13',13,first half,0,0
G-2184,M-2002-41,T-09,P-09270,T-09,BRA,38',38,first half,0,0
G-2185,M-2002-41,T-17,P-22046,T-17,CRI,39',39,first half,0,0
G-2186,M-2002-41,T-17,P-55170,T-17,CRI,56',56,second half,0,0
G-2187,M-2002-41,T-09,P-74261,T-09,BRA,62',62,second half,0,0
G-2188,M-2002-41,T-09,P-29601,T-09,BRA,64',64,second half,0,0
G-2189,M-2002-42,T-80,P-23883,T-80,TUR,6',6,first half,0,0
G-2190,M-2002-42,T-80,P-94559,T-80,TUR,9',9,first half,0,0
G-2191,M-2002-42,T-80,P-31566,T-80,TUR,85',85,second half,0,0
G-2192,M-2002-43,T-25,P-42534,T-25,ECU,48',48,second half,0,0
G-2193,M-2002-44,T-46,P-81643,T-46,MEX,34',34,first half,0,0
G-2194,M-2002-44,T-41,P-83836,T-41,ITA,85',85,second half,0,0
G-2195,M-2002-45,T-06,P-03447,T-06,BEL,7',7,first half,0,0
G-2196,M-2002-45,T-62,P-76498,T-62,RUS,52',52,second half,0,0
G-2197,M-2002-45,T-06,P-64922,T-06,BEL,78',78,second half,0,0
G-2198,M-2002-45,T-06,P-69659,T-06,BEL,82',82,second half,0,0
G-2199,M-2002-45,T-62,P-04731,T-62,RUS,88',88,second half,0,0
G-2200,M-2002-46,T-44,P-17348,T-44,JPN,48',48,second half,0,0
G-2201,M-2002-46,T-44,P-09349,T-44,JPN,75',75,second half,0,0
G-2202,M-2002-47,T-57,P-75230,T-57,POL,3',3,first half,0,0
G-2203,M-2002-47,T-57,P-69995,T-57,POL,5',5,first half,0,0
G-2204,M-2002-47,T-57,P-03927,T-57,POL,66',66,second half,0,0
G-2205,M-2002-47,T-83,P-05728,T-83,USA,83',83,second half,0,0
G-2206,M-2002-48,T-71,P-25724,T-71,KOR,70',70,second half,0,0
G-2207,M-2002-49,T-31,P-55504,T-31,DEU,88',88,second half,0,0
G-2208,M-2002-50,T-28,P-01249,T-28,ENG,5',5,first half,0,0
G-2209,M-2002-50,T-28,P-51130,T-28,ENG,22',22,first half,0,0
G-2210,M-2002-50,T-28,P-08307,T-28,ENG,44',44,first half,0,0
G-2211,M-2002-51,T-74,P-42895,T-74,SWE,11',11,first half,0,0
G-2212,M-2002-51,T-65,P-01462,T-65,SEN,37',37,first half,0,0
G-2213,M-2002-51,T-65,P-01462,T-65,SEN,104',104,"extra time, first half",0,0
G-2214,M-2002-52,T-73,P-08514,T-73,ESP,8',8,first half,0,0
G-2215,M-2002-52,T-60,P-84878,T-60,IRL,90',90,second half,0,1
G-2216,M-2002-53,T-83,P-60597,T-83,USA,8',8,first half,0,0
G-2217,M-2002-53,T-83,P-05728,T-83,USA,65',65,second half,0,0
G-2218,M-2002-54,T-09,P-74261,T-09,BRA,67',67,second half,0,0
G-2219,M-2002-54,T-09,P-62722,T-09,BRA,87',87,second half,0,0
G-2220,M-2002-55,T-80,P-31566,T-80,TUR,12',12,first half,0,0
G-2221,M-2002-56,T-41,P-34670,T-41,ITA,18',18,first half,0,0
G-2222,M-2002-56,T-71,P-56626,T-71,KOR,88',88,second half,0,0
G-2223,M-2002-56,T-71,P-26616,T-71,KOR,117',117,"extra time, second half",0,0
G-2224,M-2002-57,T-28,P-51130,T-28,ENG,23',23,first half,0,0
G-2225,M-2002-57,T-09,P-74261,T-09,BRA,45'+2',45,"first half, stoppage time",0,0
G-2226,M-2002-57,T-09,P-57361,T-09,BRA,50',50,second half,0,0
G-2227,M-2002-58,T-31,P-84003,T-31,DEU,39',39,first half,0,0
G-2228,M-2002-60,T-80,P-41133,T-80,TUR,94',94,"extra time, first half",0,0
G-2229,M-2002-61,T-31,P-84003,T-31,DEU,75',75,second half,0,0
G-2230,M-2002-62,T-09,P-62722,T-09,BRA,49',49,second half,0,0
G-2231,M-2002-63,T-80,P-58212,T-80,TUR,1',1,first half,0,0
G-2232,M-2002-63,T-71,P-60562,T-71,KOR,9',9,first half,0,0
G-2233,M-2002-63,T-80,P-41133,T-80,TUR,13',13,first half,0,0
G-2234,M-2002-63,T-80,P-41133,T-80,TUR,32',32,first half,0,0
G-2235,M-2002-63,T-71,P-83544,T-71,KOR,90'+3',90,"second half, stoppage time",0,0
G-2236,M-2002-64,T-09,P-62722,T-09,BRA,67',67,second half,0,0
G-2237,M-2002-64,T-09,P-62722,T-09,BRA,79',79,second half,0,0
G-2238,M-2003-01,T-53,P-00556,T-53,NOR,47',47,second half,0,0
G-2239,M-2003-01,T-53,P-49154,T-53,NOR,66',66,second half,0,0
G-2240,M-2003-02,T-51,P-46500,T-51,PRK,13',13,first half,0,0
G-2241,M-2003-02,T-51,P-61977,T-51,PRK,73',73,second half,0,0
G-2242,M-2003-02,T-51,P-46500,T-51,PRK,88',88,second half,0,0
G-2243,M-2003-03,T-12,P-97813,T-12,CAN,4',4,first half,0,0
G-2244,M-2003-03,T-31,P-53366,T-31,DEU,39',39,first half,0,1
G-2245,M-2003-03,T-31,P-06382,T-31,DEU,47',47,second half,0,0
G-2246,M-2003-03,T-31,P-52478,T-31,DEU,75',75,second half,0,0
G-2247,M-2003-03,T-31,P-08780,T-31,DEU,90'+2',90,"second half, stoppage time",0,0
G-2248,M-2003-04,T-44,P-72113,T-44,JPN,13',13,first half,0,0
G-2249,M-2003-04,T-44,P-72113,T-44,JPN,38',38,first half,0,0
G-2250,M-2003-04,T-44,P-37697,T-44,JPN,64',64,second half,0,0
G-2251,M-2003-04,T-44,P-36911,T-44,JPN,72',72,second half,0,0
G-2252,M-2003-04,T-44,P-36911,T-44,JPN,75',75,second half,0,0
G-2253,M-2003-04,T-44,P-36911,T-44,JPN,80',80,second half,0,0
G-2254,M-2003-05,T-83,P-25850,T-83,USA,27',27,first half,0,0
G-2255,M-2003-05,T-83,P-18634,T-83,USA,36',36,first half,0,0
G-2256,M-2003-05,T-74,P-36470,T-74,SWE,58',58,second half,0,0
G-2257,M-2003-05,T-83,P-92403,T-83,USA,78',78,second half,0,0
G-2258,M-2003-06,T-09,P-07458,T-09,BRA,14',14,first half,0,1
G-2259,M-2003-06,T-09,P-90420,T-09,BRA,55',55,second half,0,0
G-2260,M-2003-06,T-09,P-90420,T-09,BRA,62',62,second half,0,0
G-2261,M-2003-07,T-04,P-72006,T-04,AUS,38',38,first half,0,0
G-2262,M-2003-07,T-62,P-35111,T-04,AUS,39',39,first half,1,0
G-2263,M-2003-07,T-62,P-90185,T-62,RUS,89',89,second half,0,0
G-2264,M-2003-08,T-14,P-14903,T-14,CHN,29',29,first half,0,0
G-2265,M-2003-09,T-09,P-46780,T-09,BRA,26',26,first half,0,0
G-2266,M-2003-09,T-09,P-85281,T-09,BRA,37',37,first half,0,0
G-2267,M-2003-09,T-53,P-75121,T-53,NOR,45',45,first half,0,0
G-2268,M-2003-09,T-09,P-07458,T-09,BRA,59',59,second half,0,0
G-2269,M-2003-09,T-09,P-90420,T-09,BRA,68',68,second half,0,0
G-2270,M-2003-10,T-31,P-53205,T-31,DEU,23',23,first half,0,0
G-2271,M-2003-10,T-31,P-52478,T-31,DEU,36',36,first half,0,0
G-2272,M-2003-10,T-31,P-52478,T-31,DEU,66',66,second half,0,0
G-2273,M-2003-11,T-30,P-17746,T-30,FRA,84',84,second half,0,0
G-2274,M-2003-12,T-12,P-26057,T-12,CAN,19',19,first half,0,1
G-2275,M-2003-12,T-12,P-74702,T-12,CAN,79',79,second half,0,0
G-2276,M-2003-12,T-12,P-74702,T-12,CAN,82',82,second half,0,0
G-2277,M-2003-13,T-62,P-24480,T-62,RUS,36',36,first half,0,0
G-2278,M-2003-13,T-62,P-90659,T-62,RUS,54',54,second half,0,0
G-2279,M-2003-13,T-62,P-42830,T-62,RUS,80',80,second half,0,0
G-2280,M-2003-14,T-74,P-36470,T-74,SWE,7',7,first half,0,0
G-2281,M-2003-15,T-04,P-47947,T-04,AUS,28',28,first half,0,0
G-2282,M-2003-15,T-14,P-16075,T-14,CHN,46',46,second half,0,0
G-2283,M-2003-16,T-83,P-28901,T-83,USA,6',6,first half,0,1
G-2284,M-2003-16,T-83,P-28901,T-83,USA,12',12,first half,0,0
G-2285,M-2003-16,T-83,P-18634,T-83,USA,47',47,second half,0,0
G-2286,M-2003-16,T-83,P-89236,T-83,USA,65',65,second half,0,0
G-2287,M-2003-16,T-83,P-89416,T-83,USA,89',89,second half,0,1
G-2288,M-2003-17,T-09,P-90420,T-09,BRA,58',58,second half,0,0
G-2289,M-2003-17,T-30,P-17746,T-30,FRA,90'+2',90,"second half, stoppage time",0,0
G-2290,M-2003-18,T-53,P-70069,T-53,NOR,5',5,first half,0,0
G-2291,M-2003-18,T-53,P-49154,T-53,NOR,24',24,first half,0,0
G-2292,M-2003-18,T-53,P-49154,T-53,NOR,31',31,first half,0,0
G-2293,M-2003-18,T-53,P-75121,T-53,NOR,40',40,first half,0,0
G-2294,M-2003-18,T-53,P-04956,T-53,NOR,52',52,second half,0,0
G-2295,M-2003-18,T-71,P-32577,T-71,KOR,75',75,second half,0,0
G-2296,M-2003-18,T-53,P-65709,T-53,NOR,80',80,second half,0,0
G-2297,M-2003-18,T-53,P-65709,T-53,NOR,90',90,second half,0,0
G-2298,M-2003-19,T-31,P-50598,T-31,DEU,3',3,first half,0,0
G-2299,M-2003-19,T-31,P-53366,T-31,DEU,24',24,first half,0,1
G-2300,M-2003-19,T-31,P-52478,T-31,DEU,32',32,first half,0,0
G-2301,M-2003-19,T-31,P-50598,T-31,DEU,43',43,first half,0,0
G-2302,M-2003-19,T-03,P-70312,T-03,ARG,71',71,second half,0,0
G-2303,M-2003-19,T-31,P-09674,T-31,DEU,89',89,second half,0,0
G-2304,M-2003-19,T-31,P-80012,T-31,DEU,90'+2',90,"second half, stoppage time",0,0
G-2305,M-2003-20,T-44,P-72113,T-44,JPN,20',20,first half,0,0
G-2306,M-2003-20,T-12,P-74702,T-12,CAN,36',36,first half,0,0
G-2307,M-2003-20,T-12,P-97813,T-12,CAN,49',49,second half,0,0
G-2308,M-2003-20,T-12,P-20854,T-12,CAN,72',72,second half,0,0
G-2309,M-2003-21,T-74,P-31388,T-74,SWE,56',56,second half,0,0
G-2310,M-2003-21,T-74,P-31388,T-74,SWE,79',79,second half,0,0
G-2311,M-2003-21,T-74,P-52220,T-74,SWE,81',81,second half,0,0
G-2312,M-2003-22,T-83,P-89236,T-83,USA,17',17,first half,0,1
G-2313,M-2003-22,T-83,P-27814,T-83,USA,48',48,second half,0,0
G-2314,M-2003-22,T-83,P-27814,T-83,USA,66',66,second half,0,0
G-2315,M-2003-23,T-32,P-99818,T-32,GHA,34',34,first half,0,0
G-2316,M-2003-23,T-32,P-99818,T-32,GHA,39',39,first half,0,0
G-2317,M-2003-23,T-04,P-47947,T-04,AUS,61',61,second half,0,0
G-2318,M-2003-24,T-14,P-16075,T-14,CHN,16',16,first half,0,0
G-2319,M-2003-25,T-74,P-36470,T-74,SWE,23',23,first half,0,0
G-2320,M-2003-25,T-09,P-07458,T-09,BRA,44',44,first half,0,1
G-2321,M-2003-25,T-74,P-97773,T-74,SWE,53',53,second half,0,0
G-2322,M-2003-26,T-83,P-89236,T-83,USA,24',24,first half,0,0
G-2323,M-2003-27,T-31,P-80012,T-31,DEU,25',25,first half,0,0
G-2324,M-2003-27,T-31,P-53205,T-31,DEU,57',57,second half,0,0
G-2325,M-2003-27,T-31,P-08789,T-31,DEU,60',60,second half,0,0
G-2326,M-2003-27,T-31,P-08780,T-31,DEU,62',62,second half,0,0
G-2327,M-2003-27,T-62,P-17206,T-62,RUS,70',70,second half,0,0
G-2328,M-2003-27,T-31,P-52478,T-31,DEU,80',80,second half,0,0
G-2329,M-2003-27,T-31,P-08780,T-31,DEU,85',85,second half,0,0
G-2330,M-2003-27,T-31,P-52478,T-31,DEU,89',89,second half,0,0
G-2331,M-2003-28,T-12,P-26057,T-12,CAN,7',7,first half,0,0
G-2332,M-2003-29,T-31,P-08780,T-31,DEU,15',15,first half,0,0
G-2333,M-2003-29,T-31,P-50598,T-31,DEU,90'+1',90,"second half, stoppage time",0,0
G-2334,M-2003-29,T-31,P-52478,T-31,DEU,90'+3',90,"second half, stoppage time",0,0
G-2335,M-2003-30,T-12,P-20854,T-12,CAN,64',64,second half,0,0
G-2336,M-2003-30,T-74,P-52220,T-74,SWE,79',79,second half,0,0
G-2337,M-2003-30,T-74,P-29677,T-74,SWE,86',86,second half,0,0
G-2338,M-2003-31,T-83,P-25850,T-83,USA,22',22,first half,0,0
G-2339,M-2003-31,T-12,P-97813,T-12,CAN,38',38,first half,0,0
G-2340,M-2003-31,T-83,P-92403,T-83,USA,51',51,second half,0,0
G-2341,M-2003-31,T-83,P-98699,T-83,USA,80',80,second half,0,0
G-2342,M-2003-32,T-74,P-31388,T-74,SWE,41',41,first half,0,0
G-2343,M-2003-32,T-31,P-50598,T-31,DEU,46',46,second half,0,0
G-2344,M-2003-32,T-31,P-41816,T-31,DEU,98',98,"extra time, first half",0,0
G-2345,M-2006-01,T-31,P-18599,T-31,DEU,6',6,first half,0,0
G-2346,M-2006-01,T-17,P-22046,T-17,CRI,12',12,first half,0,0
G-2347,M-2006-01,T-31,P-27787,T-31,DEU,17',17,first half,0,0
G-2348,M-2006-01,T-31,P-27787,T-31,DEU,61',61,second half,0,0
G-2349,M-2006-01,T-17,P-22046,T-17,CRI,73',73,second half,0,0
G-2350,M-2006-01,T-31,P-35264,T-31,DEU,87',87,second half,0,0
G-2351,M-2006-02,T-25,P-86943,T-25,ECU,24',24,first half,0,0
G-2352,M-2006-02,T-25,P-19156,T-25,ECU,80',80,second half,0,0
G-2353,M-2006-03,T-28,P-19241,T-55,PRY,3',3,first half,1,0
G-2354,M-2006-05,T-03,P-19888,T-03,ARG,24',24,first half,0,0
G-2355,M-2006-05,T-03,P-38901,T-03,ARG,38',38,first half,0,0
G-2356,M-2006-05,T-42,P-99466,T-42,CIV,82',82,second half,0,0
G-2357,M-2006-06,T-48,P-23705,T-48,NLD,18',18,first half,0,0
G-2358,M-2006-07,T-46,P-34977,T-46,MEX,28',28,first half,0,0
G-2359,M-2006-07,T-38,P-20762,T-38,IRN,36',36,first half,0,0
G-2360,M-2006-07,T-46,P-34977,T-46,MEX,76',76,second half,0,0
G-2361,M-2006-07,T-46,P-30651,T-46,MEX,79',79,second half,0,0
G-2362,M-2006-08,T-58,P-57982,T-58,PRT,4',4,first half,0,0
G-2363,M-2006-09,T-44,P-77277,T-44,JPN,26',26,first half,0,0
G-2364,M-2006-09,T-04,P-44926,T-04,AUS,84',84,second half,0,0
G-2365,M-2006-09,T-04,P-44926,T-04,AUS,89',89,second half,0,0
G-2366,M-2006-09,T-04,P-59039,T-04,AUS,90'+2',90,"second half, stoppage time",0,0
G-2367,M-2006-10,T-20,P-81477,T-20,CZE,5',5,first half,0,0
G-2368,M-2006-10,T-20,P-29090,T-20,CZE,36',36,first half,0,0
G-2369,M-2006-10,T-20,P-29090,T-20,CZE,76',76,second half,0,0
G-2370,M-2006-11,T-41,P-99537,T-41,ITA,40',40,first half,0,0
G-2371,M-2006-11,T-41,P-38599,T-41,ITA,83',83,second half,0,0
G-2372,M-2006-12,T-77,P-04210,T-77,TGO,31',31,first half,0,0
G-2373,M-2006-12,T-71,P-22338,T-71,KOR,54',54,second half,0,0
G-2374,M-2006-12,T-71,P-26616,T-71,KOR,72',72,second half,0,0
G-2375,M-2006-14,T-09,P-58388,T-09,BRA,44',44,first half,0,0
G-2376,M-2006-15,T-73,P-73924,T-73,ESP,13',13,first half,0,0
G-2377,M-2006-15,T-73,P-49097,T-73,ESP,17',17,first half,0,0
G-2378,M-2006-15,T-73,P-49097,T-73,ESP,48',48,second half,0,1
G-2379,M-2006-15,T-73,P-71661,T-73,ESP,81',81,second half,0,0
G-2380,M-2006-16,T-79,P-00640,T-79,TUN,23',23,first half,0,0
G-2381,M-2006-16,T-63,P-87114,T-63,SAU,57',57,second half,0,0
G-2382,M-2006-16,T-63,P-88041,T-63,SAU,84',84,second half,0,0
G-2383,M-2006-16,T-79,P-76769,T-79,TUN,90'+2',90,"second half, stoppage time",0,0
G-2384,M-2006-17,T-31,P-55504,T-31,DEU,90'+1',90,"second half, stoppage time",0,0
G-2385,M-2006-18,T-25,P-86943,T-25,ECU,8',8,first half,0,0
G-2386,M-2006-18,T-25,P-19156,T-25,ECU,54',54,second half,0,0
G-2387,M-2006-18,T-25,P-03128,T-25,ECU,90'+2',90,"second half, stoppage time",0,0
G-2388,M-2006-19,T-28,P-77532,T-28,ENG,83',83,second half,0,0
G-2389,M-2006-19,T-28,P-62157,T-28,ENG,90'+1',90,"second half, stoppage time",0,0
G-2390,M-2006-20,T-74,P-84022,T-74,SWE,89',89,second half,0,0
G-2391,M-2006-21,T-03,P-33570,T-03,ARG,6',6,first half,0,0
G-2392,M-2006-21,T-03,P-66229,T-03,ARG,31',31,first half,0,0
G-2393,M-2006-21,T-03,P-33570,T-03,ARG,41',41,first half,0,0
G-2394,M-2006-21,T-03,P-19888,T-03,ARG,78',78,second half,0,0
G-2395,M-2006-21,T-03,P-29080,T-03,ARG,84',84,second half,0,0
G-2396,M-2006-21,T-03,P-14758,T-03,ARG,88',88,second half,0,0
G-2397,M-2006-22,T-48,P-99934,T-48,NLD,23',23,first half,0,0
G-2398,M-2006-22,T-48,P-03013,T-48,NLD,27',27,first half,0,0
G-2399,M-2006-22,T-42,P-64184,T-42,CIV,38',38,first half,0,0
G-2400,M-2006-24,T-58,P-96343,T-58,PRT,63',63,second half,0,0
G-2401,M-2006-24,T-58,P-70442,T-58,PRT,80',80,second half,0,1
G-2402,M-2006-25,T-32,P-38556,T-32,GHA,2',2,first half,0,0
G-2403,M-2006-25,T-32,P-50641,T-32,GHA,82',82,second half,0,0
G-2404,M-2006-26,T-41,P-48645,T-41,ITA,22',22,first half,0,0
G-2405,M-2006-26,T-83,P-14267,T-41,ITA,27',27,first half,1,0
G-2406,M-2006-28,T-09,P-20372,T-09,BRA,49',49,second half,0,0
G-2407,M-2006-28,T-09,P-54042,T-09,BRA,90',90,second half,0,0
G-2408,M-2006-29,T-30,P-51395,T-30,FRA,9',9,first half,0,0
G-2409,M-2006-29,T-71,P-25724,T-71,KOR,81',81,second half,0,0
G-2410,M-2006-30,T-75,P-61684,T-75,CHE,16',16,first half,0,0
G-2411,M-2006-30,T-75,P-97143,T-75,CHE,88',88,second half,0,0
G-2412,M-2006-31,T-81,P-07368,T-81,UKR,4',4,first half,0,0
G-2413,M-2006-31,T-81,P-56553,T-81,UKR,36',36,first half,0,0
G-2414,M-2006-31,T-81,P-86650,T-81,UKR,46',46,second half,0,0
G-2415,M-2006-31,T-81,P-98387,T-81,UKR,84',84,second half,0,0
G-2416,M-2006-32,T-79,P-61850,T-79,TUN,8',8,first half,0,0
G-2417,M-2006-32,T-73,P-24556,T-73,ESP,71',71,second half,0,0
G-2418,M-2006-32,T-73,P-71661,T-73,ESP,76',76,second half,0,0
G-2419,M-2006-32,T-73,P-71661,T-73,ESP,90'+1',90,"second half, stoppage time",0,1
G-2420,M-2006-33,T-17,P-55170,T-17,CRI,25',25,first half,0,0
G-2421,M-2006-33,T-57,P-37586,T-57,POL,33',33,first half,0,0
G-2422,M-2006-33,T-57,P-37586,T-57,POL,65',65,second half,0,0
G-2423,M-2006-34,T-31,P-27787,T-31,DEU,4',4,first half,0,0
G-2424,M-2006-34,T-31,P-27787,T-31,DEU,44',44,first half,0,0
G-2425,M-2006-34,T-31,P-36287,T-31,DEU,57',57,second half,0,0
G-2426,M-2006-35,T-55,P-52480,T-78,TTO,25',25,first half,1,0
G-2427,M-2006-35,T-55,P-88899,T-55,PRY,86',86,second half,0,0
G-2428,M-2006-36,T-28,P-37933,T-28,ENG,34',34,first half,0,0
G-2429,M-2006-36,T-74,P-45212,T-74,SWE,51',51,second half,0,0
G-2430,M-2006-36,T-28,P-62157,T-28,ENG,85',85,second half,0,0
G-2431,M-2006-36,T-74,P-42895,T-74,SWE,90',90,second half,0,0
G-2432,M-2006-37,T-02,P-78483,T-02,AGO,60',60,second half,0,0
G-2433,M-2006-37,T-38,P-02909,T-38,IRN,75',75,second half,0,0
G-2434,M-2006-38,T-58,P-17581,T-58,PRT,6',6,first half,0,0
G-2435,M-2006-38,T-58,P-32279,T-58,PRT,24',24,first half,0,1
G-2436,M-2006-38,T-46,P-89438,T-46,MEX,29',29,first half,0,0
G-2437,M-2006-39,T-67,P-18094,T-67,SCG,10',10,first half,0,0
G-2438,M-2006-39,T-67,P-05783,T-67,SCG,20',20,first half,0,0
G-2439,M-2006-39,T-42,P-93241,T-42,CIV,37',37,first half,0,1
G-2440,M-2006-39,T-42,P-93241,T-42,CIV,67',67,second half,0,0
G-2441,M-2006-39,T-42,P-67250,T-42,CIV,86',86,second half,0,1
G-2442,M-2006-41,T-41,P-37126,T-41,ITA,26',26,first half,0,0
G-2443,M-2006-41,T-41,P-29172,T-41,ITA,87',87,second half,0,0
G-2444,M-2006-42,T-32,P-51458,T-32,GHA,22',22,first half,0,0
G-2445,M-2006-42,T-83,P-18672,T-83,USA,43',43,first half,0,0
G-2446,M-2006-42,T-32,P-09728,T-32,GHA,45'+2',45,"first half, stoppage time",0,1
G-2447,M-2006-43,T-18,P-97008,T-18,HRV,2',2,first half,0,0
G-2448,M-2006-43,T-04,P-66908,T-04,AUS,38',38,first half,0,1
G-2449,M-2006-43,T-18,P-84378,T-18,HRV,56',56,second half,0,0
G-2450,M-2006-43,T-04,P-14290,T-04,AUS,79',79,second half,0,0
G-2451,M-2006-44,T-44,P-15134,T-44,JPN,34',34,first half,0,0
G-2452,M-2006-44,T-09,P-62722,T-09,BRA,45'+1',45,"first half, stoppage time",0,0
G-2453,M-2006-44,T-09,P-37735,T-09,BRA,53',53,second half,0,0
G-2454,M-2006-44,T-09,P-30363,T-09,BRA,59',59,second half,0,0
G-2455,M-2006-44,T-09,P-62722,T-09,BRA,81',81,second half,0,0
G-2456,M-2006-45,T-73,P-51440,T-73,ESP,36',36,first half,0,0
G-2457,M-2006-46,T-81,P-86650,T-81,UKR,70',70,second half,0,1
G-2458,M-2006-47,T-75,P-94161,T-75,CHE,23',23,first half,0,0
G-2459,M-2006-47,T-75,P-61684,T-75,CHE,77',77,second half,0,0
G-2460,M-2006-48,T-30,P-96540,T-30,FRA,55',55,second half,0,0
G-2461,M-2006-48,T-30,P-51395,T-30,FRA,61',61,second half,0,0
G-2462,M-2006-49,T-31,P-36287,T-31,DEU,4',4,first half,0,0
G-2463,M-2006-49,T-31,P-36287,T-31,DEU,12',12,first half,0,0
G-2464,M-2006-50,T-46,P-44763,T-46,MEX,6',6,first half,0,0
G-2465,M-2006-50,T-03,P-19888,T-03,ARG,10',10,first half,0,0
G-2466,M-2006-50,T-03,P-33570,T-03,ARG,98',98,"extra time, first half",0,0
G-2467,M-2006-51,T-28,P-81049,T-28,ENG,60',60,second half,0,0
G-2468,M-2006-52,T-58,P-17581,T-58,PRT,23',23,first half,0,0
G-2469,M-2006-53,T-41,P-42038,T-41,ITA,90'+5',90,"second half, stoppage time",0,1
G-2470,M-2006-55,T-09,P-62722,T-09,BRA,5',5,first half,0,0
G-2471,M-2006-55,T-09,P-20372,T-09,BRA,45'+1',45,"first half, stoppage time",0,0
G-2472,M-2006-55,T-09,P-39545,T-09,BRA,84',84,second half,0,0
G-2473,M-2006-56,T-73,P-49097,T-73,ESP,28',28,first half,0,1
G-2474,M-2006-56,T-30,P-55659,T-30,FRA,41',41,first half,0,0
G-2475,M-2006-56,T-30,P-96540,T-30,FRA,83',83,second half,0,0
G-2476,M-2006-56,T-30,P-56430,T-30,FRA,90'+2',90,"second half, stoppage time",0,0
G-2477,M-2006-57,T-03,P-83403,T-03,ARG,49',49,second half,0,0
G-2478,M-2006-57,T-31,P-27787,T-31,DEU,80',80,second half,0,0
G-2479,M-2006-58,T-41,P-42227,T-41,ITA,6',6,first half,0,0
G-2480,M-2006-58,T-41,P-96512,T-41,ITA,59',59,second half,0,0
G-2481,M-2006-58,T-41,P-96512,T-41,ITA,69',69,second half,0,0
G-2482,M-2006-60,T-30,P-51395,T-30,FRA,57',57,second half,0,0
G-2483,M-2006-61,T-41,P-99473,T-41,ITA,119',119,"extra time, second half",0,0
G-2484,M-2006-61,T-41,P-83836,T-41,ITA,120'+1',120,"extra time, second half, stoppage time",0,0
G-2485,M-2006-62,T-30,P-56430,T-30,FRA,33',33,first half,0,1
G-2486,M-2006-63,T-31,P-43400,T-31,DEU,56',56,second half,0,0
G-2487,M-2006-63,T-31,P-92307,T-58,PRT,60',60,second half,1,0
G-2488,M-2006-63,T-31,P-43400,T-31,DEU,78',78,second half,0,0
G-2489,M-2006-63,T-58,P-57631,T-58,PRT,88',88,second half,0,0
G-2490,M-2006-64,T-30,P-56430,T-30,FRA,7',7,first half,0,1
G-2491,M-2006-64,T-41,P-37126,T-41,ITA,19',19,first half,0,0
G-2492,M-2007-01,T-31,P-39260,T-31,DEU,12',12,first half,0,0
G-2493,M-2007-01,T-31,P-08780,T-31,DEU,17',17,first half,0,0
G-2494,M-2007-01,T-31,P-39260,T-31,DEU,24',24,first half,0,0
G-2495,M-2007-01,T-31,P-52478,T-31,DEU,29',29,first half,0,0
G-2496,M-2007-01,T-31,P-52478,T-31,DEU,45'+1',45,"first half, stoppage time",0,0
G-2497,M-2007-01,T-31,P-42444,T-31,DEU,51',51,second half,0,0
G-2498,M-2007-01,T-31,P-49074,T-31,DEU,57',57,second half,0,0
G-2499,M-2007-01,T-31,P-52478,T-31,DEU,59',59,second half,0,0
G-2500,M-2007-01,T-31,P-49074,T-31,DEU,70',70,second half,0,0
G-2501,M-2007-01,T-31,P-49074,T-31,DEU,79',79,second half,0,0
G-2502,M-2007-01,T-31,P-42444,T-31,DEU,90'+1',90,"second half, stoppage time",0,0
G-2503,M-2007-02,T-83,P-89236,T-83,USA,50',50,second half,0,0
G-2504,M-2007-02,T-51,P-96884,T-51,PRK,58',58,second half,0,0
G-2505,M-2007-02,T-51,P-83515,T-51,PRK,62',62,second half,0,0
G-2506,M-2007-02,T-83,P-54396,T-83,USA,69',69,second half,0,0
G-2507,M-2007-03,T-44,P-04310,T-44,JPN,55',55,second half,0,0
G-2508,M-2007-03,T-28,P-12357,T-28,ENG,81',81,second half,0,0
G-2509,M-2007-03,T-28,P-12357,T-28,ENG,83',83,second half,0,0
G-2510,M-2007-03,T-44,P-04310,T-44,JPN,90'+5',90,"second half, stoppage time",0,0
G-2511,M-2007-04,T-74,P-36470,T-74,SWE,50',50,second half,0,0
G-2512,M-2007-04,T-50,P-16613,T-50,NGA,82',82,second half,0,0
G-2513,M-2007-05,T-04,P-26286,T-04,AUS,15',15,first half,0,0
G-2514,M-2007-05,T-04,P-83079,T-04,AUS,57',57,second half,0,0
G-2515,M-2007-05,T-04,P-47947,T-04,AUS,69',69,second half,0,0
G-2516,M-2007-05,T-32,P-68309,T-32,GHA,70',70,second half,0,0
G-2517,M-2007-05,T-04,P-83079,T-04,AUS,81',81,second half,0,0
G-2518,M-2007-06,T-09,P-46780,T-09,BRA,10',10,first half,0,0
G-2519,M-2007-06,T-09,P-93057,T-09,BRA,54',54,second half,0,0
G-2520,M-2007-06,T-09,P-07458,T-09,BRA,74',74,second half,0,0
G-2521,M-2007-06,T-09,P-31275,T-09,BRA,86',86,second half,0,0
G-2522,M-2007-06,T-09,P-07458,T-09,BRA,90'+3',90,"second half, stoppage time",0,0
G-2523,M-2007-07,T-12,P-19025,T-12,CAN,33',33,first half,0,0
G-2524,M-2007-07,T-53,P-74483,T-53,NOR,52',52,second half,0,0
G-2525,M-2007-07,T-53,P-25199,T-53,NOR,81',81,second half,0,0
G-2526,M-2007-08,T-14,P-83032,T-14,CHN,31',31,first half,0,0
G-2527,M-2007-08,T-14,P-44137,T-14,CHN,50',50,second half,0,0
G-2528,M-2007-08,T-22,P-71560,T-22,DNK,51',51,second half,0,0
G-2529,M-2007-08,T-22,P-11819,T-22,DNK,87',87,second half,0,0
G-2530,M-2007-08,T-14,P-48604,T-14,CHN,88',88,second half,0,0
G-2531,M-2007-09,T-44,P-20246,T-44,JPN,90'+1',90,"second half, stoppage time",0,0
G-2532,M-2007-10,T-83,P-89236,T-83,USA,34',34,first half,0,1
G-2533,M-2007-10,T-83,P-89236,T-83,USA,58',58,second half,0,0
G-2534,M-2007-12,T-51,P-93587,T-51,PRK,17',17,first half,0,0
G-2535,M-2007-12,T-51,P-59010,T-51,PRK,21',21,first half,0,0
G-2536,M-2007-13,T-12,P-97813,T-12,CAN,16',16,first half,0,0
G-2537,M-2007-13,T-12,P-95092,T-12,CAN,55',55,second half,0,0
G-2538,M-2007-13,T-12,P-97813,T-12,CAN,62',62,second half,0,0
G-2539,M-2007-13,T-12,P-62671,T-12,CAN,77',77,second half,0,0
G-2540,M-2007-14,T-22,P-80373,T-22,DNK,61',61,second half,0,0
G-2541,M-2007-14,T-22,P-11819,T-22,DNK,66',66,second half,0,0
G-2542,M-2007-15,T-53,P-74483,T-53,NOR,5',5,first half,0,0
G-2543,M-2007-15,T-04,P-83079,T-04,AUS,83',83,second half,0,0
G-2544,M-2007-16,T-09,P-07458,T-09,BRA,42',42,first half,0,0
G-2545,M-2007-16,T-09,P-93057,T-09,BRA,47',47,second half,0,0
G-2546,M-2007-16,T-09,P-93057,T-09,BRA,48',48,second half,0,0
G-2547,M-2007-16,T-09,P-07458,T-09,BRA,70',70,second half,0,0
G-2548,M-2007-17,T-28,P-24548,T-03,ARG,9',9,first half,1,0
G-2549,M-2007-17,T-28,P-41187,T-28,ENG,10',10,first half,0,0
G-2550,M-2007-17,T-28,P-10986,T-28,ENG,50',50,second half,0,1
G-2551,M-2007-17,T-03,P-24548,T-03,ARG,60',60,second half,0,0
G-2552,M-2007-17,T-28,P-12357,T-28,ENG,64',64,second half,0,0
G-2553,M-2007-17,T-28,P-12357,T-28,ENG,77',77,second half,0,0
G-2554,M-2007-17,T-28,P-88697,T-28,ENG,90',90,second half,0,1
G-2555,M-2007-18,T-31,P-52478,T-31,DEU,21',21,first half,0,0
G-2556,M-2007-18,T-31,P-42444,T-31,DEU,87',87,second half,0,1
G-2557,M-2007-19,T-83,P-69030,T-83,USA,1',1,first half,0,0
G-2558,M-2007-20,T-74,P-96721,T-74,SWE,4',4,first half,0,0
G-2559,M-2007-20,T-51,P-07625,T-51,PRK,22',22,first half,0,0
G-2560,M-2007-20,T-74,P-96721,T-74,SWE,54',54,second half,0,0
G-2561,M-2007-21,T-12,P-27120,T-12,CAN,1',1,first half,0,0
G-2562,M-2007-21,T-04,P-87492,T-04,AUS,53',53,second half,0,0
G-2563,M-2007-21,T-12,P-97813,T-12,CAN,85',85,second half,0,0
G-2564,M-2007-21,T-04,P-19145,T-04,AUS,90'+2',90,"second half, stoppage time",0,0
G-2565,M-2007-22,T-53,P-25739,T-53,NOR,4',4,first half,0,0
G-2566,M-2007-22,T-53,P-74483,T-53,NOR,39',39,first half,0,0
G-2567,M-2007-22,T-53,P-25199,T-53,NOR,45',45,first half,0,1
G-2568,M-2007-22,T-53,P-09212,T-53,NOR,56',56,second half,0,0
G-2569,M-2007-22,T-53,P-74483,T-53,NOR,59',59,second half,0,0
G-2570,M-2007-22,T-53,P-74483,T-53,NOR,62',62,second half,0,0
G-2571,M-2007-22,T-53,P-60731,T-53,NOR,69',69,second half,0,0
G-2572,M-2007-22,T-32,P-47674,T-32,GHA,73',73,second half,0,0
G-2573,M-2007-22,T-32,P-52992,T-32,GHA,80',80,second half,0,1
G-2574,M-2007-23,T-09,P-26383,T-09,BRA,90'+1',90,"second half, stoppage time",0,0
G-2575,M-2007-24,T-14,P-83032,T-14,CHN,57',57,second half,0,0
G-2576,M-2007-24,T-14,P-57621,T-14,CHN,79',79,second half,0,0
G-2577,M-2007-25,T-31,P-08780,T-31,DEU,44',44,first half,0,0
G-2578,M-2007-25,T-31,P-42444,T-31,DEU,67',67,second half,0,0
G-2579,M-2007-25,T-31,P-67377,T-31,DEU,72',72,second half,0,0
G-2580,M-2007-26,T-83,P-89236,T-83,USA,48',48,second half,0,0
G-2581,M-2007-26,T-83,P-92403,T-83,USA,57',57,second half,0,0
G-2582,M-2007-26,T-83,P-25850,T-83,USA,60',60,second half,0,0
G-2583,M-2007-27,T-53,P-09212,T-53,NOR,32',32,first half,0,0
G-2584,M-2007-28,T-09,P-19610,T-09,BRA,4',4,first half,0,0
G-2585,M-2007-28,T-09,P-07458,T-09,BRA,23',23,first half,0,1
G-2586,M-2007-28,T-04,P-83079,T-04,AUS,36',36,first half,0,0
G-2587,M-2007-28,T-04,P-82607,T-04,AUS,68',68,second half,0,0
G-2588,M-2007-28,T-09,P-93057,T-09,BRA,75',75,second half,0,0
G-2589,M-2007-29,T-31,P-29694,T-53,NOR,42',42,first half,1,0
G-2590,M-2007-29,T-31,P-27862,T-31,DEU,72',72,second half,0,0
G-2591,M-2007-29,T-31,P-80012,T-31,DEU,75',75,second half,0,0
G-2592,M-2007-30,T-09,P-17276,T-83,USA,20',20,first half,1,0
G-2593,M-2007-30,T-09,P-07458,T-09,BRA,27',27,first half,0,0
G-2594,M-2007-30,T-09,P-93057,T-09,BRA,56',56,second half,0,0
G-2595,M-2007-30,T-09,P-07458,T-09,BRA,79',79,second half,0,0
G-2596,M-2007-31,T-83,P-89236,T-83,USA,30',30,first half,0,0
G-2597,M-2007-31,T-83,P-89236,T-83,USA,46',46,second half,0,0
G-2598,M-2007-31,T-83,P-69030,T-83,USA,58',58,second half,0,0
G-2599,M-2007-31,T-83,P-54396,T-83,USA,59',59,second half,0,0
G-2600,M-2007-31,T-53,P-74483,T-53,NOR,63',63,second half,0,0
G-2601,M-2007-32,T-31,P-52478,T-31,DEU,52',52,second half,0,0
G-2602,M-2007-32,T-31,P-47092,T-31,DEU,86',86,second half,0,0
G-2603,M-2010-01,T-70,P-31160,T-70,ZAF,55',55,second half,0,0
G-2604,M-2010-01,T-46,P-44763,T-46,MEX,79',79,second half,0,0
G-2605,M-2010-03,T-71,P-07494,T-71,KOR,7',7,first half,0,0
G-2606,M-2010-03,T-71,P-25724,T-71,KOR,52',52,second half,0,0
G-2607,M-2010-04,T-03,P-64352,T-03,ARG,6',6,first half,0,0
G-2608,M-2010-05,T-28,P-62157,T-28,ENG,4',4,first half,0,0
G-2609,M-2010-05,T-83,P-18672,T-83,USA,40',40,first half,0,0
G-2610,M-2010-06,T-69,P-17662,T-69,SVN,79',79,second half,0,0
G-2611,M-2010-07,T-32,P-38556,T-32,GHA,85',85,second half,0,1
G-2612,M-2010-08,T-31,P-36287,T-31,DEU,8',8,first half,0,0
G-2613,M-2010-08,T-31,P-27787,T-31,DEU,26',26,first half,0,0
G-2614,M-2010-08,T-31,P-28154,T-31,DEU,68',68,second half,0,0
G-2615,M-2010-08,T-31,P-10713,T-31,DEU,70',70,second half,0,0
G-2616,M-2010-09,T-48,P-52264,T-22,DNK,46',46,second half,1,0
G-2617,M-2010-09,T-48,P-33312,T-48,NLD,85',85,second half,0,0
G-2618,M-2010-10,T-44,P-33175,T-44,JPN,39',39,first half,0,0
G-2619,M-2010-11,T-55,P-87859,T-55,PRY,39',39,first half,0,0
G-2620,M-2010-11,T-41,P-65802,T-41,ITA,63',63,second half,0,0
G-2621,M-2010-12,T-68,P-14764,T-68,SVK,50',50,second half,0,0
G-2622,M-2010-12,T-49,P-57058,T-49,NZL,90'+3',90,"second half, stoppage time",0,0
G-2623,M-2010-14,T-09,P-94551,T-09,BRA,55',55,second half,0,0
G-2624,M-2010-14,T-09,P-78264,T-09,BRA,72',72,second half,0,0
G-2625,M-2010-14,T-51,P-01454,T-51,PRK,89',89,second half,0,0
G-2626,M-2010-15,T-13,P-74480,T-13,CHL,34',34,first half,0,0
G-2627,M-2010-16,T-75,P-77553,T-75,CHE,52',52,second half,0,0
G-2628,M-2010-17,T-84,P-86087,T-84,URY,24',24,first half,0,0
G-2629,M-2010-17,T-84,P-86087,T-84,URY,80',80,second half,0,1
G-2630,M-2010-17,T-84,P-11075,T-84,URY,90'+5',90,"second half, stoppage time",0,0
G-2631,M-2010-18,T-03,P-06608,T-71,KOR,17',17,first half,1,0
G-2632,M-2010-18,T-03,P-29398,T-03,ARG,33',33,first half,0,0
G-2633,M-2010-18,T-71,P-40927,T-71,KOR,45'+1',45,"first half, stoppage time",0,0
G-2634,M-2010-18,T-03,P-29398,T-03,ARG,76',76,second half,0,0
G-2635,M-2010-18,T-03,P-29398,T-03,ARG,80',80,second half,0,0
G-2636,M-2010-19,T-50,P-98626,T-50,NGA,16',16,first half,0,0
G-2637,M-2010-19,T-33,P-75292,T-33,GRC,44',44,first half,0,0
G-2638,M-2010-19,T-33,P-05210,T-33,GRC,71',71,second half,0,0
G-2639,M-2010-20,T-46,P-36515,T-46,MEX,64',64,second half,0,0
G-2640,M-2010-20,T-46,P-88428,T-46,MEX,79',79,second half,0,1
G-2641,M-2010-21,T-66,P-56515,T-66,SRB,38',38,first half,0,0
G-2642,M-2010-22,T-69,P-20008,T-69,SVN,13',13,first half,0,0
G-2643,M-2010-22,T-69,P-01012,T-69,SVN,42',42,first half,0,0
G-2644,M-2010-22,T-83,P-05728,T-83,USA,48',48,second half,0,0
G-2645,M-2010-22,T-83,P-97258,T-83,USA,82',82,second half,0,0
G-2646,M-2010-24,T-48,P-51336,T-48,NLD,53',53,second half,0,0
G-2647,M-2010-25,T-04,P-96211,T-04,AUS,11',11,first half,0,0
G-2648,M-2010-25,T-32,P-38556,T-32,GHA,25',25,first half,0,1
G-2649,M-2010-26,T-11,P-61703,T-11,CMR,10',10,first half,0,0
G-2650,M-2010-26,T-22,P-38862,T-22,DNK,33',33,first half,0,0
G-2651,M-2010-26,T-22,P-80170,T-22,DNK,61',61,second half,0,0
G-2652,M-2010-27,T-55,P-18210,T-55,PRY,27',27,first half,0,0
G-2653,M-2010-27,T-55,P-78654,T-55,PRY,86',86,second half,0,0
G-2654,M-2010-28,T-49,P-90145,T-49,NZL,7',7,first half,0,0
G-2655,M-2010-28,T-41,P-38599,T-41,ITA,29',29,first half,0,1
G-2656,M-2010-29,T-09,P-98528,T-09,BRA,25',25,first half,0,0
G-2657,M-2010-29,T-09,P-98528,T-09,BRA,50',50,second half,0,0
G-2658,M-2010-29,T-09,P-78264,T-09,BRA,62',62,second half,0,0
G-2659,M-2010-29,T-42,P-99466,T-42,CIV,79',79,second half,0,0
G-2660,M-2010-30,T-58,P-88101,T-58,PRT,29',29,first half,0,0
G-2661,M-2010-30,T-58,P-32279,T-58,PRT,53',53,second half,0,0
G-2662,M-2010-30,T-58,P-14428,T-58,PRT,56',56,second half,0,0
G-2663,M-2010-30,T-58,P-21434,T-58,PRT,60',60,second half,0,0
G-2664,M-2010-30,T-58,P-28404,T-58,PRT,81',81,second half,0,0
G-2665,M-2010-30,T-58,P-70442,T-58,PRT,87',87,second half,0,0
G-2666,M-2010-30,T-58,P-21434,T-58,PRT,89',89,second half,0,0
G-2667,M-2010-31,T-13,P-35574,T-13,CHL,75',75,second half,0,0
G-2668,M-2010-32,T-73,P-49097,T-73,ESP,17',17,first half,0,0
G-2669,M-2010-32,T-73,P-49097,T-73,ESP,51',51,second half,0,0
G-2670,M-2010-33,T-70,P-61943,T-70,ZAF,20',20,first half,0,0
G-2671,M-2010-33,T-70,P-39078,T-70,ZAF,37',37,first half,0,0
G-2672,M-2010-33,T-30,P-18830,T-30,FRA,70',70,second half,0,0
G-2673,M-2010-34,T-84,P-30486,T-84,URY,43',43,first half,0,0
G-2674,M-2010-35,T-03,P-39810,T-03,ARG,77',77,second half,0,0
G-2675,M-2010-35,T-03,P-60592,T-03,ARG,89',89,second half,0,0
G-2676,M-2010-36,T-50,P-98626,T-50,NGA,12',12,first half,0,0
G-2677,M-2010-36,T-71,P-07494,T-71,KOR,38',38,first half,0,0
G-2678,M-2010-36,T-71,P-06608,T-71,KOR,49',49,second half,0,0
G-2679,M-2010-36,T-50,P-98373,T-50,NGA,69',69,second half,0,1
G-2680,M-2010-37,T-28,P-42890,T-28,ENG,23',23,first half,0,0
G-2681,M-2010-38,T-83,P-05728,T-83,USA,90'+1',90,"second half, stoppage time",0,0
G-2682,M-2010-39,T-04,P-44926,T-04,AUS,69',69,second half,0,0
G-2683,M-2010-39,T-04,P-96211,T-04,AUS,73',73,second half,0,0
G-2684,M-2010-39,T-66,P-07371,T-66,SRB,84',84,second half,0,0
G-2685,M-2010-40,T-31,P-12818,T-31,DEU,60',60,second half,0,0
G-2686,M-2010-42,T-68,P-14764,T-68,SVK,25',25,first half,0,0
G-2687,M-2010-42,T-68,P-14764,T-68,SVK,73',73,second half,0,0
G-2688,M-2010-42,T-41,P-75306,T-41,ITA,81',81,second half,0,0
G-2689,M-2010-42,T-68,P-40368,T-68,SVK,89',89,second half,0,0
G-2690,M-2010-42,T-41,P-01045,T-41,ITA,90'+2',90,"second half, stoppage time",0,0
G-2691,M-2010-43,T-48,P-99934,T-48,NLD,36',36,first half,0,0
G-2692,M-2010-43,T-11,P-61703,T-11,CMR,65',65,second half,0,1
G-2693,M-2010-43,T-48,P-64344,T-48,NLD,83',83,second half,0,0
G-2694,M-2010-44,T-44,P-33175,T-44,JPN,17',17,first half,0,0
G-2695,M-2010-44,T-44,P-61292,T-44,JPN,30',30,first half,0,0
G-2696,M-2010-44,T-22,P-50534,T-22,DNK,81',81,second half,0,0
G-2697,M-2010-44,T-44,P-84807,T-44,JPN,87',87,second half,0,0
G-2698,M-2010-45,T-42,P-44934,T-42,CIV,14',14,first half,0,0
G-2699,M-2010-45,T-42,P-55581,T-42,CIV,20',20,first half,0,0
G-2700,M-2010-45,T-42,P-31976,T-42,CIV,82',82,second half,0,0
G-2701,M-2010-47,T-73,P-49097,T-73,ESP,24',24,first half,0,0
G-2702,M-2010-47,T-73,P-56330,T-73,ESP,37',37,first half,0,0
G-2703,M-2010-47,T-13,P-39840,T-13,CHL,47',47,second half,0,0
G-2704,M-2010-49,T-84,P-30486,T-84,URY,8',8,first half,0,0
G-2705,M-2010-49,T-71,P-40927,T-71,KOR,68',68,second half,0,0
G-2706,M-2010-49,T-84,P-30486,T-84,URY,80',80,second half,0,0
G-2707,M-2010-50,T-32,P-66316,T-32,GHA,5',5,first half,0,0
G-2708,M-2010-50,T-83,P-05728,T-83,USA,62',62,second half,0,1
G-2709,M-2010-50,T-32,P-38556,T-32,GHA,93',93,"extra time, first half",0,0
G-2710,M-2010-51,T-31,P-27787,T-31,DEU,20',20,first half,0,0
G-2711,M-2010-51,T-31,P-36287,T-31,DEU,32',32,first half,0,0
G-2712,M-2010-51,T-28,P-41152,T-28,ENG,37',37,first half,0,0
G-2713,M-2010-51,T-31,P-28154,T-31,DEU,67',67,second half,0,0
G-2714,M-2010-51,T-31,P-28154,T-31,DEU,70',70,second half,0,0
G-2715,M-2010-52,T-03,P-29080,T-03,ARG,26',26,first half,0,0
G-2716,M-2010-52,T-03,P-29398,T-03,ARG,33',33,first half,0,0
G-2717,M-2010-52,T-03,P-29080,T-03,ARG,52',52,second half,0,0
G-2718,M-2010-52,T-46,P-36515,T-46,MEX,71',71,second half,0,0
G-2719,M-2010-53,T-48,P-23705,T-48,NLD,18',18,first half,0,0
G-2720,M-2010-53,T-48,P-51336,T-48,NLD,84',84,second half,0,0
G-2721,M-2010-53,T-68,P-14764,T-68,SVK,90'+4',90,"second half, stoppage time",0,1
G-2722,M-2010-54,T-09,P-98607,T-09,BRA,35',35,first half,0,0
G-2723,M-2010-54,T-09,P-98528,T-09,BRA,38',38,first half,0,0
G-2724,M-2010-54,T-09,P-13354,T-09,BRA,59',59,second half,0,0
G-2725,M-2010-56,T-73,P-49097,T-73,ESP,63',63,second half,0,0
G-2726,M-2010-57,T-09,P-13354,T-09,BRA,10',10,first half,0,0
G-2727,M-2010-57,T-48,P-51336,T-48,NLD,53',53,second half,0,0
G-2728,M-2010-57,T-48,P-51336,T-48,NLD,68',68,second half,0,0
G-2729,M-2010-58,T-32,P-50641,T-32,GHA,45'+2',45,"first half, stoppage time",0,0
G-2730,M-2010-58,T-84,P-86087,T-84,URY,55',55,second half,0,0
G-2731,M-2010-59,T-31,P-28154,T-31,DEU,3',3,first half,0,0
G-2732,M-2010-59,T-31,P-27787,T-31,DEU,68',68,second half,0,0
G-2733,M-2010-59,T-31,P-43481,T-31,DEU,74',74,second half,0,0
G-2734,M-2010-59,T-31,P-27787,T-31,DEU,89',89,second half,0,0
G-2735,M-2010-60,T-73,P-49097,T-73,ESP,83',83,second half,0,0
G-2736,M-2010-61,T-48,P-21832,T-48,NLD,18',18,first half,0,0
G-2737,M-2010-61,T-84,P-86087,T-84,URY,41',41,first half,0,0
G-2738,M-2010-61,T-48,P-51336,T-48,NLD,70',70,second half,0,0
G-2739,M-2010-61,T-48,P-23705,T-48,NLD,73',73,second half,0,0
G-2740,M-2010-61,T-84,P-41944,T-84,URY,90'+2',90,"second half, stoppage time",0,0
G-2741,M-2010-62,T-73,P-51089,T-73,ESP,73',73,second half,0,0
G-2742,M-2010-63,T-31,P-28154,T-31,DEU,19',19,first half,0,0
G-2743,M-2010-63,T-84,P-59138,T-84,URY,28',28,first half,0,0
G-2744,M-2010-63,T-84,P-86087,T-84,URY,51',51,second half,0,0
G-2745,M-2010-63,T-31,P-50326,T-31,DEU,56',56,second half,0,0
G-2746,M-2010-63,T-31,P-13029,T-31,DEU,82',82,second half,0,0
G-2747,M-2010-64,T-73,P-56330,T-73,ESP,116',116,"extra time, second half",0,0
G-2748,M-2011-01,T-30,P-89379,T-30,FRA,56',56,second half,0,0
G-2749,M-2011-02,T-31,P-08780,T-31,DEU,10',10,first half,0,0
G-2750,M-2011-02,T-31,P-66612,T-31,DEU,42',42,first half,0,0
G-2751,M-2011-02,T-12,P-97813,T-12,CAN,82',82,second half,0,0
G-2752,M-2011-03,T-44,P-20246,T-44,JPN,6',6,first half,0,0
G-2753,M-2011-03,T-49,P-57283,T-49,NZL,12',12,first half,0,0
G-2754,M-2011-03,T-44,P-04310,T-44,JPN,68',68,second half,0,0
G-2755,M-2011-04,T-28,P-10986,T-28,ENG,21',21,first half,0,0
G-2756,M-2011-04,T-46,P-03700,T-46,MEX,33',33,first half,0,0
G-2757,M-2011-05,T-74,P-49071,T-74,SWE,57',57,second half,0,0
G-2758,M-2011-06,T-83,P-81449,T-83,USA,54',54,second half,0,0
G-2759,M-2011-06,T-83,P-76699,T-83,USA,76',76,second half,0,0
G-2760,M-2011-07,T-53,P-48031,T-53,NOR,84',84,second half,0,0
G-2761,M-2011-08,T-09,P-85281,T-09,BRA,54',54,second half,0,0
G-2762,M-2011-09,T-30,P-23859,T-30,FRA,24',24,first half,0,0
G-2763,M-2011-09,T-30,P-23859,T-30,FRA,60',60,second half,0,0
G-2764,M-2011-09,T-30,P-72635,T-30,FRA,66',66,second half,0,0
G-2765,M-2011-09,T-30,P-00064,T-30,FRA,83',83,second half,0,0
G-2766,M-2011-10,T-31,P-47092,T-31,DEU,54',54,second half,0,0
G-2767,M-2011-11,T-44,P-72113,T-44,JPN,13',13,first half,0,0
G-2768,M-2011-11,T-44,P-86882,T-44,JPN,15',15,first half,0,0
G-2769,M-2011-11,T-44,P-72113,T-44,JPN,39',39,first half,0,0
G-2770,M-2011-11,T-44,P-72113,T-44,JPN,80',80,second half,0,0
G-2771,M-2011-12,T-49,P-24335,T-49,NZL,18',18,first half,0,0
G-2772,M-2011-12,T-28,P-41187,T-28,ENG,63',63,second half,0,0
G-2773,M-2011-12,T-28,P-65975,T-28,ENG,81',81,second half,0,0
G-2774,M-2011-13,T-74,P-71934,T-74,SWE,64',64,second half,0,0
G-2775,M-2011-14,T-83,P-54396,T-83,USA,12',12,first half,0,0
G-2776,M-2011-14,T-83,P-09273,T-83,USA,50',50,second half,0,0
G-2777,M-2011-14,T-83,P-62104,T-83,USA,57',57,second half,0,0
G-2778,M-2011-15,T-04,P-36992,T-04,AUS,8',8,first half,0,0
G-2779,M-2011-15,T-29,P-37720,T-29,GNQ,21',21,first half,0,0
G-2780,M-2011-15,T-04,P-58730,T-04,AUS,48',48,second half,0,0
G-2781,M-2011-15,T-04,P-83079,T-04,AUS,51',51,second half,0,0
G-2782,M-2011-15,T-29,P-37720,T-29,GNQ,83',83,second half,0,0
G-2783,M-2011-16,T-09,P-07458,T-09,BRA,22',22,first half,0,0
G-2784,M-2011-16,T-09,P-85281,T-09,BRA,46',46,second half,0,0
G-2785,M-2011-16,T-09,P-07458,T-09,BRA,48',48,second half,0,0
G-2786,M-2011-17,T-28,P-84864,T-28,ENG,15',15,first half,0,0
G-2787,M-2011-17,T-28,P-38142,T-28,ENG,66',66,second half,0,0
G-2788,M-2011-18,T-46,P-40788,T-46,MEX,2',2,first half,0,0
G-2789,M-2011-18,T-46,P-92275,T-46,MEX,29',29,first half,0,0
G-2790,M-2011-18,T-49,P-46683,T-49,NZL,90',90,second half,0,0
G-2791,M-2011-18,T-49,P-44115,T-49,NZL,90'+4',90,"second half, stoppage time",0,0
G-2792,M-2011-19,T-50,P-55990,T-50,NGA,73',73,second half,0,0
G-2793,M-2011-20,T-31,P-08780,T-31,DEU,25',25,first half,0,0
G-2794,M-2011-20,T-31,P-27479,T-31,DEU,32',32,first half,0,0
G-2795,M-2011-20,T-30,P-89379,T-30,FRA,56',56,second half,0,0
G-2796,M-2011-20,T-31,P-27479,T-31,DEU,68',68,second half,0,1
G-2797,M-2011-20,T-30,P-75036,T-30,FRA,72',72,second half,0,0
G-2798,M-2011-20,T-31,P-66612,T-31,DEU,89',89,second half,0,0
G-2799,M-2011-21,T-53,P-38110,T-53,NOR,56',56,second half,0,0
G-2800,M-2011-21,T-04,P-77133,T-04,AUS,57',57,second half,0,0
G-2801,M-2011-21,T-04,P-77133,T-04,AUS,87',87,second half,0,0
G-2802,M-2011-22,T-09,P-82497,T-09,BRA,49',49,second half,0,0
G-2803,M-2011-22,T-09,P-93057,T-09,BRA,54',54,second half,0,0
G-2804,M-2011-22,T-09,P-93057,T-09,BRA,90'+3',90,"second half, stoppage time",0,1
G-2805,M-2011-24,T-74,P-71934,T-74,SWE,16',16,first half,0,1
G-2806,M-2011-24,T-74,P-72716,T-83,USA,35',35,first half,1,0
G-2807,M-2011-24,T-83,P-89236,T-83,USA,67',67,second half,0,0
G-2808,M-2011-25,T-28,P-41187,T-28,ENG,59',59,second half,0,0
G-2809,M-2011-25,T-30,P-81978,T-30,FRA,88',88,second half,0,0
G-2810,M-2011-26,T-44,P-30837,T-44,JPN,108',108,"extra time, second half",0,0
G-2811,M-2011-27,T-74,P-95194,T-74,SWE,11',11,first half,0,0
G-2812,M-2011-27,T-74,P-71934,T-74,SWE,16',16,first half,0,0
G-2813,M-2011-27,T-04,P-24314,T-04,AUS,40',40,first half,0,0
G-2814,M-2011-27,T-74,P-96721,T-74,SWE,52',52,second half,0,0
G-2815,M-2011-28,T-83,P-25746,T-09,BRA,2',2,first half,1,0
G-2816,M-2011-28,T-09,P-07458,T-09,BRA,68',68,second half,0,1
G-2817,M-2011-28,T-09,P-07458,T-09,BRA,92',92,"extra time, first half",0,0
G-2818,M-2011-28,T-83,P-89236,T-83,USA,120'+2',120,"extra time, second half, stoppage time",0,0
G-2819,M-2011-29,T-83,P-81449,T-83,USA,9',9,first half,0,0
G-2820,M-2011-29,T-30,P-25958,T-30,FRA,55',55,second half,0,0
G-2821,M-2011-29,T-83,P-89236,T-83,USA,79',79,second half,0,0
G-2822,M-2011-29,T-83,P-37034,T-83,USA,82',82,second half,0,0
G-2823,M-2011-30,T-74,P-29677,T-74,SWE,10',10,first half,0,0
G-2824,M-2011-30,T-44,P-79593,T-44,JPN,19',19,first half,0,0
G-2825,M-2011-30,T-44,P-72113,T-44,JPN,60',60,second half,0,0
G-2826,M-2011-30,T-44,P-79593,T-44,JPN,64',64,second half,0,0
G-2827,M-2011-31,T-74,P-96721,T-74,SWE,29',29,first half,0,0
G-2828,M-2011-31,T-30,P-00064,T-30,FRA,56',56,second half,0,0
G-2829,M-2011-31,T-74,P-16359,T-74,SWE,82',82,second half,0,0
G-2830,M-2011-32,T-83,P-37034,T-83,USA,69',69,second half,0,0
G-2831,M-2011-32,T-44,P-04310,T-44,JPN,81',81,second half,0,0
G-2832,M-2011-32,T-83,P-89236,T-83,USA,104',104,"extra time, first half",0,0
G-2833,M-2011-32,T-44,P-72113,T-44,JPN,117',117,"extra time, second half",0,0
G-2834,M-2014-01,T-18,P-70650,T-09,BRA,12',12,first half,1,0
G-2835,M-2014-01,T-09,P-87008,T-09,BRA,29',29,first half,0,0
G-2836,M-2014-01,T-09,P-87008,T-09,BRA,71',71,second half,0,1
G-2837,M-2014-01,T-09,P-37239,T-09,BRA,90'+1',90,"second half, stoppage time",0,0
G-2838,M-2014-02,T-46,P-83642,T-46,MEX,61',61,second half,0,0
G-2839,M-2014-03,T-73,P-73924,T-73,ESP,27',27,first half,0,1
G-2840,M-2014-03,T-48,P-99934,T-48,NLD,44',44,first half,0,0
G-2841,M-2014-03,T-48,P-23705,T-48,NLD,53',53,second half,0,0
G-2842,M-2014-03,T-48,P-70280,T-48,NLD,64',64,second half,0,0
G-2843,M-2014-03,T-48,P-99934,T-48,NLD,72',72,second half,0,0
G-2844,M-2014-03,T-48,P-23705,T-48,NLD,80',80,second half,0,0
G-2845,M-2014-04,T-13,P-30014,T-13,CHL,12',12,first half,0,0
G-2846,M-2014-04,T-13,P-65631,T-13,CHL,14',14,first half,0,0
G-2847,M-2014-04,T-04,P-44926,T-04,AUS,35',35,first half,0,0
G-2848,M-2014-04,T-13,P-74480,T-13,CHL,90'+2',90,"second half, stoppage time",0,0
G-2849,M-2014-05,T-16,P-95402,T-16,COL,5',5,first half,0,0
G-2850,M-2014-05,T-16,P-77705,T-16,COL,58',58,second half,0,0
G-2851,M-2014-05,T-16,P-89392,T-16,COL,90'+3',90,"second half, stoppage time",0,0
G-2852,M-2014-06,T-84,P-59138,T-84,URY,24',24,first half,0,1
G-2853,M-2014-06,T-17,P-70812,T-17,CRI,54',54,second half,0,0
G-2854,M-2014-06,T-17,P-97912,T-17,CRI,57',57,second half,0,0
G-2855,M-2014-06,T-17,P-11307,T-17,CRI,84',84,second half,0,0
G-2856,M-2014-07,T-41,P-37848,T-41,ITA,35',35,first half,0,0
G-2857,M-2014-07,T-28,P-06678,T-28,ENG,37',37,first half,0,0
G-2858,M-2014-07,T-41,P-16785,T-41,ITA,50',50,second half,0,0
G-2859,M-2014-08,T-44,P-33175,T-44,JPN,16',16,first half,0,0
G-2860,M-2014-08,T-42,P-84532,T-42,CIV,64',64,second half,0,0
G-2861,M-2014-08,T-42,P-33586,T-42,CIV,66',66,second half,0,0
G-2862,M-2014-09,T-25,P-75912,T-25,ECU,22',22,first half,0,0
G-2863,M-2014-09,T-75,P-51579,T-75,CHE,48',48,second half,0,0
G-2864,M-2014-09,T-75,P-07180,T-75,CHE,90'+3',90,"second half, stoppage time",0,0
G-2865,M-2014-10,T-30,P-35408,T-30,FRA,45',45,first half,0,1
G-2866,M-2014-10,T-30,P-93059,T-35,HND,48',48,second half,1,0
G-2867,M-2014-10,T-30,P-35408,T-30,FRA,72',72,second half,0,0
G-2868,M-2014-11,T-03,P-96934,T-08,BIH,3',3,first half,1,0
G-2869,M-2014-11,T-03,P-14758,T-03,ARG,65',65,second half,0,0
G-2870,M-2014-11,T-08,P-43723,T-08,BIH,85',85,second half,0,0
G-2871,M-2014-12,T-31,P-28154,T-31,DEU,12',12,first half,0,1
G-2872,M-2014-12,T-31,P-81447,T-31,DEU,32',32,first half,0,0
G-2873,M-2014-12,T-31,P-28154,T-31,DEU,45'+1',45,"first half, stoppage time",0,0
G-2874,M-2014-12,T-31,P-28154,T-31,DEU,78',78,second half,0,0
G-2875,M-2014-14,T-83,P-18672,T-83,USA,1',1,first half,0,0
G-2876,M-2014-14,T-32,P-01945,T-32,GHA,82',82,second half,0,0
G-2877,M-2014-14,T-83,P-41262,T-83,USA,86',86,second half,0,0
G-2878,M-2014-15,T-01,P-12165,T-01,DZA,25',25,first half,0,1
G-2879,M-2014-15,T-06,P-63363,T-06,BEL,70',70,second half,0,0
G-2880,M-2014-15,T-06,P-84852,T-06,BEL,80',80,second half,0,0
G-2881,M-2014-17,T-71,P-71308,T-71,KOR,68',68,second half,0,0
G-2882,M-2014-17,T-62,P-89971,T-62,RUS,74',74,second half,0,0
G-2883,M-2014-18,T-48,P-23705,T-48,NLD,20',20,first half,0,0
G-2884,M-2014-18,T-04,P-44926,T-04,AUS,21',21,first half,0,0
G-2885,M-2014-18,T-04,P-37275,T-04,AUS,54',54,second half,0,1
G-2886,M-2014-18,T-48,P-99934,T-48,NLD,58',58,second half,0,0
G-2887,M-2014-18,T-48,P-27540,T-48,NLD,68',68,second half,0,0
G-2888,M-2014-19,T-13,P-36808,T-13,CHL,20',20,first half,0,0
G-2889,M-2014-19,T-13,P-22391,T-13,CHL,43',43,first half,0,0
G-2890,M-2014-20,T-18,P-13265,T-18,HRV,11',11,first half,0,0
G-2891,M-2014-20,T-18,P-93884,T-18,HRV,48',48,second half,0,0
G-2892,M-2014-20,T-18,P-25745,T-18,HRV,61',61,second half,0,0
G-2893,M-2014-20,T-18,P-25745,T-18,HRV,73',73,second half,0,0
G-2894,M-2014-21,T-16,P-89392,T-16,COL,64',64,second half,0,0
G-2895,M-2014-21,T-16,P-14499,T-16,COL,70',70,second half,0,0
G-2896,M-2014-21,T-42,P-33586,T-42,CIV,73',73,second half,0,0
G-2897,M-2014-22,T-84,P-30486,T-84,URY,39',39,first half,0,0
G-2898,M-2014-22,T-28,P-99967,T-28,ENG,75',75,second half,0,0
G-2899,M-2014-22,T-84,P-30486,T-84,URY,85',85,second half,0,0
G-2900,M-2014-24,T-17,P-99590,T-17,CRI,44',44,first half,0,0
G-2901,M-2014-25,T-30,P-89750,T-30,FRA,17',17,first half,0,0
G-2902,M-2014-25,T-30,P-04964,T-30,FRA,18',18,first half,0,0
G-2903,M-2014-25,T-30,P-84312,T-30,FRA,40',40,first half,0,0
G-2904,M-2014-25,T-30,P-35408,T-30,FRA,67',67,second half,0,0
G-2905,M-2014-25,T-30,P-07870,T-30,FRA,73',73,second half,0,0
G-2906,M-2014-25,T-75,P-35818,T-75,CHE,81',81,second half,0,0
G-2907,M-2014-25,T-75,P-77224,T-75,CHE,87',87,second half,0,0
G-2908,M-2014-26,T-35,P-38682,T-35,HND,31',31,first half,0,0
G-2909,M-2014-26,T-25,P-75912,T-25,ECU,34',34,first half,0,0
G-2910,M-2014-26,T-25,P-75912,T-25,ECU,65',65,second half,0,0
G-2911,M-2014-27,T-03,P-14758,T-03,ARG,90'+1',90,"second half, stoppage time",0,0
G-2912,M-2014-28,T-31,P-63673,T-31,DEU,51',51,second half,0,0
G-2913,M-2014-28,T-32,P-01945,T-32,GHA,54',54,second half,0,0
G-2914,M-2014-28,T-32,P-38556,T-32,GHA,63',63,second half,0,0
G-2915,M-2014-28,T-31,P-27787,T-31,DEU,71',71,second half,0,0
G-2916,M-2014-29,T-50,P-70006,T-50,NGA,29',29,first half,0,0
G-2917,M-2014-30,T-06,P-77619,T-06,BEL,88',88,second half,0,0
G-2918,M-2014-31,T-01,P-59199,T-01,DZA,26',26,first half,0,0
G-2919,M-2014-31,T-01,P-19453,T-01,DZA,28',28,first half,0,0
G-2920,M-2014-31,T-01,P-59147,T-01,DZA,38',38,first half,0,0
G-2921,M-2014-31,T-71,P-77335,T-71,KOR,50',50,second half,0,0
G-2922,M-2014-31,T-01,P-24983,T-01,DZA,62',62,second half,0,0
G-2923,M-2014-31,T-71,P-47440,T-71,KOR,72',72,second half,0,0
G-2924,M-2014-32,T-58,P-78296,T-58,PRT,5',5,first half,0,0
G-2925,M-2014-32,T-83,P-10072,T-83,USA,64',64,second half,0,0
G-2926,M-2014-32,T-83,P-18672,T-83,USA,81',81,second half,0,0
G-2927,M-2014-32,T-58,P-25600,T-58,PRT,90'+5',90,"second half, stoppage time",0,0
G-2928,M-2014-33,T-73,P-49097,T-73,ESP,36',36,first half,0,0
G-2929,M-2014-33,T-73,P-71661,T-73,ESP,69',69,second half,0,0
G-2930,M-2014-33,T-73,P-47597,T-73,ESP,82',82,second half,0,0
G-2931,M-2014-34,T-48,P-20877,T-48,NLD,77',77,second half,0,0
G-2932,M-2014-34,T-48,P-27540,T-48,NLD,90'+2',90,"second half, stoppage time",0,0
G-2933,M-2014-35,T-09,P-87008,T-09,BRA,17',17,first half,0,0
G-2934,M-2014-35,T-11,P-47974,T-11,CMR,26',26,first half,0,0
G-2935,M-2014-35,T-09,P-87008,T-09,BRA,35',35,first half,0,0
G-2936,M-2014-35,T-09,P-54042,T-09,BRA,49',49,second half,0,0
G-2937,M-2014-35,T-09,P-41758,T-09,BRA,84',84,second half,0,0
G-2938,M-2014-36,T-46,P-44763,T-46,MEX,72',72,second half,0,0
G-2939,M-2014-36,T-46,P-40312,T-46,MEX,75',75,second half,0,0
G-2940,M-2014-36,T-46,P-36515,T-46,MEX,82',82,second half,0,0
G-2941,M-2014-36,T-18,P-93884,T-18,HRV,87',87,second half,0,0
G-2942,M-2014-38,T-84,P-78440,T-84,URY,81',81,second half,0,0
G-2943,M-2014-39,T-16,P-83216,T-16,COL,17',17,first half,0,1
G-2944,M-2014-39,T-44,P-84807,T-44,JPN,45'+1',45,"first half, stoppage time",0,0
G-2945,M-2014-39,T-16,P-01068,T-16,COL,55',55,second half,0,0
G-2946,M-2014-39,T-16,P-01068,T-16,COL,82',82,second half,0,0
G-2947,M-2014-39,T-16,P-89392,T-16,COL,90',90,second half,0,0
G-2948,M-2014-40,T-33,P-30845,T-33,GRC,42',42,first half,0,0
G-2949,M-2014-40,T-42,P-84532,T-42,CIV,74',74,second half,0,0
G-2950,M-2014-40,T-33,P-58348,T-33,GRC,90'+3',90,"second half, stoppage time",0,1
G-2951,M-2014-41,T-08,P-31839,T-08,BIH,23',23,first half,0,0
G-2952,M-2014-41,T-08,P-19478,T-08,BIH,59',59,second half,0,0
G-2953,M-2014-41,T-38,P-85324,T-38,IRN,82',82,second half,0,0
G-2954,M-2014-41,T-08,P-35118,T-08,BIH,83',83,second half,0,0
G-2955,M-2014-42,T-03,P-14758,T-03,ARG,3',3,first half,0,0
G-2956,M-2014-42,T-50,P-19591,T-50,NGA,4',4,first half,0,0
G-2957,M-2014-42,T-03,P-14758,T-03,ARG,45'+1',45,"first half, stoppage time",0,0
G-2958,M-2014-42,T-50,P-19591,T-50,NGA,47',47,second half,0,0
G-2959,M-2014-42,T-03,P-18222,T-03,ARG,50',50,second half,0,0
G-2960,M-2014-43,T-75,P-39460,T-75,CHE,6',6,first half,0,0
G-2961,M-2014-43,T-75,P-39460,T-75,CHE,31',31,first half,0,0
G-2962,M-2014-43,T-75,P-39460,T-75,CHE,71',71,second half,0,0
G-2963,M-2014-45,T-58,P-06024,T-32,GHA,31',31,first half,1,0
G-2964,M-2014-45,T-32,P-38556,T-32,GHA,57',57,second half,0,0
G-2965,M-2014-45,T-58,P-70442,T-58,PRT,80',80,second half,0,0
G-2966,M-2014-46,T-31,P-28154,T-31,DEU,55',55,second half,0,0
G-2967,M-2014-47,T-62,P-67113,T-62,RUS,6',6,first half,0,0
G-2968,M-2014-47,T-01,P-59199,T-01,DZA,60',60,second half,0,0
G-2969,M-2014-48,T-06,P-64049,T-06,BEL,78',78,second half,0,0
G-2970,M-2014-49,T-09,P-87449,T-09,BRA,18',18,first half,0,0
G-2971,M-2014-49,T-13,P-30014,T-13,CHL,32',32,first half,0,0
G-2972,M-2014-50,T-16,P-89392,T-16,COL,28',28,first half,0,0
G-2973,M-2014-50,T-16,P-89392,T-16,COL,50',50,second half,0,0
G-2974,M-2014-51,T-46,P-77047,T-46,MEX,48',48,second half,0,0
G-2975,M-2014-51,T-48,P-51336,T-48,NLD,88',88,second half,0,0
G-2976,M-2014-51,T-48,P-64344,T-48,NLD,90'+4',90,"second half, stoppage time",0,1
G-2977,M-2014-52,T-17,P-99590,T-17,CRI,52',52,second half,0,0
G-2978,M-2014-52,T-33,P-11436,T-33,GRC,90'+1',90,"second half, stoppage time",0,0
G-2979,M-2014-53,T-30,P-17509,T-30,FRA,79',79,second half,0,0
G-2980,M-2014-53,T-30,P-64104,T-50,NGA,90'+2',90,"second half, stoppage time",1,0
G-2981,M-2014-54,T-31,P-46979,T-31,DEU,92',92,"extra time, first half",0,0
G-2982,M-2014-54,T-31,P-12818,T-31,DEU,120',120,"extra time, second half",0,0
G-2983,M-2014-54,T-01,P-59147,T-01,DZA,120'+1',120,"extra time, second half, stoppage time",0,0
G-2984,M-2014-55,T-03,P-42113,T-03,ARG,118',118,"extra time, second half",0,0
G-2985,M-2014-56,T-06,P-48955,T-06,BEL,93',93,"extra time, first half",0,0
G-2986,M-2014-56,T-06,P-72637,T-06,BEL,105',105,"extra time, first half",0,0
G-2987,M-2014-56,T-83,P-91438,T-83,USA,107',107,"extra time, second half",0,0
G-2988,M-2014-57,T-31,P-81447,T-31,DEU,13',13,first half,0,0
G-2989,M-2014-58,T-09,P-32798,T-09,BRA,7',7,first half,0,0
G-2990,M-2014-58,T-09,P-87449,T-09,BRA,69',69,second half,0,0
G-2991,M-2014-58,T-16,P-89392,T-16,COL,80',80,second half,0,1
G-2992,M-2014-59,T-03,P-29398,T-03,ARG,8',8,first half,0,0
G-2993,M-2014-61,T-31,P-28154,T-31,DEU,11',11,first half,0,0
G-2994,M-2014-61,T-31,P-27787,T-31,DEU,23',23,first half,0,0
G-2995,M-2014-61,T-31,P-39356,T-31,DEU,24',24,first half,0,0
G-2996,M-2014-61,T-31,P-39356,T-31,DEU,26',26,first half,0,0
G-2997,M-2014-61,T-31,P-13029,T-31,DEU,29',29,first half,0,0
G-2998,M-2014-61,T-31,P-46979,T-31,DEU,69',69,second half,0,0
G-2999,M-2014-61,T-31,P-46979,T-31,DEU,79',79,second half,0,0
G-3000,M-2014-61,T-09,P-37239,T-09,BRA,90',90,second half,0,0
G-3001,M-2014-63,T-48,P-99934,T-48,NLD,3',3,first half,0,1
G-3002,M-2014-63,T-48,P-39861,T-48,NLD,17',17,first half,0,0
G-3003,M-2014-63,T-48,P-85698,T-48,NLD,90'+1',90,"second half, stoppage time",0,0
G-3004,M-2014-64,T-31,P-63673,T-31,DEU,113',113,"extra time, second half",0,0
G-3005,M-2015-01,T-12,P-97813,T-12,CAN,90'+2',90,"second half, stoppage time",0,1
G-3006,M-2015-02,T-48,P-00336,T-48,NLD,33',33,first half,0,0
G-3007,M-2015-03,T-53,P-29694,T-53,NOR,15',15,first half,0,0
G-3008,M-2015-03,T-53,P-09212,T-53,NOR,29',29,first half,0,0
G-3009,M-2015-03,T-53,P-09212,T-53,NOR,34',34,first half,0,0
G-3010,M-2015-03,T-53,P-20831,T-53,NOR,68',68,second half,0,0
G-3011,M-2015-04,T-31,P-66612,T-31,DEU,3',3,first half,0,0
G-3012,M-2015-04,T-31,P-66612,T-31,DEU,14',14,first half,0,0
G-3013,M-2015-04,T-31,P-30564,T-31,DEU,29',29,first half,0,0
G-3014,M-2015-04,T-31,P-66612,T-31,DEU,31',31,first half,0,0
G-3015,M-2015-04,T-31,P-30564,T-31,DEU,35',35,first half,0,0
G-3016,M-2015-04,T-31,P-30564,T-31,DEU,64',64,second half,0,0
G-3017,M-2015-04,T-31,P-47092,T-31,DEU,71',71,second half,0,0
G-3018,M-2015-04,T-31,P-29896,T-31,DEU,75',75,second half,0,0
G-3019,M-2015-04,T-31,P-39260,T-31,DEU,79',79,second half,0,0
G-3020,M-2015-04,T-31,P-80216,T-31,DEU,85',85,second half,0,0
G-3021,M-2015-05,T-74,P-67645,T-50,NGA,21',21,first half,1,0
G-3022,M-2015-05,T-74,P-52228,T-74,SWE,31',31,first half,0,0
G-3023,M-2015-05,T-50,P-22604,T-50,NGA,50',50,second half,0,0
G-3024,M-2015-05,T-50,P-59598,T-50,NGA,53',53,second half,0,0
G-3025,M-2015-05,T-74,P-10056,T-74,SWE,60',60,second half,0,0
G-3026,M-2015-05,T-50,P-86061,T-50,NGA,87',87,second half,0,0
G-3027,M-2015-06,T-11,P-43002,T-11,CMR,34',34,first half,0,0
G-3028,M-2015-06,T-11,P-18928,T-11,CMR,36',36,first half,0,0
G-3029,M-2015-06,T-11,P-22573,T-11,CMR,44',44,first half,0,1
G-3030,M-2015-06,T-11,P-18928,T-11,CMR,73',73,second half,0,0
G-3031,M-2015-06,T-11,P-24905,T-11,CMR,79',79,second half,0,1
G-3032,M-2015-06,T-11,P-18928,T-11,CMR,90'+4',90,"second half, stoppage time",0,1
G-3033,M-2015-07,T-83,P-09273,T-83,USA,12',12,first half,0,0
G-3034,M-2015-07,T-04,P-83079,T-04,AUS,27',27,first half,0,0
G-3035,M-2015-07,T-83,P-79931,T-83,USA,61',61,second half,0,0
G-3036,M-2015-07,T-83,P-09273,T-83,USA,78',78,second half,0,0
G-3037,M-2015-08,T-44,P-04310,T-44,JPN,29',29,first half,0,1
G-3038,M-2015-09,T-30,P-70239,T-30,FRA,29',29,first half,0,0
G-3039,M-2015-10,T-73,P-10289,T-73,ESP,13',13,first half,0,0
G-3040,M-2015-10,T-17,P-08309,T-17,CRI,14',14,first half,0,0
G-3041,M-2015-11,T-46,P-32979,T-46,MEX,36',36,first half,0,0
G-3042,M-2015-11,T-16,P-24999,T-16,COL,82',82,second half,0,0
G-3043,M-2015-12,T-09,P-19610,T-09,BRA,33',33,first half,0,0
G-3044,M-2015-12,T-09,P-07458,T-09,BRA,53',53,second half,0,1
G-3045,M-2015-13,T-14,P-59654,T-14,CHN,90'+1',90,"second half, stoppage time",0,0
G-3046,M-2015-14,T-31,P-30564,T-31,DEU,6',6,first half,0,0
G-3047,M-2015-14,T-53,P-74073,T-53,NOR,61',61,second half,0,0
G-3048,M-2015-16,T-42,P-26065,T-42,CIV,4',4,first half,0,0
G-3049,M-2015-16,T-76,P-42972,T-76,THA,26',26,first half,0,0
G-3050,M-2015-16,T-76,P-42972,T-76,THA,45'+3',45,"first half, stoppage time",0,0
G-3051,M-2015-16,T-76,P-34796,T-76,THA,75',75,second half,0,0
G-3052,M-2015-16,T-42,P-06222,T-42,CIV,88',88,second half,0,0
G-3053,M-2015-17,T-75,P-18236,T-25,ECU,24',24,first half,1,0
G-3054,M-2015-17,T-75,P-25824,T-75,CHE,45'+2',45,"first half, stoppage time",0,0
G-3055,M-2015-17,T-75,P-28291,T-75,CHE,47',47,second half,0,0
G-3056,M-2015-17,T-75,P-28291,T-75,CHE,49',49,second half,0,0
G-3057,M-2015-17,T-75,P-28291,T-75,CHE,52',52,second half,0,0
G-3058,M-2015-17,T-75,P-61487,T-75,CHE,60',60,second half,0,1
G-3059,M-2015-17,T-75,P-61487,T-75,CHE,61',61,second half,0,0
G-3060,M-2015-17,T-25,P-18236,T-25,ECU,64',64,second half,0,1
G-3061,M-2015-17,T-75,P-18236,T-25,ECU,71',71,second half,1,0
G-3062,M-2015-17,T-75,P-15441,T-75,CHE,76',76,second half,0,0
G-3063,M-2015-17,T-75,P-61487,T-75,CHE,81',81,second half,0,0
G-3064,M-2015-18,T-04,P-77133,T-04,AUS,29',29,first half,0,0
G-3065,M-2015-18,T-04,P-77133,T-04,AUS,68',68,second half,0,0
G-3066,M-2015-19,T-44,P-75658,T-44,JPN,6',6,first half,0,0
G-3067,M-2015-19,T-44,P-34571,T-44,JPN,17',17,first half,0,0
G-3068,M-2015-19,T-11,P-69986,T-11,CMR,90',90,second half,0,0
G-3069,M-2015-21,T-16,P-24913,T-16,COL,19',19,first half,0,0
G-3070,M-2015-21,T-16,P-76437,T-16,COL,90'+3',90,"second half, stoppage time",0,0
G-3071,M-2015-22,T-09,P-91993,T-09,BRA,44',44,first half,0,0
G-3072,M-2015-23,T-28,P-61922,T-28,ENG,71',71,second half,0,0
G-3073,M-2015-23,T-28,P-34666,T-28,ENG,82',82,second half,0,0
G-3074,M-2015-23,T-46,P-33442,T-46,MEX,90'+1',90,"second half, stoppage time",0,0
G-3075,M-2015-24,T-17,P-83648,T-17,CRI,17',17,first half,0,0
G-3076,M-2015-24,T-71,P-08264,T-71,KOR,21',21,first half,0,1
G-3077,M-2015-24,T-71,P-83266,T-71,KOR,25',25,first half,0,0
G-3078,M-2015-24,T-17,P-87850,T-17,CRI,89',89,second half,0,0
G-3079,M-2015-25,T-31,P-17418,T-31,DEU,24',24,first half,0,0
G-3080,M-2015-25,T-31,P-27184,T-31,DEU,56',56,second half,0,0
G-3081,M-2015-25,T-31,P-27184,T-31,DEU,58',58,second half,0,0
G-3082,M-2015-25,T-31,P-29896,T-31,DEU,73',73,second half,0,0
G-3083,M-2015-26,T-53,P-20831,T-53,NOR,6',6,first half,0,0
G-3084,M-2015-26,T-53,P-20831,T-53,NOR,62',62,second half,0,0
G-3085,M-2015-26,T-53,P-70069,T-53,NOR,67',67,second half,0,0
G-3086,M-2015-26,T-42,P-26065,T-42,CIV,71',71,second half,0,0
G-3087,M-2015-27,T-49,P-44826,T-49,NZL,28',28,first half,0,0
G-3088,M-2015-27,T-14,P-59654,T-14,CHN,41',41,first half,0,1
G-3089,M-2015-27,T-14,P-40014,T-14,CHN,60',60,second half,0,0
G-3090,M-2015-27,T-49,P-44115,T-49,NZL,64',64,second half,0,0
G-3091,M-2015-28,T-12,P-67881,T-12,CAN,10',10,first half,0,0
G-3092,M-2015-28,T-48,P-98141,T-48,NLD,87',87,second half,0,0
G-3093,M-2015-29,T-75,P-96874,T-75,CHE,24',24,first half,0,0
G-3094,M-2015-29,T-11,P-24905,T-11,CMR,47',47,second half,0,0
G-3095,M-2015-29,T-11,P-43002,T-11,CMR,62',62,second half,0,0
G-3096,M-2015-30,T-44,P-20246,T-44,JPN,5',5,first half,0,0
G-3097,M-2015-31,T-83,P-89236,T-83,USA,45',45,first half,0,0
G-3098,M-2015-32,T-04,P-83079,T-04,AUS,5',5,first half,0,0
G-3099,M-2015-32,T-74,P-27729,T-74,SWE,15',15,first half,0,0
G-3100,M-2015-33,T-28,P-34666,T-28,ENG,15',15,first half,0,0
G-3101,M-2015-33,T-28,P-10986,T-28,ENG,38',38,first half,0,1
G-3102,M-2015-33,T-16,P-24913,T-16,COL,90'+4',90,"second half, stoppage time",0,0
G-3103,M-2015-34,T-30,P-89379,T-30,FRA,1',1,first half,0,0
G-3104,M-2015-34,T-30,P-13965,T-46,MEX,9',9,first half,1,0
G-3105,M-2015-34,T-30,P-70239,T-30,FRA,13',13,first half,0,0
G-3106,M-2015-34,T-30,P-70239,T-30,FRA,36',36,first half,0,0
G-3107,M-2015-34,T-30,P-64050,T-30,FRA,80',80,second half,0,0
G-3108,M-2015-35,T-73,P-37281,T-73,ESP,29',29,first half,0,0
G-3109,M-2015-35,T-71,P-35864,T-71,KOR,53',53,second half,0,0
G-3110,M-2015-35,T-71,P-78430,T-71,KOR,78',78,second half,0,0
G-3111,M-2015-36,T-09,P-11773,T-09,BRA,83',83,second half,0,0
G-3112,M-2015-37,T-31,P-30564,T-31,DEU,24',24,first half,0,0
G-3113,M-2015-37,T-31,P-66612,T-31,DEU,36',36,first half,0,1
G-3114,M-2015-37,T-31,P-66612,T-31,DEU,78',78,second half,0,0
G-3115,M-2015-37,T-74,P-10056,T-74,SWE,82',82,second half,0,0
G-3116,M-2015-37,T-31,P-84273,T-31,DEU,88',88,second half,0,0
G-3117,M-2015-38,T-14,P-40014,T-14,CHN,12',12,first half,0,0
G-3118,M-2015-39,T-04,P-77133,T-04,AUS,80',80,second half,0,0
G-3119,M-2015-40,T-30,P-89379,T-30,FRA,4',4,first half,0,0
G-3120,M-2015-40,T-30,P-00064,T-30,FRA,8',8,first half,0,0
G-3121,M-2015-40,T-30,P-89379,T-30,FRA,48',48,second half,0,0
G-3122,M-2015-41,T-12,P-31118,T-12,CAN,52',52,second half,0,0
G-3123,M-2015-42,T-53,P-70069,T-53,NOR,54',54,second half,0,0
G-3124,M-2015-42,T-28,P-30706,T-28,ENG,61',61,second half,0,0
G-3125,M-2015-42,T-28,P-23779,T-28,ENG,76',76,second half,0,0
G-3126,M-2015-43,T-83,P-37034,T-83,USA,53',53,second half,0,0
G-3127,M-2015-43,T-83,P-62104,T-83,USA,66',66,second half,0,1
G-3128,M-2015-44,T-44,P-66148,T-44,JPN,10',10,first half,0,0
G-3129,M-2015-44,T-44,P-99210,T-44,JPN,78',78,second half,0,0
G-3130,M-2015-44,T-48,P-98141,T-48,NLD,90'+2',90,"second half, stoppage time",0,0
G-3131,M-2015-45,T-30,P-63892,T-30,FRA,64',64,second half,0,0
G-3132,M-2015-45,T-31,P-66612,T-31,DEU,84',84,second half,0,1
G-3133,M-2015-46,T-83,P-62104,T-83,USA,51',51,second half,0,0
G-3134,M-2015-47,T-44,P-26643,T-44,JPN,87',87,second half,0,0
G-3135,M-2015-48,T-28,P-57382,T-28,ENG,11',11,first half,0,0
G-3136,M-2015-48,T-28,P-23779,T-28,ENG,14',14,first half,0,0
G-3137,M-2015-48,T-12,P-97813,T-12,CAN,42',42,first half,0,0
G-3138,M-2015-49,T-83,P-62104,T-83,USA,69',69,second half,0,1
G-3139,M-2015-49,T-83,P-72568,T-83,USA,84',84,second half,0,0
G-3140,M-2015-50,T-44,P-04310,T-44,JPN,33',33,first half,0,1
G-3141,M-2015-50,T-28,P-10986,T-28,ENG,40',40,first half,0,1
G-3142,M-2015-50,T-44,P-69145,T-28,ENG,90'+2',90,"second half, stoppage time",1,0
G-3143,M-2015-51,T-28,P-10986,T-28,ENG,108',108,"extra time, second half",0,1
G-3144,M-2015-52,T-83,P-62104,T-83,USA,3',3,first half,0,0
G-3145,M-2015-52,T-83,P-62104,T-83,USA,5',5,first half,0,0
G-3146,M-2015-52,T-83,P-81449,T-83,USA,14',14,first half,0,0
G-3147,M-2015-52,T-83,P-62104,T-83,USA,16',16,first half,0,0
G-3148,M-2015-52,T-44,P-20246,T-44,JPN,27',27,first half,0,0
G-3149,M-2015-52,T-44,P-65433,T-83,USA,52',52,second half,1,0
G-3150,M-2015-52,T-83,P-35525,T-83,USA,54',54,second half,0,0
G-3151,M-2018-01,T-62,P-20571,T-62,RUS,12',12,first half,0,0
G-3152,M-2018-01,T-62,P-43675,T-62,RUS,43',43,first half,0,0
G-3153,M-2018-01,T-62,P-37840,T-62,RUS,71',71,second half,0,0
G-3154,M-2018-01,T-62,P-43675,T-62,RUS,90'+1',90,"second half, stoppage time",0,0
G-3155,M-2018-01,T-62,P-22778,T-62,RUS,90'+4',90,"second half, stoppage time",0,0
G-3156,M-2018-02,T-84,P-65659,T-84,URY,89',89,second half,0,0
G-3157,M-2018-03,T-38,P-60872,T-47,MAR,90'+5',90,"second half, stoppage time",1,0
G-3158,M-2018-04,T-58,P-70442,T-58,PRT,4',4,first half,0,1
G-3159,M-2018-04,T-73,P-02231,T-73,ESP,24',24,first half,0,0
G-3160,M-2018-04,T-58,P-70442,T-58,PRT,44',44,first half,0,0
G-3161,M-2018-04,T-73,P-02231,T-73,ESP,55',55,second half,0,0
G-3162,M-2018-04,T-73,P-15848,T-73,ESP,58',58,second half,0,0
G-3163,M-2018-04,T-58,P-70442,T-58,PRT,88',88,second half,0,0
G-3164,M-2018-05,T-30,P-90908,T-30,FRA,58',58,second half,0,1
G-3165,M-2018-05,T-04,P-37275,T-04,AUS,62',62,second half,0,1
G-3166,M-2018-05,T-30,P-51118,T-04,AUS,81',81,second half,1,0
G-3167,M-2018-06,T-03,P-36870,T-03,ARG,19',19,first half,0,0
G-3168,M-2018-06,T-37,P-70085,T-37,ISL,23',23,first half,0,0
G-3169,M-2018-07,T-22,P-08442,T-22,DNK,59',59,second half,0,0
G-3170,M-2018-08,T-18,P-62455,T-50,NGA,32',32,first half,1,0
G-3171,M-2018-08,T-18,P-29491,T-18,HRV,71',71,second half,0,1
G-3172,M-2018-09,T-66,P-33059,T-66,SRB,56',56,second half,0,0
G-3173,M-2018-10,T-46,P-24705,T-46,MEX,35',35,first half,0,0
G-3174,M-2018-11,T-09,P-37171,T-09,BRA,20',20,first half,0,0
G-3175,M-2018-11,T-75,P-71840,T-75,CHE,50',50,second half,0,0
G-3176,M-2018-12,T-74,P-34998,T-74,SWE,65',65,second half,0,1
G-3177,M-2018-13,T-06,P-84852,T-06,BEL,47',47,second half,0,0
G-3178,M-2018-13,T-06,P-72637,T-06,BEL,69',69,second half,0,0
G-3179,M-2018-13,T-06,P-72637,T-06,BEL,75',75,second half,0,0
G-3180,M-2018-14,T-28,P-58924,T-28,ENG,11',11,first half,0,0
G-3181,M-2018-14,T-79,P-90867,T-79,TUN,35',35,first half,0,1
G-3182,M-2018-14,T-28,P-58924,T-28,ENG,90'+1',90,"second half, stoppage time",0,0
G-3183,M-2018-15,T-44,P-36964,T-44,JPN,6',6,first half,0,1
G-3184,M-2018-15,T-16,P-14499,T-16,COL,39',39,first half,0,0
G-3185,M-2018-15,T-44,P-23371,T-44,JPN,73',73,second half,0,0
G-3186,M-2018-16,T-65,P-40820,T-57,POL,37',37,first half,1,0
G-3187,M-2018-16,T-65,P-23774,T-65,SEN,60',60,second half,0,0
G-3188,M-2018-16,T-57,P-45449,T-57,POL,86',86,second half,0,0
G-3189,M-2018-17,T-62,P-44093,T-26,EGY,47',47,second half,1,0
G-3190,M-2018-17,T-62,P-43675,T-62,RUS,59',59,second half,0,0
G-3191,M-2018-17,T-62,P-37840,T-62,RUS,62',62,second half,0,0
G-3192,M-2018-17,T-26,P-75890,T-26,EGY,73',73,second half,0,1
G-3193,M-2018-18,T-58,P-70442,T-58,PRT,4',4,first half,0,0
G-3194,M-2018-19,T-84,P-30486,T-84,URY,23',23,first half,0,0
G-3195,M-2018-20,T-73,P-02231,T-73,ESP,54',54,second half,0,0
G-3196,M-2018-21,T-22,P-50104,T-22,DNK,7',7,first half,0,0
G-3197,M-2018-21,T-04,P-37275,T-04,AUS,38',38,first half,0,1
G-3198,M-2018-22,T-30,P-64077,T-30,FRA,34',34,first half,0,0
G-3199,M-2018-23,T-18,P-44463,T-18,HRV,53',53,second half,0,0
G-3200,M-2018-23,T-18,P-29491,T-18,HRV,80',80,second half,0,0
G-3201,M-2018-23,T-18,P-65979,T-18,HRV,90'+1',90,"second half, stoppage time",0,0
G-3202,M-2018-24,T-09,P-37171,T-09,BRA,90'+1',90,"second half, stoppage time",0,0
G-3203,M-2018-24,T-09,P-87008,T-09,BRA,90'+7',90,"second half, stoppage time",0,0
G-3204,M-2018-25,T-50,P-19591,T-50,NGA,49',49,second half,0,0
G-3205,M-2018-25,T-50,P-19591,T-50,NGA,75',75,second half,0,0
G-3206,M-2018-26,T-66,P-85696,T-66,SRB,5',5,first half,0,0
G-3207,M-2018-26,T-75,P-77224,T-75,CHE,52',52,second half,0,0
G-3208,M-2018-26,T-75,P-39460,T-75,CHE,90',90,second half,0,0
G-3209,M-2018-27,T-06,P-72011,T-06,BEL,6',6,first half,0,1
G-3210,M-2018-27,T-06,P-72637,T-06,BEL,16',16,first half,0,0
G-3211,M-2018-27,T-79,P-11879,T-79,TUN,18',18,first half,0,0
G-3212,M-2018-27,T-06,P-72637,T-06,BEL,45'+3',45,"first half, stoppage time",0,0
G-3213,M-2018-27,T-06,P-72011,T-06,BEL,51',51,second half,0,0
G-3214,M-2018-27,T-06,P-13975,T-06,BEL,90',90,second half,0,0
G-3215,M-2018-27,T-79,P-42223,T-79,TUN,90'+3',90,"second half, stoppage time",0,0
G-3216,M-2018-28,T-46,P-68042,T-46,MEX,26',26,first half,0,1
G-3217,M-2018-28,T-46,P-36515,T-46,MEX,66',66,second half,0,0
G-3218,M-2018-28,T-71,P-77335,T-71,KOR,90'+3',90,"second half, stoppage time",0,0
G-3219,M-2018-29,T-74,P-10221,T-74,SWE,32',32,first half,0,0
G-3220,M-2018-29,T-31,P-94447,T-31,DEU,48',48,second half,0,0
G-3221,M-2018-29,T-31,P-39356,T-31,DEU,90'+5',90,"second half, stoppage time",0,0
G-3222,M-2018-30,T-28,P-92628,T-28,ENG,8',8,first half,0,0
G-3223,M-2018-30,T-28,P-58924,T-28,ENG,22',22,first half,0,1
G-3224,M-2018-30,T-28,P-63620,T-28,ENG,36',36,first half,0,0
G-3225,M-2018-30,T-28,P-92628,T-28,ENG,40',40,first half,0,0
G-3226,M-2018-30,T-28,P-58924,T-28,ENG,45'+1',45,"first half, stoppage time",0,1
G-3227,M-2018-30,T-28,P-58924,T-28,ENG,62',62,second half,0,0
G-3228,M-2018-30,T-54,P-76368,T-54,PAN,78',78,second half,0,0
G-3229,M-2018-31,T-65,P-79299,T-65,SEN,11',11,first half,0,0
G-3230,M-2018-31,T-44,P-89984,T-44,JPN,34',34,first half,0,0
G-3231,M-2018-31,T-65,P-57411,T-65,SEN,71',71,second half,0,0
G-3232,M-2018-31,T-44,P-33175,T-44,JPN,78',78,second half,0,0
G-3233,M-2018-32,T-16,P-43196,T-16,COL,40',40,first half,0,0
G-3234,M-2018-32,T-16,P-74655,T-16,COL,70',70,second half,0,0
G-3235,M-2018-32,T-16,P-83216,T-16,COL,75',75,second half,0,0
G-3236,M-2018-33,T-26,P-75890,T-26,EGY,22',22,first half,0,0
G-3237,M-2018-33,T-63,P-93688,T-63,SAU,45'+6',45,"first half, stoppage time",0,1
G-3238,M-2018-33,T-63,P-70583,T-63,SAU,90'+5',90,"second half, stoppage time",0,0
G-3239,M-2018-34,T-84,P-30486,T-84,URY,10',10,first half,0,0
G-3240,M-2018-34,T-84,P-43675,T-62,RUS,23',23,first half,1,0
G-3241,M-2018-34,T-84,P-59138,T-84,URY,90',90,second half,0,0
G-3242,M-2018-35,T-47,P-15199,T-47,MAR,14',14,first half,0,0
G-3243,M-2018-35,T-73,P-52418,T-73,ESP,19',19,first half,0,0
G-3244,M-2018-35,T-47,P-42517,T-47,MAR,81',81,second half,0,0
G-3245,M-2018-35,T-73,P-60554,T-73,ESP,90'+1',90,"second half, stoppage time",0,0
G-3246,M-2018-36,T-58,P-95670,T-58,PRT,45',45,first half,0,0
G-3247,M-2018-36,T-38,P-53957,T-38,IRN,90'+3',90,"second half, stoppage time",0,1
G-3248,M-2018-37,T-56,P-39610,T-56,PER,18',18,first half,0,0
G-3249,M-2018-37,T-56,P-29117,T-56,PER,50',50,second half,0,0
G-3250,M-2018-39,T-18,P-77789,T-18,HRV,53',53,second half,0,0
G-3251,M-2018-39,T-37,P-83367,T-37,ISL,76',76,second half,0,1
G-3252,M-2018-39,T-18,P-93884,T-18,HRV,90',90,second half,0,0
G-3253,M-2018-40,T-03,P-14758,T-03,ARG,14',14,first half,0,0
G-3254,M-2018-40,T-50,P-26900,T-50,NGA,51',51,second half,0,1
G-3255,M-2018-40,T-03,P-18222,T-03,ARG,86',86,second half,0,0
G-3256,M-2018-41,T-71,P-07259,T-71,KOR,90'+2',90,"second half, stoppage time",0,0
G-3257,M-2018-41,T-71,P-77335,T-71,KOR,90'+6',90,"second half, stoppage time",0,0
G-3258,M-2018-42,T-74,P-30993,T-74,SWE,50',50,second half,0,0
G-3259,M-2018-42,T-74,P-34998,T-74,SWE,62',62,second half,0,1
G-3260,M-2018-42,T-74,P-26546,T-46,MEX,74',74,second half,1,0
G-3261,M-2018-43,T-09,P-54013,T-09,BRA,36',36,first half,0,0
G-3262,M-2018-43,T-09,P-32798,T-09,BRA,68',68,second half,0,0
G-3263,M-2018-44,T-75,P-35818,T-75,CHE,31',31,first half,0,0
G-3264,M-2018-44,T-17,P-37984,T-17,CRI,56',56,second half,0,0
G-3265,M-2018-44,T-75,P-07453,T-75,CHE,88',88,second half,0,0
G-3266,M-2018-44,T-17,P-63312,T-75,CHE,90'+3',90,"second half, stoppage time",1,0
G-3267,M-2018-45,T-57,P-10172,T-57,POL,59',59,second half,0,0
G-3268,M-2018-46,T-16,P-43196,T-16,COL,74',74,second half,0,0
G-3269,M-2018-47,T-06,P-15896,T-06,BEL,51',51,second half,0,0
G-3270,M-2018-48,T-54,P-81706,T-79,TUN,33',33,first half,1,0
G-3271,M-2018-48,T-79,P-94563,T-79,TUN,51',51,second half,0,0
G-3272,M-2018-48,T-79,P-42223,T-79,TUN,66',66,second half,0,0
G-3273,M-2018-49,T-30,P-90908,T-30,FRA,13',13,first half,0,1
G-3274,M-2018-49,T-03,P-42113,T-03,ARG,41',41,first half,0,0
G-3275,M-2018-49,T-03,P-32508,T-03,ARG,48',48,second half,0,0
G-3276,M-2018-49,T-30,P-60652,T-30,FRA,57',57,second half,0,0
G-3277,M-2018-49,T-30,P-64077,T-30,FRA,64',64,second half,0,0
G-3278,M-2018-49,T-30,P-64077,T-30,FRA,68',68,second half,0,0
G-3279,M-2018-49,T-03,P-36870,T-03,ARG,90'+3',90,"second half, stoppage time",0,0
G-3280,M-2018-50,T-84,P-59138,T-84,URY,7',7,first half,0,0
G-3281,M-2018-50,T-58,P-81972,T-58,PRT,55',55,second half,0,0
G-3282,M-2018-50,T-84,P-59138,T-84,URY,62',62,second half,0,0
G-3283,M-2018-51,T-73,P-79763,T-62,RUS,12',12,first half,1,0
G-3284,M-2018-51,T-62,P-37840,T-62,RUS,41',41,first half,0,1
G-3285,M-2018-52,T-22,P-61976,T-22,DNK,1',1,first half,0,0
G-3286,M-2018-52,T-18,P-25745,T-18,HRV,4',4,first half,0,0
G-3287,M-2018-53,T-09,P-87008,T-09,BRA,51',51,second half,0,0
G-3288,M-2018-53,T-09,P-37877,T-09,BRA,88',88,second half,0,0
G-3289,M-2018-54,T-44,P-54138,T-44,JPN,48',48,second half,0,0
G-3290,M-2018-54,T-44,P-89984,T-44,JPN,52',52,second half,0,0
G-3291,M-2018-54,T-06,P-64049,T-06,BEL,69',69,second half,0,0
G-3292,M-2018-54,T-06,P-63363,T-06,BEL,74',74,second half,0,0
G-3293,M-2018-54,T-06,P-69919,T-06,BEL,90'+4',90,"second half, stoppage time",0,0
G-3294,M-2018-55,T-74,P-04686,T-74,SWE,66',66,second half,0,0
G-3295,M-2018-56,T-28,P-58924,T-28,ENG,57',57,second half,0,1
G-3296,M-2018-56,T-16,P-43196,T-16,COL,90'+3',90,"second half, stoppage time",0,0
G-3297,M-2018-57,T-30,P-42326,T-30,FRA,40',40,first half,0,0
G-3298,M-2018-57,T-30,P-90908,T-30,FRA,61',61,second half,0,0
G-3299,M-2018-58,T-06,P-41758,T-09,BRA,13',13,first half,1,0
G-3300,M-2018-58,T-06,P-48955,T-06,BEL,31',31,first half,0,0
G-3301,M-2018-58,T-09,P-49997,T-09,BRA,76',76,second half,0,0
G-3302,M-2018-59,T-28,P-02465,T-28,ENG,30',30,first half,0,0
G-3303,M-2018-59,T-28,P-83363,T-28,ENG,59',59,second half,0,0
G-3304,M-2018-60,T-62,P-43675,T-62,RUS,31',31,first half,0,0
G-3305,M-2018-60,T-18,P-65182,T-18,HRV,39',39,first half,0,0
G-3306,M-2018-60,T-18,P-91294,T-18,HRV,101',101,"extra time, first half",0,0
G-3307,M-2018-60,T-62,P-17872,T-62,RUS,115',115,"extra time, second half",0,0
G-3308,M-2018-61,T-30,P-67297,T-30,FRA,51',51,second half,0,0
G-3309,M-2018-62,T-28,P-25937,T-28,ENG,5',5,first half,0,0
G-3310,M-2018-62,T-18,P-93884,T-18,HRV,68',68,second half,0,0
G-3311,M-2018-62,T-18,P-25745,T-18,HRV,109',109,"extra time, second half",0,0
G-3312,M-2018-63,T-06,P-22930,T-06,BEL,4',4,first half,0,0
G-3313,M-2018-63,T-06,P-72011,T-06,BEL,82',82,second half,0,0
G-3314,M-2018-64,T-30,P-25745,T-18,HRV,18',18,first half,1,0
G-3315,M-2018-64,T-18,P-93884,T-18,HRV,28',28,first half,0,0
G-3316,M-2018-64,T-30,P-90908,T-30,FRA,38',38,first half,0,1
G-3317,M-2018-64,T-30,P-17509,T-30,FRA,59',59,second half,0,0
G-3318,M-2018-64,T-30,P-64077,T-30,FRA,65',65,second half,0,0
G-3319,M-2018-64,T-18,P-25745,T-18,HRV,69',69,second half,0,0
G-3320,M-2019-01,T-30,P-70239,T-30,FRA,9',9,first half,0,0
G-3321,M-2019-01,T-30,P-32017,T-30,FRA,35',35,first half,0,0
G-3322,M-2019-01,T-30,P-32017,T-30,FRA,45'+2',45,"first half, stoppage time",0,0
G-3323,M-2019-01,T-30,P-64050,T-30,FRA,85',85,second half,0,0
G-3324,M-2019-02,T-31,P-91637,T-31,DEU,66',66,second half,0,0
G-3325,M-2019-03,T-70,P-46109,T-70,ZAF,25',25,first half,0,0
G-3326,M-2019-03,T-73,P-90837,T-73,ESP,69' (penalty.),69,second half,0,1
G-3327,M-2019-03,T-73,P-90837,T-73,ESP,82' (penalty.),82,second half,0,1
G-3328,M-2019-03,T-73,P-22924,T-73,ESP,89',89,second half,0,0
G-3329,M-2019-04,T-53,P-77652,T-53,NOR,17',17,first half,0,0
G-3330,M-2019-04,T-53,P-67898,T-53,NOR,34',34,first half,0,0
G-3331,M-2019-04,T-53,P-23374,T-50,NGA,37',37,first half,1,0
G-3332,M-2019-05,T-04,P-76435,T-04,AUS,22',22,first half,0,0
G-3333,M-2019-05,T-41,P-47343,T-41,ITA,56',56,second half,0,0
G-3334,M-2019-05,T-41,P-47343,T-41,ITA,90'+5',90,"second half, stoppage time",0,0
G-3335,M-2019-06,T-09,P-93057,T-09,BRA,15',15,first half,0,0
G-3336,M-2019-06,T-09,P-93057,T-09,BRA,50',50,second half,0,0
G-3337,M-2019-06,T-09,P-93057,T-09,BRA,64',64,second half,0,0
G-3338,M-2019-07,T-28,P-62542,T-28,ENG,14',14,first half,0,1
G-3339,M-2019-07,T-28,P-84864,T-28,ENG,40',40,first half,0,0
G-3340,M-2019-07,T-64,P-91406,T-64,SCO,79',79,second half,0,0
G-3341,M-2019-09,T-12,P-60142,T-12,CAN,45',45,first half,0,0
G-3342,M-2019-10,T-48,P-52476,T-48,NLD,90'+2',90,"second half, stoppage time",0,0
G-3343,M-2019-11,T-74,P-90086,T-74,SWE,83',83,second half,0,0
G-3344,M-2019-11,T-74,P-93553,T-74,SWE,90'+4',90,"second half, stoppage time",0,0
G-3345,M-2019-12,T-83,P-37034,T-83,USA,12',12,first half,0,0
G-3346,M-2019-12,T-83,P-65982,T-83,USA,20',20,first half,0,0
G-3347,M-2019-12,T-83,P-46428,T-83,USA,32',32,first half,0,0
G-3348,M-2019-12,T-83,P-59472,T-83,USA,50',50,second half,0,0
G-3349,M-2019-12,T-83,P-37034,T-83,USA,53',53,second half,0,0
G-3350,M-2019-12,T-83,P-59472,T-83,USA,54',54,second half,0,0
G-3351,M-2019-12,T-83,P-65982,T-83,USA,56',56,second half,0,0
G-3352,M-2019-12,T-83,P-37034,T-83,USA,74',74,second half,0,0
G-3353,M-2019-12,T-83,P-09273,T-83,USA,79',79,second half,0,0
G-3354,M-2019-12,T-83,P-37034,T-83,USA,81',81,second half,0,0
G-3355,M-2019-12,T-83,P-06125,T-83,USA,85',85,second half,0,0
G-3356,M-2019-12,T-83,P-37034,T-83,USA,87',87,second half,0,0
G-3357,M-2019-12,T-83,P-62104,T-83,USA,90'+2',90,"second half, stoppage time",0,0
G-3358,M-2019-13,T-50,P-11539,T-71,KOR,29',29,first half,1,0
G-3359,M-2019-13,T-50,P-59598,T-50,NGA,75',75,second half,0,0
G-3360,M-2019-14,T-31,P-29896,T-31,DEU,42',42,first half,0,0
G-3361,M-2019-15,T-30,P-44380,T-30,FRA,46',46,second half,0,0
G-3362,M-2019-15,T-53,P-32017,T-30,FRA,54',54,second half,1,0
G-3363,M-2019-15,T-30,P-70239,T-30,FRA,72',72,second half,0,1
G-3364,M-2019-16,T-09,P-07458,T-09,BRA,27',27,first half,0,1
G-3365,M-2019-16,T-09,P-93057,T-09,BRA,38',38,first half,0,0
G-3366,M-2019-16,T-04,P-87785,T-04,AUS,45'+1',45,"first half, stoppage time",0,0
G-3367,M-2019-16,T-04,P-36494,T-04,AUS,58',58,second half,0,0
G-3368,M-2019-16,T-04,P-83758,T-09,BRA,66',66,second half,1,0
G-3369,M-2019-17,T-14,P-33435,T-14,CHN,40',40,first half,0,0
G-3370,M-2019-18,T-44,P-26643,T-44,JPN,23',23,first half,0,0
G-3371,M-2019-18,T-44,P-34571,T-44,JPN,37',37,first half,0,1
G-3372,M-2019-18,T-64,P-90678,T-64,SCO,88',88,second half,0,0
G-3373,M-2019-19,T-41,P-49416,T-41,ITA,12',12,first half,0,1
G-3374,M-2019-19,T-41,P-49416,T-41,ITA,25',25,first half,0,0
G-3375,M-2019-19,T-41,P-49416,T-41,ITA,46',46,second half,0,0
G-3376,M-2019-19,T-41,P-33581,T-41,ITA,71',71,second half,0,0
G-3377,M-2019-19,T-41,P-33581,T-41,ITA,81',81,second half,0,0
G-3378,M-2019-20,T-28,P-57382,T-28,ENG,62',62,second half,0,0
G-3379,M-2019-21,T-48,P-69967,T-48,NLD,41',41,first half,0,0
G-3380,M-2019-21,T-11,P-24905,T-11,CMR,43',43,first half,0,0
G-3381,M-2019-21,T-48,P-94893,T-48,NLD,48',48,second half,0,0
G-3382,M-2019-21,T-48,P-69967,T-48,NLD,85',85,second half,0,0
G-3383,M-2019-22,T-12,P-03895,T-12,CAN,48',48,second half,0,0
G-3384,M-2019-22,T-12,P-26193,T-12,CAN,79',79,second half,0,0
G-3385,M-2019-23,T-74,P-10056,T-74,SWE,6',6,first half,0,0
G-3386,M-2019-23,T-74,P-90086,T-74,SWE,19',19,first half,0,0
G-3387,M-2019-23,T-74,P-99138,T-74,SWE,42',42,first half,0,0
G-3388,M-2019-23,T-74,P-48545,T-74,SWE,81',81,second half,0,0
G-3389,M-2019-23,T-76,P-88523,T-76,THA,90'+1',90,"second half, stoppage time",0,0
G-3390,M-2019-23,T-74,P-76903,T-74,SWE,90'+6',90,"second half, stoppage time",0,1
G-3391,M-2019-24,T-83,P-62104,T-83,USA,11',11,first half,0,0
G-3392,M-2019-24,T-83,P-65433,T-83,USA,26',26,first half,0,0
G-3393,M-2019-24,T-83,P-62104,T-83,USA,35',35,first half,0,0
G-3394,M-2019-26,T-31,P-17418,T-31,DEU,14',14,first half,0,0
G-3395,M-2019-26,T-31,P-29896,T-31,DEU,29',29,first half,0,0
G-3396,M-2019-26,T-31,P-80216,T-31,DEU,40',40,first half,0,0
G-3397,M-2019-26,T-31,P-83353,T-31,DEU,58',58,second half,0,0
G-3398,M-2019-27,T-30,P-32017,T-30,FRA,79',79,second half,0,1
G-3399,M-2019-28,T-53,P-22811,T-53,NOR,5' (penalty.),5,first half,0,1
G-3400,M-2019-28,T-53,P-09212,T-53,NOR,51' (penalty.),51,second half,0,1
G-3401,M-2019-28,T-71,P-56762,T-71,KOR,78',78,second half,0,0
G-3402,M-2019-29,T-09,P-07458,T-09,BRA,74',74,second half,0,1
G-3403,M-2019-30,T-04,P-76435,T-04,AUS,11',11,first half,0,0
G-3404,M-2019-30,T-04,P-76435,T-04,AUS,42',42,first half,0,0
G-3405,M-2019-30,T-43,P-24113,T-43,JAM,49',49,second half,0,0
G-3406,M-2019-30,T-04,P-76435,T-04,AUS,69',69,second half,0,0
G-3407,M-2019-30,T-04,P-76435,T-04,AUS,83',83,second half,0,0
G-3408,M-2019-31,T-28,P-84864,T-28,ENG,14',14,first half,0,0
G-3409,M-2019-31,T-28,P-84864,T-28,ENG,84',84,second half,0,0
G-3410,M-2019-32,T-64,P-07522,T-64,SCO,19',19,first half,0,0
G-3411,M-2019-32,T-64,P-86688,T-64,SCO,49',49,second half,0,0
G-3412,M-2019-32,T-64,P-39315,T-64,SCO,69',69,second half,0,0
G-3413,M-2019-32,T-03,P-38768,T-03,ARG,74',74,second half,0,0
G-3414,M-2019-32,T-03,P-76817,T-64,SCO,79',79,second half,1,0
G-3415,M-2019-32,T-03,P-15565,T-03,ARG,90'+4',90,"second half, stoppage time",0,1
G-3416,M-2019-33,T-11,P-69986,T-11,CMR,57',57,second half,0,0
G-3417,M-2019-33,T-49,P-59141,T-11,CMR,80',80,second half,1,0
G-3418,M-2019-33,T-11,P-69986,T-11,CMR,90'+5',90,"second half, stoppage time",0,0
G-3419,M-2019-34,T-48,P-53833,T-48,NLD,54',54,second half,0,0
G-3420,M-2019-34,T-12,P-97813,T-12,CAN,60',60,second half,0,0
G-3421,M-2019-34,T-48,P-82354,T-48,NLD,75',75,second half,0,0
G-3422,M-2019-35,T-83,P-46428,T-83,USA,3',3,first half,0,0
G-3423,M-2019-35,T-83,P-07053,T-74,SWE,50',50,second half,1,0
G-3424,M-2019-36,T-13,P-87745,T-76,THA,48',48,second half,1,0
G-3425,M-2019-36,T-13,P-93835,T-13,CHL,80',80,second half,0,0
G-3426,M-2019-37,T-31,P-80216,T-31,DEU,20',20,first half,0,0
G-3427,M-2019-37,T-31,P-29896,T-31,DEU,27',27,first half,0,1
G-3428,M-2019-37,T-31,P-25269,T-31,DEU,82',82,second half,0,0
G-3429,M-2019-38,T-53,P-09212,T-53,NOR,31',31,first half,0,0
G-3430,M-2019-38,T-04,P-81723,T-04,AUS,83',83,second half,0,0
G-3431,M-2019-39,T-28,P-30706,T-28,ENG,14',14,first half,0,0
G-3432,M-2019-39,T-28,P-84864,T-28,ENG,45'+4',45,"first half, stoppage time",0,0
G-3433,M-2019-39,T-28,P-38788,T-28,ENG,58',58,second half,0,0
G-3434,M-2019-40,T-30,P-44380,T-30,FRA,52',52,second half,0,0
G-3435,M-2019-40,T-09,P-62964,T-09,BRA,63',63,second half,0,0
G-3436,M-2019-40,T-30,P-64050,T-30,FRA,107',107,"extra time, second half",0,0
G-3437,M-2019-41,T-83,P-09273,T-83,USA,7',7,first half,0,1
G-3438,M-2019-41,T-73,P-90837,T-73,ESP,9',9,first half,0,0
G-3439,M-2019-41,T-83,P-09273,T-83,USA,75',75,second half,0,1
G-3440,M-2019-42,T-74,P-62190,T-74,SWE,55',55,second half,0,0
G-3441,M-2019-43,T-41,P-21343,T-41,ITA,15',15,first half,0,0
G-3442,M-2019-43,T-41,P-33581,T-41,ITA,49',49,second half,0,0
G-3443,M-2019-44,T-48,P-00336,T-48,NLD,17',17,first half,0,0
G-3444,M-2019-44,T-44,P-12315,T-44,JPN,43',43,first half,0,0
G-3445,M-2019-44,T-48,P-00336,T-48,NLD,90',90,second half,0,1
G-3446,M-2019-45,T-28,P-41187,T-28,ENG,3',3,first half,0,0
G-3447,M-2019-45,T-28,P-84864,T-28,ENG,40',40,first half,0,0
G-3448,M-2019-45,T-28,P-23779,T-28,ENG,57',57,second half,0,0
G-3449,M-2019-46,T-83,P-09273,T-83,USA,5',5,first half,0,0
G-3450,M-2019-46,T-83,P-09273,T-83,USA,65',65,second half,0,0
G-3451,M-2019-46,T-30,P-32017,T-30,FRA,81',81,second half,0,0
G-3452,M-2019-47,T-48,P-69967,T-48,NLD,70',70,second half,0,0
G-3453,M-2019-47,T-48,P-13594,T-48,NLD,80',80,second half,0,0
G-3454,M-2019-48,T-31,P-83353,T-31,DEU,16',16,first half,0,0
G-3455,M-2019-48,T-74,P-27729,T-74,SWE,22',22,first half,0,0
G-3456,M-2019-48,T-74,P-62190,T-74,SWE,48',48,second half,0,0
G-3457,M-2019-49,T-83,P-79931,T-83,USA,10',10,first half,0,0
G-3458,M-2019-49,T-28,P-84864,T-28,ENG,19',19,first half,0,0
G-3459,M-2019-49,T-83,P-37034,T-83,USA,31',31,first half,0,0
G-3460,M-2019-50,T-48,P-96101,T-48,NLD,99',99,"extra time, first half",0,0
G-3461,M-2019-51,T-74,P-90086,T-74,SWE,11',11,first half,0,0
G-3462,M-2019-51,T-74,P-27729,T-74,SWE,22',22,first half,0,0
G-3463,M-2019-51,T-28,P-61922,T-28,ENG,31',31,first half,0,0
G-3464,M-2019-52,T-83,P-09273,T-83,USA,61',61,second half,0,1
G-3465,M-2019-52,T-83,P-65982,T-83,USA,69',69,second half,0,0
G-3466,M-2022-01,T-25,P-75912,T-25,ECU,16',16,first half,0,1
G-3467,M-2022-01,T-25,P-75912,T-25,ECU,31',31,first half,0,0
G-3468,M-2022-02,T-28,P-15674,T-28,ENG,35',35,first half,0,0
G-3469,M-2022-02,T-28,P-76842,T-28,ENG,43',43,first half,0,0
G-3470,M-2022-02,T-28,P-21553,T-28,ENG,45'+1',45,"first half, stoppage time",0,0
G-3471,M-2022-02,T-28,P-76842,T-28,ENG,62',62,second half,0,0
G-3472,M-2022-02,T-38,P-85860,T-38,IRN,65',65,second half,0,0
G-3473,M-2022-02,T-28,P-59837,T-28,ENG,71',71,second half,0,0
G-3474,M-2022-02,T-28,P-21153,T-28,ENG,90',90,second half,0,0
G-3475,M-2022-02,T-38,P-85860,T-38,IRN,90'+13',90,"second half, stoppage time",0,1
G-3476,M-2022-03,T-48,P-28911,T-48,NLD,84',84,second half,0,0
G-3477,M-2022-03,T-48,P-42078,T-48,NLD,90'+9',90,"second half, stoppage time",0,0
G-3478,M-2022-04,T-83,P-30252,T-83,USA,36',36,first half,0,0
G-3479,M-2022-04,T-85,P-63927,T-85,WAL,82',82,second half,0,1
G-3480,M-2022-05,T-03,P-14758,T-03,ARG,10',10,first half,0,1
G-3481,M-2022-05,T-63,P-37308,T-63,SAU,48',48,second half,0,0
G-3482,M-2022-05,T-63,P-70583,T-63,SAU,53',53,second half,0,0
G-3483,M-2022-08,T-04,P-82010,T-04,AUS,9',9,first half,0,0
G-3484,M-2022-08,T-30,P-57401,T-30,FRA,27',27,first half,0,0
G-3485,M-2022-08,T-30,P-89750,T-30,FRA,32',32,first half,0,0
G-3486,M-2022-08,T-30,P-64077,T-30,FRA,68',68,second half,0,0
G-3487,M-2022-08,T-30,P-89750,T-30,FRA,71',71,second half,0,0
G-3488,M-2022-10,T-31,P-08896,T-31,DEU,33',33,first half,0,1
G-3489,M-2022-10,T-44,P-58907,T-44,JPN,75',75,second half,0,0
G-3490,M-2022-10,T-44,P-46913,T-44,JPN,83',83,second half,0,0
G-3491,M-2022-11,T-73,P-40007,T-73,ESP,11',11,first half,0,0
G-3492,M-2022-11,T-73,P-09400,T-73,ESP,21',21,first half,0,0
G-3493,M-2022-11,T-73,P-31301,T-73,ESP,31',31,first half,0,1
G-3494,M-2022-11,T-73,P-31301,T-73,ESP,54',54,second half,0,0
G-3495,M-2022-11,T-73,P-88433,T-73,ESP,74',74,second half,0,0
G-3496,M-2022-11,T-73,P-30405,T-73,ESP,90',90,second half,0,0
G-3497,M-2022-11,T-73,P-29274,T-73,ESP,90'+2',90,"second half, stoppage time",0,0
G-3498,M-2022-12,T-06,P-13975,T-06,BEL,44',44,first half,0,0
G-3499,M-2022-13,T-75,P-19075,T-75,CHE,48',48,second half,0,0
G-3500,M-2022-15,T-58,P-70442,T-58,PRT,65',65,second half,0,1
G-3501,M-2022-15,T-32,P-01945,T-32,GHA,73',73,second half,0,0
G-3502,M-2022-15,T-58,P-17931,T-58,PRT,78',78,second half,0,0
G-3503,M-2022-15,T-58,P-27349,T-58,PRT,80',80,second half,0,0
G-3504,M-2022-15,T-32,P-72363,T-32,GHA,89',89,second half,0,0
G-3505,M-2022-16,T-09,P-68016,T-09,BRA,62',62,second half,0,0
G-3506,M-2022-16,T-09,P-68016,T-09,BRA,73',73,second half,0,0
G-3507,M-2022-17,T-38,P-98747,T-38,IRN,90'+8',90,"second half, stoppage time",0,0
G-3508,M-2022-17,T-38,P-47137,T-38,IRN,90'+11',90,"second half, stoppage time",0,0
G-3509,M-2022-18,T-65,P-33622,T-65,SEN,41',41,first half,0,0
G-3510,M-2022-18,T-65,P-27280,T-65,SEN,48',48,second half,0,0
G-3511,M-2022-18,T-59,P-17048,T-59,QAT,78',78,second half,0,0
G-3512,M-2022-18,T-65,P-88928,T-65,SEN,84',84,second half,0,0
G-3513,M-2022-19,T-48,P-28911,T-48,NLD,6',6,first half,0,0
G-3514,M-2022-19,T-25,P-75912,T-25,ECU,49',49,second half,0,0
G-3515,M-2022-21,T-04,P-91029,T-04,AUS,23',23,first half,0,0
G-3516,M-2022-22,T-57,P-32165,T-57,POL,39',39,first half,0,0
G-3517,M-2022-22,T-57,P-00549,T-57,POL,82',82,second half,0,0
G-3518,M-2022-23,T-30,P-64077,T-30,FRA,61',61,second half,0,0
G-3519,M-2022-23,T-22,P-18923,T-22,DNK,68',68,second half,0,0
G-3520,M-2022-23,T-30,P-64077,T-30,FRA,86',86,second half,0,0
G-3521,M-2022-24,T-03,P-14758,T-03,ARG,64',64,second half,0,0
G-3522,M-2022-24,T-03,P-10739,T-03,ARG,87',87,second half,0,0
G-3523,M-2022-25,T-17,P-80986,T-17,CRI,81',81,second half,0,0
G-3524,M-2022-26,T-47,P-26068,T-47,MAR,73',73,second half,0,0
G-3525,M-2022-26,T-47,P-48295,T-47,MAR,90'+2',90,"second half, stoppage time",0,0
G-3526,M-2022-27,T-12,P-46358,T-12,CAN,2',2,first half,0,0
G-3527,M-2022-27,T-18,P-65182,T-18,HRV,36',36,first half,0,0
G-3528,M-2022-27,T-18,P-31643,T-18,HRV,44',44,first half,0,0
G-3529,M-2022-27,T-18,P-65182,T-18,HRV,70',70,second half,0,0
G-3530,M-2022-27,T-18,P-64353,T-18,HRV,90'+4',90,"second half, stoppage time",0,0
G-3531,M-2022-28,T-73,P-29274,T-73,ESP,62',62,second half,0,0
G-3532,M-2022-28,T-31,P-46246,T-31,DEU,83',83,second half,0,0
G-3533,M-2022-29,T-11,P-59303,T-11,CMR,29',29,first half,0,0
G-3534,M-2022-29,T-66,P-98435,T-66,SRB,45'+1',45,"first half, stoppage time",0,0
G-3535,M-2022-29,T-66,P-27744,T-66,SRB,45'+3',45,"first half, stoppage time",0,0
G-3536,M-2022-29,T-66,P-85696,T-66,SRB,53',53,second half,0,0
G-3537,M-2022-29,T-11,P-53452,T-11,CMR,63',63,second half,0,0
G-3538,M-2022-29,T-11,P-06117,T-11,CMR,66',66,second half,0,0
G-3539,M-2022-30,T-32,P-50142,T-32,GHA,24',24,first half,0,0
G-3540,M-2022-30,T-32,P-23821,T-32,GHA,34',34,first half,0,0
G-3541,M-2022-30,T-71,P-87169,T-71,KOR,58',58,second half,0,0
G-3542,M-2022-30,T-71,P-87169,T-71,KOR,61',61,second half,0,0
G-3543,M-2022-30,T-32,P-23821,T-32,GHA,68',68,second half,0,0
G-3544,M-2022-31,T-09,P-02305,T-09,BRA,83',83,second half,0,0
G-3545,M-2022-32,T-58,P-39584,T-58,PRT,54',54,second half,0,0
G-3546,M-2022-32,T-58,P-39584,T-58,PRT,90'+3',90,"second half, stoppage time",0,1
G-3547,M-2022-33,T-65,P-37935,T-65,SEN,44',44,first half,0,1
G-3548,M-2022-33,T-25,P-82216,T-25,ECU,67',67,second half,0,0
G-3549,M-2022-33,T-65,P-47321,T-65,SEN,70',70,second half,0,0
G-3550,M-2022-34,T-48,P-28911,T-48,NLD,26',26,first half,0,0
G-3551,M-2022-34,T-48,P-17688,T-48,NLD,49',49,second half,0,0
G-3552,M-2022-35,T-83,P-11737,T-83,USA,38',38,first half,0,0
G-3553,M-2022-36,T-28,P-59837,T-28,ENG,50',50,second half,0,0
G-3554,M-2022-36,T-28,P-10501,T-28,ENG,51',51,second half,0,0
G-3555,M-2022-36,T-28,P-59837,T-28,ENG,68',68,second half,0,0
G-3556,M-2022-37,T-04,P-35837,T-04,AUS,60',60,second half,0,0
G-3557,M-2022-38,T-79,P-42223,T-79,TUN,58',58,second half,0,0
G-3558,M-2022-39,T-03,P-71343,T-03,ARG,46',46,second half,0,0
G-3559,M-2022-39,T-03,P-19776,T-03,ARG,67',67,second half,0,0
G-3560,M-2022-40,T-46,P-49482,T-46,MEX,47',47,second half,0,0
G-3561,M-2022-40,T-46,P-49806,T-46,MEX,52',52,second half,0,0
G-3562,M-2022-40,T-63,P-70583,T-63,SAU,90'+5',90,"second half, stoppage time",0,0
G-3563,M-2022-41,T-47,P-70715,T-47,MAR,4',4,first half,0,0
G-3564,M-2022-41,T-47,P-42517,T-47,MAR,23',23,first half,0,0
G-3565,M-2022-41,T-12,P-47490,T-47,MAR,40',40,first half,1,0
G-3566,M-2022-43,T-31,P-75989,T-31,DEU,10',10,first half,0,0
G-3567,M-2022-43,T-17,P-24978,T-17,CRI,58',58,second half,0,0
G-3568,M-2022-43,T-17,P-65777,T-17,CRI,70',70,second half,0,0
G-3569,M-2022-43,T-31,P-77743,T-31,DEU,73',73,second half,0,0
G-3570,M-2022-43,T-31,P-77743,T-31,DEU,85',85,second half,0,0
G-3571,M-2022-43,T-31,P-46246,T-31,DEU,89',89,second half,0,0
G-3572,M-2022-44,T-73,P-29274,T-73,ESP,11',11,first half,0,0
G-3573,M-2022-44,T-44,P-58907,T-44,JPN,48',48,second half,0,0
G-3574,M-2022-44,T-44,P-82447,T-44,JPN,51',51,second half,0,0
G-3575,M-2022-45,T-84,P-62594,T-84,URY,26',26,first half,0,0
G-3576,M-2022-45,T-84,P-62594,T-84,URY,32',32,first half,0,0
G-3577,M-2022-46,T-58,P-05304,T-58,PRT,5',5,first half,0,0
G-3578,M-2022-46,T-71,P-07259,T-71,KOR,27',27,first half,0,0
G-3579,M-2022-46,T-71,P-58692,T-71,KOR,90'+1',90,"second half, stoppage time",0,0
G-3580,M-2022-47,T-11,P-53452,T-11,CMR,90'+2',90,"second half, stoppage time",0,0
G-3581,M-2022-48,T-75,P-39460,T-75,CHE,20',20,first half,0,0
G-3582,M-2022-48,T-66,P-85696,T-66,SRB,26',26,first half,0,0
G-3583,M-2022-48,T-66,P-63293,T-66,SRB,35',35,first half,0,0
G-3584,M-2022-48,T-75,P-19075,T-75,CHE,44',44,first half,0,0
G-3585,M-2022-48,T-75,P-68060,T-75,CHE,48',48,second half,0,0
G-3586,M-2022-49,T-48,P-27540,T-48,NLD,10',10,first half,0,0
G-3587,M-2022-49,T-48,P-39861,T-48,NLD,45'+1',45,"first half, stoppage time",0,0
G-3588,M-2022-49,T-83,P-68131,T-83,USA,76',76,second half,0,0
G-3589,M-2022-49,T-48,P-97615,T-48,NLD,81',81,second half,0,0
G-3590,M-2022-50,T-03,P-14758,T-03,ARG,35',35,first half,0,0
G-3591,M-2022-50,T-03,P-19776,T-03,ARG,57',57,second half,0,0
G-3592,M-2022-50,T-04,P-10739,T-03,ARG,77',77,second half,1,0
G-3593,M-2022-51,T-30,P-89750,T-30,FRA,44',44,first half,0,0
G-3594,M-2022-51,T-30,P-64077,T-30,FRA,74',74,second half,0,0
G-3595,M-2022-51,T-30,P-64077,T-30,FRA,90'+1',90,"second half, stoppage time",0,0
G-3596,M-2022-51,T-57,P-00549,T-57,POL,90'+9',90,"second half, stoppage time",0,1
G-3597,M-2022-52,T-28,P-08169,T-28,ENG,38',38,first half,0,0
G-3598,M-2022-52,T-28,P-58924,T-28,ENG,45'+3',45,"first half, stoppage time",0,0
G-3599,M-2022-52,T-28,P-76842,T-28,ENG,57',57,second half,0,0
G-3600,M-2022-53,T-44,P-30206,T-44,JPN,43',43,first half,0,0
G-3601,M-2022-53,T-18,P-93884,T-18,HRV,55',55,second half,0,0
G-3602,M-2022-54,T-09,P-92812,T-09,BRA,7',7,first half,0,0
G-3603,M-2022-54,T-09,P-87008,T-09,BRA,13',13,first half,0,1
G-3604,M-2022-54,T-09,P-68016,T-09,BRA,29',29,first half,0,0
G-3605,M-2022-54,T-09,P-05164,T-09,BRA,36',36,first half,0,0
G-3606,M-2022-54,T-71,P-32599,T-71,KOR,76',76,second half,0,0
G-3607,M-2022-56,T-58,P-41647,T-58,PRT,17',17,first half,0,0
G-3608,M-2022-56,T-58,P-81972,T-58,PRT,33',33,first half,0,0
G-3609,M-2022-56,T-58,P-41647,T-58,PRT,51',51,second half,0,0
G-3610,M-2022-56,T-58,P-67578,T-58,PRT,55',55,second half,0,0
G-3611,M-2022-56,T-75,P-23925,T-75,CHE,58',58,second half,0,0
G-3612,M-2022-56,T-58,P-41647,T-58,PRT,67',67,second half,0,0
G-3613,M-2022-56,T-58,P-27349,T-58,PRT,90'+2',90,"second half, stoppage time",0,0
G-3614,M-2022-57,T-09,P-87008,T-09,BRA,105'+1',105,"extra time, first half, stoppage time",0,0
G-3615,M-2022-57,T-18,P-46461,T-18,HRV,117',117,"extra time, second half",0,0
G-3616,M-2022-58,T-03,P-84430,T-03,ARG,35',35,first half,0,0
G-3617,M-2022-58,T-03,P-14758,T-03,ARG,73',73,second half,0,1
G-3618,M-2022-58,T-48,P-95036,T-48,NLD,83',83,second half,0,0
G-3619,M-2022-58,T-48,P-95036,T-48,NLD,90'+11',90,"second half, stoppage time",0,0
G-3620,M-2022-59,T-47,P-42517,T-47,MAR,42',42,first half,0,0
G-3621,M-2022-60,T-30,P-54517,T-30,FRA,17',17,first half,0,0
G-3622,M-2022-60,T-28,P-58924,T-28,ENG,54',54,second half,0,1
G-3623,M-2022-60,T-30,P-89750,T-30,FRA,78',78,second half,0,0
G-3624,M-2022-61,T-03,P-14758,T-03,ARG,34',34,first half,0,1
G-3625,M-2022-61,T-03,P-19776,T-03,ARG,39',39,first half,0,0
G-3626,M-2022-61,T-03,P-19776,T-03,ARG,69',69,second half,0,0
G-3627,M-2022-62,T-30,P-09867,T-30,FRA,5',5,first half,0,0
G-3628,M-2022-62,T-30,P-92987,T-30,FRA,79',79,second half,0,0
G-3629,M-2022-63,T-18,P-58420,T-18,HRV,7',7,first half,0,0
G-3630,M-2022-63,T-47,P-52013,T-47,MAR,9',9,first half,0,0
G-3631,M-2022-63,T-18,P-26942,T-18,HRV,42',42,first half,0,0
G-3632,M-2022-64,T-03,P-14758,T-03,ARG,23',23,first half,0,1
G-3633,M-2022-64,T-03,P-42113,T-03,ARG,36',36,first half,0,0
G-3634,M-2022-64,T-30,P-64077,T-30,FRA,80',80,second half,0,1
G-3635,M-2022-64,T-30,P-64077,T-30,FRA,81',81,second half,0,0
G-3636,M-2022-64,T-03,P-14758,T-03,ARG,108',108,"extra time, second half",0,0
G-3637,M-2022-64,T-30,P-64077,T-30,FRA,118',118,"extra time, second half",0,1
