match_id,tournament_id,match_name,stage_name,tournament_name,group_name,group_stage,knockout_stage,replayed,replay,match_date,match_time,stadium_id,stadium_name,city_name,country_name,home_team_id,home_team_name,home_team_code,away_team_id,away_team_name,away_team_code,score,home_team_score,away_team_score,home_team_score_margin,away_team_score_margin,extra_time,penalty_shootout,score_penalties,home_team_score_penalties,away_team_score_penalties,result,home_team_win,away_team_win,draw
M-1930-01,WC-1930,France vs Mexico,group stage,1930 FIFA Men's World Cup,Group 1,1,0,0,0,7/13/1930,15:00,S-240,Estadio Pocitos,Montevideo,Uruguay,T-30,France,FRA,T-46,Mexico,MEX,4–1,4,1,3,-3,0,0,0-0,0,0,home team win,1,0,0
M-1930-02,WC-1930,United States vs Belgium,group stage,1930 FIFA Men's World Cup,Group 4,1,0,0,0,7/13/1930,15:00,S-239,Estadio Gran Parque Central,Montevideo,Uruguay,T-83,United States,USA,T-06,Belgium,BEL,3–0,3,0,3,-3,0,0,0-0,0,0,home team win,1,0,0
M-1930-03,WC-1930,Yugoslavia vs Brazil,group stage,1930 FIFA Men's World Cup,Group 2,1,0,0,0,7/14/1930,12:45,S-239,Estadio Gran Parque Central,Montevideo,Uruguay,T-87,Yugoslavia,YUG,T-09,Brazil,BRA,2–1,2,1,1,-1,0,0,0-0,0,0,home team win,1,0,0
M-1930-04,WC-1930,Romania vs Peru,group stage,1930 FIFA Men's World Cup,Group 3,1,0,0,0,7/14/1930,14:50,S-240,Estadio Pocitos,Montevideo,Uruguay,T-61,Romania,ROU,T-56,Peru,PER,3–1,3,1,2,-2,0,0,0-0,0,0,home team win,1,0,0
M-1930-05,WC-1930,Argentina vs France,group stage,1930 FIFA Men's World Cup,Group 1,1,0,0,0,7/15/1930,16:00,S-239,Estadio Gran Parque Central,Montevideo,Uruguay,T-03,Argentina,ARG,T-30,France,FRA,1–0,1,0,1,-1,0,0,0-0,0,0,home team win,1,0,0
M-1930-06,WC-1930,Chile vs Mexico,group stage,1930 FIFA Men's World Cup,Group 1,1,0,0,0,7/16/1930,14:45,S-239,Estadio Gran Parque Central,Montevideo,Uruguay,T-13,Chile,CHL,T-46,Mexico,MEX,3–0,3,0,3,-3,0,0,0-0,0,0,home team win,1,0,0
M-1930-07,WC-1930,Yugoslavia vs Bolivia,group stage,1930 FIFA Men's World Cup,Group 2,1,0,0,0,7/17/1930,12:45,S-239,Estadio Gran Parque Central,Montevideo,Uruguay,T-87,Yugoslavia,YUG,T-07,Bolivia,BOL,4–0,4,0,4,-4,0,0,0-0,0,0,home team win,1,0,0
M-1930-08,WC-1930,United States vs Paraguay,group stage,1930 FIFA Men's World Cup,Group 4,1,0,0,0,7/17/1930,14:45,S-239,Estadio Gran Parque Central,Montevideo,Uruguay,T-83,United States,USA,T-55,Paraguay,PRY,3–0,3,0,3,-3,0,0,0-0,0,0,home team win,1,0,0
M-1930-09,WC-1930,Uruguay vs Peru,group stage,1930 FIFA Men's World Cup,Group 3,1,0,0,0,7/18/1930,14:30,S-238,Estadio Centenario,Montevideo,Uruguay,T-84,Uruguay,URY,T-56,Peru,PER,1–0,1,0,1,-1,0,0,0-0,0,0,home team win,1,0,0
M-1930-10,WC-1930,Chile vs France,group stage,1930 FIFA Men's World Cup,Group 1,1,0,0,0,7/19/1930,12:50,S-238,Estadio Centenario,Montevideo,Uruguay,T-13,Chile,CHL,T-30,France,FRA,1–0,1,0,1,-1,0,0,0-0,0,0,home team win,1,0,0
M-1930-11,WC-1930,Argentina vs Mexico,group stage,1930 FIFA Men's World Cup,Group 1,1,0,0,0,7/19/1930,15:00,S-238,Estadio Centenario,Montevideo,Uruguay,T-03,Argentina,ARG,T-46,Mexico,MEX,6–3,6,3,3,-3,0,0,0-0,0,0,home team win,1,0,0
M-1930-12,WC-1930,Brazil vs Bolivia,group stage,1930 FIFA Men's World Cup,Group 2,1,0,0,0,7/20/1930,13:00,S-238,Estadio Centenario,Montevideo,Uruguay,T-09,Brazil,BRA,T-07,Bolivia,BOL,4–0,4,0,4,-4,0,0,0-0,0,0,home team win,1,0,0
M-1930-13,WC-1930,Paraguay vs Belgium,group stage,1930 FIFA Men's World Cup,Group 4,1,0,0,0,7/20/1930,15:00,S-238,Estadio Centenario,Montevideo,Uruguay,T-55,Paraguay,PRY,T-06,Belgium,BEL,1–0,1,0,1,-1,0,0,0-0,0,0,home team win,1,0,0
M-1930-14,WC-1930,Uruguay vs Romania,group stage,1930 FIFA Men's World Cup,Group 3,1,0,0,0,7/21/1930,14:50,S-238,Estadio Centenario,Montevideo,Uruguay,T-84,Uruguay,URY,T-61,Romania,ROU,4–0,4,0,4,-4,0,0,0-0,0,0,home team win,1,0,0
M-1930-15,WC-1930,Argentina vs Chile,group stage,1930 FIFA Men's World Cup,Group 1,1,0,0,0,7/22/1930,14:45,S-238,Estadio Centenario,Montevideo,Uruguay,T-03,Argentina,ARG,T-13,Chile,CHL,3–1,3,1,2,-2,0,0,0-0,0,0,home team win,1,0,0
M-1930-16,WC-1930,Argentina vs United States,semi-finals,1930 FIFA Men's World Cup,not applicable,0,1,0,0,7/26/1930,14:45,S-238,Estadio Centenario,Montevideo,Uruguay,T-03,Argentina,ARG,T-83,United States,USA,6–1,6,1,5,-5,0,0,0-0,0,0,home team win,1,0,0
M-1930-17,WC-1930,Uruguay vs Yugoslavia,semi-finals,1930 FIFA Men's World Cup,not applicable,0,1,0,0,7/27/1930,14:45,S-238,Estadio Centenario,Montevideo,Uruguay,T-84,Uruguay,URY,T-87,Yugoslavia,YUG,6–1,6,1,5,-5,0,0,0-0,0,0,home team win,1,0,0
M-1930-18,WC-1930,Uruguay vs Argentina,final,1930 FIFA Men's World Cup,not applicable,0,1,0,0,7/30/1930,14:15,S-238,Estadio Centenario,Montevideo,Uruguay,T-84,Uruguay,URY,T-03,Argentina,ARG,4–2,4,2,2,-2,0,0,0-0,0,0,home team win,1,0,0
M-1934-01,WC-1934,Austria vs France,round of 16,1934 FIFA Men's World Cup,not applicable,0,1,0,0,5/27/1934,16:00,S-114,Stadio Benito Mussolini,Turin,Italy,T-05,Austria,AUT,T-30,France,FRA,3–2,3,2,1,-1,1,0,0-0,0,0,home team win,1,0,0
M-1934-02,WC-1934,Czechoslovakia vs Romania,round of 16,1934 FIFA Men's World Cup,not applicable,0,1,0,0,5/27/1934,16:00,S-113,Stadio Littorio,Trieste,Italy,T-21,Czechoslovakia,CSK,T-61,Romania,ROU,2–1,2,1,1,-1,0,0,0-0,0,0,home team win,1,0,0
M-1934-03,WC-1934,Germany vs Belgium,round of 16,1934 FIFA Men's World Cup,not applicable,0,1,0,0,5/27/1934,16:00,S-105,Stadio Giovanni Berta,Florence,Italy,T-31,Germany,DEU,T-06,Belgium,BEL,5–2,5,2,3,-3,0,0,0-0,0,0,home team win,1,0,0
M-1934-04,WC-1934,Hungary vs Egypt,round of 16,1934 FIFA Men's World Cup,not applicable,0,1,0,0,5/27/1934,16:00,S-108,Stadio Giorgio Ascarelli,Naples,Italy,T-36,Hungary,HUN,T-26,Egypt,EGY,4–2,4,2,2,-2,0,0,0-0,0,0,home team win,1,0,0
M-1934-05,WC-1934,Italy vs United States,round of 16,1934 FIFA Men's World Cup,not applicable,0,1,0,0,5/27/1934,16:00,S-111,Stadio Nazionale PNF,Rome,Italy,T-41,Italy,ITA,T-83,United States,USA,7–1,7,1,6,-6,0,0,0-0,0,0,home team win,1,0,0
M-1934-06,WC-1934,Spain vs Brazil,round of 16,1934 FIFA Men's World Cup,not applicable,0,1,0,0,5/27/1934,16:00,S-106,Stadio Luigi Ferraris,Genoa,Italy,T-73,Spain,ESP,T-09,Brazil,BRA,3–1,3,1,2,-2,0,0,0-0,0,0,home team win,1,0,0
M-1934-07,WC-1934,Sweden vs Argentina,round of 16,1934 FIFA Men's World Cup,not applicable,0,1,0,0,5/27/1934,16:00,S-102,Stadio Renato Dall'Ara,Bologna,Italy,T-74,Sweden,SWE,T-03,Argentina,ARG,3–2,3,2,1,-1,0,0,0-0,0,0,home team win,1,0,0
M-1934-08,WC-1934,Switzerland vs Netherlands,round of 16,1934 FIFA Men's World Cup,not applicable,0,1,0,0,5/27/1934,16:00,S-107,San Siro,Milan,Italy,T-75,Switzerland,CHE,T-48,Netherlands,NLD,3–2,3,2,1,-1,0,0,0-0,0,0,home team win,1,0,0
M-1934-09,WC-1934,Austria vs Hungary,quarter-finals,1934 FIFA Men's World Cup,not applicable,0,1,0,0,5/31/1934,16:30,S-102,Stadio Renato Dall'Ara,Bologna,Italy,T-05,Austria,AUT,T-36,Hungary,HUN,2–1,2,1,1,-1,0,0,0-0,0,0,home team win,1,0,0
M-1934-10,WC-1934,Czechoslovakia vs Switzerland,quarter-finals,1934 FIFA Men's World Cup,not applicable,0,1,0,0,5/31/1934,16:30,S-114,Stadio Benito Mussolini,Turin,Italy,T-21,Czechoslovakia,CSK,T-75,Switzerland,CHE,3–2,3,2,1,-1,0,0,0-0,0,0,home team win,1,0,0
M-1934-11,WC-1934,Germany vs Sweden,quarter-finals,1934 FIFA Men's World Cup,not applicable,0,1,0,0,5/31/1934,16:30,S-107,San Siro,Milan,Italy,T-31,Germany,DEU,T-74,Sweden,SWE,2–1,2,1,1,-1,0,0,0-0,0,0,home team win,1,0,0
M-1934-12,WC-1934,Italy vs Spain,quarter-finals,1934 FIFA Men's World Cup,not applicable,0,1,1,0,5/31/1934,16:30,S-105,Stadio Giovanni Berta,Florence,Italy,T-41,Italy,ITA,T-73,Spain,ESP,1–1,1,1,0,0,1,0,0-0,0,0,draw,0,0,1
M-1934-13,WC-1934,Italy vs Spain,quarter-finals,1934 FIFA Men's World Cup,not applicable,0,1,0,1,6/1/1934,16:30,S-105,Stadio Giovanni Berta,Florence,Italy,T-41,Italy,ITA,T-73,Spain,ESP,1–0,1,0,1,-1,0,0,0-0,0,0,home team win,1,0,0
M-1934-14,WC-1934,Czechoslovakia vs Germany,semi-finals,1934 FIFA Men's World Cup,not applicable,0,1,0,0,6/3/1934,16:30,S-111,Stadio Nazionale PNF,Rome,Italy,T-21,Czechoslovakia,CSK,T-31,Germany,DEU,3–1,3,1,2,-2,0,0,0-0,0,0,home team win,1,0,0
M-1934-15,WC-1934,Italy vs Austria,semi-finals,1934 FIFA Men's World Cup,not applicable,0,1,0,0,6/3/1934,16:30,S-107,San Siro,Milan,Italy,T-41,Italy,ITA,T-05,Austria,AUT,1–0,1,0,1,-1,0,0,0-0,0,0,home team win,1,0,0
M-1934-16,WC-1934,Germany vs Austria,third-place match,1934 FIFA Men's World Cup,not applicable,0,1,0,0,6/7/1934,18:00,S-108,Stadio Giorgio Ascarelli,Naples,Italy,T-31,Germany,DEU,T-05,Austria,AUT,3–2,3,2,1,-1,0,0,0-0,0,0,home team win,1,0,0
M-1934-17,WC-1934,Italy vs Czechoslovakia,final,1934 FIFA Men's World Cup,not applicable,0,1,0,0,6/10/1934,17:00,S-111,Stadio Nazionale PNF,Rome,Italy,T-41,Italy,ITA,T-21,Czechoslovakia,CSK,2–1,2,1,1,-1,1,0,0-0,0,0,home team win,1,0,0
M-1938-01,WC-1938,Switzerland vs Germany,round of 16,1938 FIFA Men's World Cup,not applicable,0,1,1,0,6/4/1938,17:00,S-068,Parc des Princes,Paris,France,T-75,Switzerland,CHE,T-31,Germany,DEU,1–1,1,1,0,0,1,0,0-0,0,0,draw,0,0,1
M-1938-02,WC-1938,Cuba vs Romania,round of 16,1938 FIFA Men's World Cup,not applicable,0,1,1,0,6/5/1938,17:00,S-077,Stade du T.O.E.C.,Toulouse,France,T-19,Cuba,CUB,T-61,Romania,ROU,3–3,3,3,0,0,1,0,0-0,0,0,draw,0,0,1
M-1938-03,WC-1938,France vs Belgium,round of 16,1938 FIFA Men's World Cup,not applicable,0,1,0,0,6/5/1938,17:00,S-069,Stade Olympique de Colombes,Paris,France,T-30,France,FRA,T-06,Belgium,BEL,3–1,3,1,2,-2,0,0,0-0,0,0,home team win,1,0,0
M-1938-04,WC-1938,Hungary vs Dutch East Indies,round of 16,1938 FIFA Men's World Cup,not applicable,0,1,0,0,6/5/1938,17:00,S-071,Vélodrome Municipal,Reims,France,T-36,Hungary,HUN,T-23,Dutch East Indies,IDN,6–0,6,0,6,-6,0,0,0-0,0,0,home team win,1,0,0
M-1938-05,WC-1938,Italy vs Norway,round of 16,1938 FIFA Men's World Cup,not applicable,0,1,0,0,6/5/1938,17:00,S-064,Stade Vélodrome,Marseille,France,T-41,Italy,ITA,T-53,Norway,NOR,2–1,2,1,1,-1,1,0,0-0,0,0,home team win,1,0,0
M-1938-06,WC-1938,Brazil vs Poland,round of 16,1938 FIFA Men's World Cup,not applicable,0,1,0,0,6/5/1938,17:30,S-075,Stade de la Meinau,Strasbourg,France,T-09,Brazil,BRA,T-57,Poland,POL,6–5,6,5,1,-1,1,0,0-0,0,0,home team win,1,0,0
M-1938-07,WC-1938,Czechoslovakia vs Netherlands,round of 16,1938 FIFA Men's World Cup,not applicable,0,1,0,0,6/5/1938,18:30,S-058,Stade Jules Deschaseaux,Le Havre,France,T-21,Czechoslovakia,CSK,T-48,Netherlands,NLD,3–0,3,0,3,-3,1,0,0-0,0,0,home team win,1,0,0
M-1938-08,WC-1938,Cuba vs Romania,round of 16,1938 FIFA Men's World Cup,not applicable,0,1,0,1,6/9/1938,18:00,S-077,Stade du T.O.E.C.,Toulouse,France,T-19,Cuba,CUB,T-61,Romania,ROU,2–1,2,1,1,-1,0,0,0-0,0,0,home team win,1,0,0
M-1938-09,WC-1938,Switzerland vs Germany,round of 16,1938 FIFA Men's World Cup,not applicable,0,1,0,1,6/9/1938,18:00,S-068,Parc des Princes,Paris,France,T-75,Switzerland,CHE,T-31,Germany,DEU,4–2,4,2,2,-2,0,0,0-0,0,0,home team win,1,0,0
M-1938-10,WC-1938,Brazil vs Czechoslovakia,quarter-finals,1938 FIFA Men's World Cup,not applicable,0,1,1,0,6/12/1938,17:00,S-056,Stade du Parc Lescure,Bordeaux,France,T-09,Brazil,BRA,T-21,Czechoslovakia,CSK,1–1,1,1,0,0,1,0,0-0,0,0,draw,0,0,1
M-1938-11,WC-1938,Hungary vs Switzerland,quarter-finals,1938 FIFA Men's World Cup,not applicable,0,1,0,0,6/12/1938,17:00,S-061,Stade Victor Boucquey,Lille,France,T-36,Hungary,HUN,T-75,Switzerland,CHE,2–0,2,0,2,-2,0,0,0-0,0,0,home team win,1,0,0
M-1938-12,WC-1938,Italy vs France,quarter-finals,1938 FIFA Men's World Cup,not applicable,0,1,0,0,6/12/1938,17:00,S-069,Stade Olympique de Colombes,Paris,France,T-41,Italy,ITA,T-30,France,FRA,3–1,3,1,2,-2,0,0,0-0,0,0,home team win,1,0,0
M-1938-13,WC-1938,Sweden vs Cuba,quarter-finals,1938 FIFA Men's World Cup,not applicable,0,1,0,0,6/12/1938,17:00,S-055,Stade du Fort Carré,Antibes,France,T-74,Sweden,SWE,T-19,Cuba,CUB,8–0,8,0,8,-8,0,0,0-0,0,0,home team win,1,0,0
M-1938-14,WC-1938,Brazil vs Czechoslovakia,quarter-finals,1938 FIFA Men's World Cup,not applicable,0,1,0,1,6/14/1938,18:00,S-056,Stade du Parc Lescure,Bordeaux,France,T-09,Brazil,BRA,T-21,Czechoslovakia,CSK,2–1,2,1,1,-1,0,0,0-0,0,0,home team win,1,0,0
M-1938-15,WC-1938,Hungary vs Sweden,semi-finals,1938 FIFA Men's World Cup,not applicable,0,1,0,0,6/16/1938,18:00,S-068,Parc des Princes,Paris,France,T-36,Hungary,HUN,T-74,Sweden,SWE,5–1,5,1,4,-4,0,0,0-0,0,0,home team win,1,0,0
M-1938-16,WC-1938,Italy vs Brazil,semi-finals,1938 FIFA Men's World Cup,not applicable,0,1,0,0,6/16/1938,18:00,S-064,Stade Vélodrome,Marseille,France,T-41,Italy,ITA,T-09,Brazil,BRA,2–1,2,1,1,-1,0,0,0-0,0,0,home team win,1,0,0
M-1938-17,WC-1938,Brazil vs Sweden,third-place match,1938 FIFA Men's World Cup,not applicable,0,1,0,0,6/19/1938,17:00,S-056,Stade du Parc Lescure,Bordeaux,France,T-09,Brazil,BRA,T-74,Sweden,SWE,4–2,4,2,2,-2,0,0,0-0,0,0,home team win,1,0,0
M-1938-18,WC-1938,Italy vs Hungary,final,1938 FIFA Men's World Cup,not applicable,0,1,0,0,6/19/1938,17:00,S-069,Stade Olympique de Colombes,Paris,France,T-41,Italy,ITA,T-36,Hungary,HUN,4–2,4,2,2,-2,0,0,0-0,0,0,home team win,1,0,0
M-1950-01,WC-1950,Brazil vs Mexico,group stage,1950 FIFA Men's World Cup,Group 1,1,0,0,0,6/24/1950,15:00,S-020,Estádio do Maracanã,Rio de Janeiro,Brazil,T-09,Brazil,BRA,T-46,Mexico,MEX,4–0,4,0,4,-4,0,0,0-0,0,0,home team win,1,0,0
M-1950-02,WC-1950,Yugoslavia vs Switzerland,group stage,1950 FIFA Men's World Cup,Group 1,1,0,0,0,6/25/1950,15:00,S-007,Estádio Independência,Belo Horizonte,Brazil,T-87,Yugoslavia,YUG,T-75,Switzerland,CHE,3–0,3,0,3,-3,0,0,0-0,0,0,home team win,1,0,0
M-1950-03,WC-1950,England vs Chile,group stage,1950 FIFA Men's World Cup,Group 2,1,0,0,0,6/25/1950,15:00,S-020,Estádio do Maracanã,Rio de Janeiro,Brazil,T-28,England,ENG,T-13,Chile,CHL,2–0,2,0,2,-2,0,0,0-0,0,0,home team win,1,0,0
M-1950-04,WC-1950,Spain vs United States,group stage,1950 FIFA Men's World Cup,Group 2,1,0,0,0,6/25/1950,15:00,S-012,Estádio Vila Capanema,Curitiba,Brazil,T-73,Spain,ESP,T-83,United States,USA,3–1,3,1,2,-2,0,0,0-0,0,0,home team win,1,0,0
M-1950-05,WC-1950,Sweden vs Italy,group stage,1950 FIFA Men's World Cup,Group 3,1,0,0,0,6/25/1950,15:00,S-023,Estádio do Pacaembu,São Paulo,Brazil,T-74,Sweden,SWE,T-41,Italy,ITA,3–2,3,2,1,-1,0,0,0-0,0,0,home team win,1,0,0
M-1950-06,WC-1950,Brazil vs Switzerland,group stage,1950 FIFA Men's World Cup,Group 1,1,0,0,0,6/28/1950,15:00,S-023,Estádio do Pacaembu,São Paulo,Brazil,T-09,Brazil,BRA,T-75,Switzerland,CHE,2–2,2,2,0,0,0,0,0-0,0,0,draw,0,0,1
M-1950-07,WC-1950,Yugoslavia vs Mexico,group stage,1950 FIFA Men's World Cup,Group 1,1,0,0,0,6/28/1950,15:00,S-017,Estádio dos Eucaliptos,Porto Alegre,Brazil,T-87,Yugoslavia,YUG,T-46,Mexico,MEX,4–1,4,1,3,-3,0,0,0-0,0,0,home team win,1,0,0
M-1950-08,WC-1950,Spain vs Chile,group stage,1950 FIFA Men's World Cup,Group 2,1,0,0,0,6/29/1950,15:00,S-020,Estádio do Maracanã,Rio de Janeiro,Brazil,T-73,Spain,ESP,T-13,Chile,CHL,2–0,2,0,2,-2,0,0,0-0,0,0,home team win,1,0,0
M-1950-09,WC-1950,United States vs England,group stage,1950 FIFA Men's World Cup,Group 2,1,0,0,0,6/29/1950,15:00,S-007,Estádio Independência,Belo Horizonte,Brazil,T-83,United States,USA,T-28,England,ENG,1–0,1,0,1,-1,0,0,0-0,0,0,home team win,1,0,0
M-1950-10,WC-1950,Sweden vs Paraguay,group stage,1950 FIFA Men's World Cup,Group 3,1,0,0,0,6/29/1950,15:30,S-012,Estádio Vila Capanema,Curitiba,Brazil,T-74,Sweden,SWE,T-55,Paraguay,PRY,2–2,2,2,0,0,0,0,0-0,0,0,draw,0,0,1
M-1950-11,WC-1950,Brazil vs Yugoslavia,group stage,1950 FIFA Men's World Cup,Group 1,1,0,0,0,7/1/1950,15:00,S-020,Estádio do Maracanã,Rio de Janeiro,Brazil,T-09,Brazil,BRA,T-87,Yugoslavia,YUG,2–0,2,0,2,-2,0,0,0-0,0,0,home team win,1,0,0
M-1950-12,WC-1950,Chile vs United States,group stage,1950 FIFA Men's World Cup,Group 2,1,0,0,0,7/2/1950,15:00,S-019,Estádio Ilha do Retiro,Recife,Brazil,T-13,Chile,CHL,T-83,United States,USA,5–2,5,2,3,-3,0,0,0-0,0,0,home team win,1,0,0
M-1950-13,WC-1950,Spain vs England,group stage,1950 FIFA Men's World Cup,Group 2,1,0,0,0,7/2/1950,15:00,S-020,Estádio do Maracanã,Rio de Janeiro,Brazil,T-73,Spain,ESP,T-28,England,ENG,1–0,1,0,1,-1,0,0,0-0,0,0,home team win,1,0,0
M-1950-14,WC-1950,Italy vs Paraguay,group stage,1950 FIFA Men's World Cup,Group 3,1,0,0,0,7/2/1950,15:00,S-023,Estádio do Pacaembu,São Paulo,Brazil,T-41,Italy,ITA,T-55,Paraguay,PRY,2–0,2,0,2,-2,0,0,0-0,0,0,home team win,1,0,0
M-1950-15,WC-1950,Uruguay vs Bolivia,group stage,1950 FIFA Men's World Cup,Group 4,1,0,0,0,7/2/1950,15:00,S-007,Estádio Independência,Belo Horizonte,Brazil,T-84,Uruguay,URY,T-07,Bolivia,BOL,8–0,8,0,8,-8,0,0,0-0,0,0,home team win,1,0,0
M-1950-16,WC-1950,Switzerland vs Mexico,group stage,1950 FIFA Men's World Cup,Group 1,1,0,0,0,7/2/1950,15:40,S-017,Estádio dos Eucaliptos,Porto Alegre,Brazil,T-75,Switzerland,CHE,T-46,Mexico,MEX,2–1,2,1,1,-1,0,0,0-0,0,0,home team win,1,0,0
M-1950-17,WC-1950,Brazil vs Sweden,final round,1950 FIFA Men's World Cup,not applicable,1,0,0,0,7/9/1950,15:00,S-020,Estádio do Maracanã,Rio de Janeiro,Brazil,T-09,Brazil,BRA,T-74,Sweden,SWE,7–1,7,1,6,-6,0,0,0-0,0,0,home team win,1,0,0
M-1950-18,WC-1950,Uruguay vs Spain,final round,1950 FIFA Men's World Cup,not applicable,1,0,0,0,7/9/1950,15:00,S-023,Estádio do Pacaembu,São Paulo,Brazil,T-84,Uruguay,URY,T-73,Spain,ESP,2–2,2,2,0,0,0,0,0-0,0,0,draw,0,0,1
M-1950-19,WC-1950,Brazil vs Spain,final round,1950 FIFA Men's World Cup,not applicable,1,0,0,0,7/13/1950,15:00,S-020,Estádio do Maracanã,Rio de Janeiro,Brazil,T-09,Brazil,BRA,T-73,Spain,ESP,6–1,6,1,5,-5,0,0,0-0,0,0,home team win,1,0,0
M-1950-20,WC-1950,Uruguay vs Sweden,final round,1950 FIFA Men's World Cup,not applicable,1,0,0,0,7/13/1950,15:00,S-023,Estádio do Pacaembu,São Paulo,Brazil,T-84,Uruguay,URY,T-74,Sweden,SWE,3–2,3,2,1,-1,0,0,0-0,0,0,home team win,1,0,0
M-1950-21,WC-1950,Sweden vs Spain,final round,1950 FIFA Men's World Cup,not applicable,1,0,0,0,7/16/1950,15:00,S-023,Estádio do Pacaembu,São Paulo,Brazil,T-74,Sweden,SWE,T-73,Spain,ESP,3–1,3,1,2,-2,0,0,0-0,0,0,home team win,1,0,0
M-1950-22,WC-1950,Uruguay vs Brazil,final round,1950 FIFA Men's World Cup,not applicable,1,0,0,0,7/16/1950,15:00,S-020,Estádio do Maracanã,Rio de Janeiro,Brazil,T-84,Uruguay,URY,T-09,Brazil,BRA,2–1,2,1,1,-1,0,0,0-0,0,0,home team win,1,0,0
M-1954-01,WC-1954,Brazil vs Mexico,group stage,1954 FIFA Men's World Cup,Group 1,1,0,0,0,6/16/1954,18:00,S-213,Charmilles Stadium,Geneva,Switzerland,T-09,Brazil,BRA,T-46,Mexico,MEX,5–0,5,0,5,-5,0,0,0-0,0,0,home team win,1,0,0
M-1954-02,WC-1954,Yugoslavia vs France,group stage,1954 FIFA Men's World Cup,Group 1,1,0,0,0,6/16/1954,18:00,S-214,Stade Olympique de la Pontaise,Lausanne,Switzerland,T-87,Yugoslavia,YUG,T-30,France,FRA,1–0,1,0,1,-1,0,0,0-0,0,0,home team win,1,0,0
M-1954-03,WC-1954,Austria vs Scotland,group stage,1954 FIFA Men's World Cup,Group 3,1,0,0,0,6/16/1954,18:00,S-216,Hardturm Stadium,Zürich,Switzerland,T-05,Austria,AUT,T-64,Scotland,SCO,1–0,1,0,1,-1,0,0,0-0,0,0,home team win,1,0,0
M-1954-04,WC-1954,Uruguay vs Czechoslovakia,group stage,1954 FIFA Men's World Cup,Group 3,1,0,0,0,6/16/1954,18:00,S-212,Wankdorf Stadium,Bern,Switzerland,T-84,Uruguay,URY,T-21,Czechoslovakia,CSK,2–0,2,0,2,-2,0,0,0-0,0,0,home team win,1,0,0
M-1954-05,WC-1954,Switzerland vs Italy,group stage,1954 FIFA Men's World Cup,Group 4,1,0,0,0,6/17/1954,17:50,S-214,Stade Olympique de la Pontaise,Lausanne,Switzerland,T-75,Switzerland,CHE,T-41,Italy,ITA,2–1,2,1,1,-1,0,0,0-0,0,0,home team win,1,0,0
M-1954-06,WC-1954,Hungary vs South Korea,group stage,1954 FIFA Men's World Cup,Group 2,1,0,0,0,6/17/1954,18:00,S-216,Hardturm Stadium,Zürich,Switzerland,T-36,Hungary,HUN,T-71,South Korea,KOR,9–0,9,0,9,-9,0,0,0-0,0,0,home team win,1,0,0
M-1954-07,WC-1954,West Germany vs Turkey,group stage,1954 FIFA Men's World Cup,Group 2,1,0,0,0,6/17/1954,18:00,S-212,Wankdorf Stadium,Bern,Switzerland,T-86,West Germany,DEU,T-80,Turkey,TUR,4–1,4,1,3,-3,0,0,0-0,0,0,home team win,1,0,0
M-1954-08,WC-1954,England vs Belgium,group stage,1954 FIFA Men's World Cup,Group 4,1,0,0,0,6/17/1954,18:10,S-211,St. Jakob Stadium,Basel,Switzerland,T-28,England,ENG,T-06,Belgium,BEL,4–4,4,4,0,0,1,0,0-0,0,0,draw,0,0,1
M-1954-09,WC-1954,Uruguay vs Scotland,group stage,1954 FIFA Men's World Cup,Group 3,1,0,0,0,6/19/1954,16:50,S-211,St. Jakob Stadium,Basel,Switzerland,T-84,Uruguay,URY,T-64,Scotland,SCO,7–0,7,0,7,-7,0,0,0-0,0,0,home team win,1,0,0
M-1954-10,WC-1954,Brazil vs Yugoslavia,group stage,1954 FIFA Men's World Cup,Group 1,1,0,0,0,6/19/1954,17:00,S-214,Stade Olympique de la Pontaise,Lausanne,Switzerland,T-09,Brazil,BRA,T-87,Yugoslavia,YUG,1–1,1,1,0,0,1,0,0-0,0,0,draw,0,0,1
M-1954-11,WC-1954,Austria vs Czechoslovakia,group stage,1954 FIFA Men's World Cup,Group 3,1,0,0,0,6/19/1954,17:00,S-216,Hardturm Stadium,Zürich,Switzerland,T-05,Austria,AUT,T-21,Czechoslovakia,CSK,5–0,5,0,5,-5,0,0,0-0,0,0,home team win,1,0,0
M-1954-12,WC-1954,France vs Mexico,group stage,1954 FIFA Men's World Cup,Group 1,1,0,0,0,6/19/1954,17:10,S-213,Charmilles Stadium,Geneva,Switzerland,T-30,France,FRA,T-46,Mexico,MEX,3–2,3,2,1,-1,0,0,0-0,0,0,home team win,1,0,0
M-1954-13,WC-1954,Hungary vs West Germany,group stage,1954 FIFA Men's World Cup,Group 2,1,0,0,0,6/20/1954,16:50,S-211,St. Jakob Stadium,Basel,Switzerland,T-36,Hungary,HUN,T-86,West Germany,DEU,8–3,8,3,5,-5,0,0,0-0,0,0,home team win,1,0,0
M-1954-14,WC-1954,Turkey vs South Korea,group stage,1954 FIFA Men's World Cup,Group 2,1,0,0,0,6/20/1954,17:00,S-213,Charmilles Stadium,Geneva,Switzerland,T-80,Turkey,TUR,T-71,South Korea,KOR,7–0,7,0,7,-7,0,0,0-0,0,0,home team win,1,0,0
M-1954-15,WC-1954,Italy vs Belgium,group stage,1954 FIFA Men's World Cup,Group 4,1,0,0,0,6/20/1954,17:00,S-215,Cornaredo Stadium,Lugano,Switzerland,T-41,Italy,ITA,T-06,Belgium,BEL,4–1,4,1,3,-3,0,0,0-0,0,0,home team win,1,0,0
M-1954-16,WC-1954,England vs Switzerland,group stage,1954 FIFA Men's World Cup,Group 4,1,0,0,0,6/20/1954,17:10,S-212,Wankdorf Stadium,Bern,Switzerland,T-28,England,ENG,T-75,Switzerland,CHE,2–0,2,0,2,-2,0,0,0-0,0,0,home team win,1,0,0
M-1954-17,WC-1954,West Germany vs Turkey,group stage,1954 FIFA Men's World Cup,Group 2,1,0,0,0,6/23/1954,18:00,S-216,Hardturm Stadium,Zürich,Switzerland,T-86,West Germany,DEU,T-80,Turkey,TUR,7–2,7,2,5,-5,0,0,0-0,0,0,home team win,1,0,0
M-1954-18,WC-1954,Switzerland vs Italy,group stage,1954 FIFA Men's World Cup,Group 4,1,0,0,0,6/23/1954,18:00,S-211,St. Jakob Stadium,Basel,Switzerland,T-75,Switzerland,CHE,T-41,Italy,ITA,4–1,4,1,3,-3,0,0,0-0,0,0,home team win,1,0,0
M-1954-19,WC-1954,Austria vs Switzerland,quarter-finals,1954 FIFA Men's World Cup,not applicable,0,1,0,0,6/26/1954,17:00,S-214,Stade Olympique de la Pontaise,Lausanne,Switzerland,T-05,Austria,AUT,T-75,Switzerland,CHE,7–5,7,5,2,-2,0,0,0-0,0,0,home team win,1,0,0
M-1954-20,WC-1954,Uruguay vs England,quarter-finals,1954 FIFA Men's World Cup,not applicable,0,1,0,0,6/26/1954,17:00,S-211,St. Jakob Stadium,Basel,Switzerland,T-84,Uruguay,URY,T-28,England,ENG,4–2,4,2,2,-2,0,0,0-0,0,0,home team win,1,0,0
M-1954-21,WC-1954,Hungary vs Brazil,quarter-finals,1954 FIFA Men's World Cup,not applicable,0,1,0,0,6/27/1954,17:00,S-212,Wankdorf Stadium,Bern,Switzerland,T-36,Hungary,HUN,T-09,Brazil,BRA,4–2,4,2,2,-2,0,0,0-0,0,0,home team win,1,0,0
M-1954-22,WC-1954,West Germany vs Yugoslavia,quarter-finals,1954 FIFA Men's World Cup,not applicable,0,1,0,0,6/27/1954,17:00,S-213,Charmilles Stadium,Geneva,Switzerland,T-86,West Germany,DEU,T-87,Yugoslavia,YUG,2–0,2,0,2,-2,0,0,0-0,0,0,home team win,1,0,0
M-1954-23,WC-1954,Hungary vs Uruguay,semi-finals,1954 FIFA Men's World Cup,not applicable,0,1,0,0,6/30/1954,18:00,S-214,Stade Olympique de la Pontaise,Lausanne,Switzerland,T-36,Hungary,HUN,T-84,Uruguay,URY,4–2,4,2,2,-2,1,0,0-0,0,0,home team win,1,0,0
M-1954-24,WC-1954,West Germany vs Austria,semi-finals,1954 FIFA Men's World Cup,not applicable,0,1,0,0,6/30/1954,18:00,S-211,St. Jakob Stadium,Basel,Switzerland,T-86,West Germany,DEU,T-05,Austria,AUT,6–1,6,1,5,-5,0,0,0-0,0,0,home team win,1,0,0
M-1954-25,WC-1954,Austria vs Uruguay,third-place match,1954 FIFA Men's World Cup,not applicable,0,1,0,0,7/3/1954,17:00,S-216,Hardturm Stadium,Zürich,Switzerland,T-05,Austria,AUT,T-84,Uruguay,URY,3–1,3,1,2,-2,0,0,0-0,0,0,home team win,1,0,0
M-1954-26,WC-1954,West Germany vs Hungary,final,1954 FIFA Men's World Cup,not applicable,0,1,0,0,7/4/1954,17:00,S-212,Wankdorf Stadium,Bern,Switzerland,T-86,West Germany,DEU,T-36,Hungary,HUN,3–2,3,2,1,-1,0,0,0-0,0,0,home team win,1,0,0
M-1958-01,WC-1958,Sweden vs Mexico,group stage,1958 FIFA Men's World Cup,Group 3,1,0,0,0,6/8/1958,14:00,S-208,Råsunda Stadium,Solna,Sweden,T-74,Sweden,SWE,T-46,Mexico,MEX,3–0,3,0,3,-3,0,0,0-0,0,0,home team win,1,0,0
M-1958-02,WC-1958,Argentina vs West Germany,group stage,1958 FIFA Men's World Cup,Group 1,1,0,0,0,6/8/1958,19:00,S-204,Malmö Stadion,Malmö,Sweden,T-03,Argentina,ARG,T-86,West Germany,DEU,1–3,1,3,-2,2,0,0,0-0,0,0,away team win,0,1,0
M-1958-03,WC-1958,Northern Ireland vs Czechoslovakia,group stage,1958 FIFA Men's World Cup,Group 1,1,0,0,0,6/8/1958,19:00,S-201,Örjans Vall,Halmstad,Sweden,T-52,Northern Ireland,NIR,T-21,Czechoslovakia,CSK,1–0,1,0,1,-1,0,0,0-0,0,0,home team win,1,0,0
M-1958-04,WC-1958,France vs Paraguay,group stage,1958 FIFA Men's World Cup,Group 2,1,0,0,0,6/8/1958,19:00,S-205,Idrottsparken,Norrköping,Sweden,T-30,France,FRA,T-55,Paraguay,PRY,7–3,7,3,4,-4,0,0,0-0,0,0,home team win,1,0,0
M-1958-05,WC-1958,Yugoslavia vs Scotland,group stage,1958 FIFA Men's World Cup,Group 2,1,0,0,0,6/8/1958,19:00,S-210,Arosvallen,Västerås,Sweden,T-87,Yugoslavia,YUG,T-64,Scotland,SCO,1–1,1,1,0,0,0,0,0-0,0,0,draw,0,0,1
M-1958-06,WC-1958,Hungary vs Wales,group stage,1958 FIFA Men's World Cup,Group 3,1,0,0,0,6/8/1958,19:00,S-207,Jernvallen,Sandviken,Sweden,T-36,Hungary,HUN,T-85,Wales,WAL,1–1,1,1,0,0,0,0,0-0,0,0,draw,0,0,1
M-1958-07,WC-1958,Brazil vs Austria,group stage,1958 FIFA Men's World Cup,Group 4,1,0,0,0,6/8/1958,19:00,S-209,Rimnersvallen,Uddevalla,Sweden,T-09,Brazil,BRA,T-05,Austria,AUT,3–0,3,0,3,-3,0,0,0-0,0,0,home team win,1,0,0
M-1958-08,WC-1958,Soviet Union vs England,group stage,1958 FIFA Men's World Cup,Group 4,1,0,0,0,6/8/1958,19:00,S-200,Ullevi,Gothenburg,Sweden,T-72,Soviet Union,SUN,T-28,England,ENG,2–2,2,2,0,0,0,0,0-0,0,0,draw,0,0,1
M-1958-09,WC-1958,Argentina vs Northern Ireland,group stage,1958 FIFA Men's World Cup,Group 1,1,0,0,0,6/11/1958,19:00,S-201,Örjans Vall,Halmstad,Sweden,T-03,Argentina,ARG,T-52,Northern Ireland,NIR,3–1,3,1,2,-2,0,0,0-0,0,0,home team win,1,0,0
M-1958-10,WC-1958,West Germany vs Czechoslovakia,group stage,1958 FIFA Men's World Cup,Group 1,1,0,0,0,6/11/1958,19:00,S-202,Olympia,Helsingborg,Sweden,T-86,West Germany,DEU,T-21,Czechoslovakia,CSK,2–2,2,2,0,0,0,0,0-0,0,0,draw,0,0,1
M-1958-11,WC-1958,Paraguay vs Scotland,group stage,1958 FIFA Men's World Cup,Group 2,1,0,0,0,6/11/1958,19:00,S-205,Idrottsparken,Norrköping,Sweden,T-55,Paraguay,PRY,T-64,Scotland,SCO,3–2,3,2,1,-1,0,0,0-0,0,0,home team win,1,0,0
M-1958-12,WC-1958,Yugoslavia vs France,group stage,1958 FIFA Men's World Cup,Group 2,1,0,0,0,6/11/1958,19:00,S-210,Arosvallen,Västerås,Sweden,T-87,Yugoslavia,YUG,T-30,France,FRA,3–2,3,2,1,-1,0,0,0-0,0,0,home team win,1,0,0
M-1958-13,WC-1958,Mexico vs Wales,group stage,1958 FIFA Men's World Cup,Group 3,1,0,0,0,6/11/1958,19:00,S-208,Råsunda Stadium,Solna,Sweden,T-46,Mexico,MEX,T-85,Wales,WAL,1–1,1,1,0,0,0,0,0-0,0,0,draw,0,0,1
M-1958-14,WC-1958,Brazil vs England,group stage,1958 FIFA Men's World Cup,Group 4,1,0,0,0,6/11/1958,19:00,S-200,Ullevi,Gothenburg,Sweden,T-09,Brazil,BRA,T-28,England,ENG,0–0,0,0,0,0,0,0,0-0,0,0,draw,0,0,1
M-1958-15,WC-1958,Soviet Union vs Austria,group stage,1958 FIFA Men's World Cup,Group 4,1,0,0,0,6/11/1958,19:00,S-197,Ryavallen,Borås,Sweden,T-72,Soviet Union,SUN,T-05,Austria,AUT,2–0,2,0,2,-2,0,0,0-0,0,0,home team win,1,0,0
M-1958-16,WC-1958,Sweden vs Hungary,group stage,1958 FIFA Men's World Cup,Group 3,1,0,0,0,6/12/1958,19:00,S-208,Råsunda Stadium,Solna,Sweden,T-74,Sweden,SWE,T-36,Hungary,HUN,2–1,2,1,1,-1,0,0,0-0,0,0,home team win,1,0,0
M-1958-17,WC-1958,Sweden vs Wales,group stage,1958 FIFA Men's World Cup,Group 3,1,0,0,0,6/15/1958,14:00,S-208,Råsunda Stadium,Solna,Sweden,T-74,Sweden,SWE,T-85,Wales,WAL,0–0,0,0,0,0,0,0,0-0,0,0,draw,0,0,1
M-1958-18,WC-1958,Czechoslovakia vs Argentina,group stage,1958 FIFA Men's World Cup,Group 1,1,0,0,0,6/15/1958,19:00,S-202,Olympia,Helsingborg,Sweden,T-21,Czechoslovakia,CSK,T-03,Argentina,ARG,6–1,6,1,5,-5,0,0,0-0,0,0,home team win,1,0,0
M-1958-19,WC-1958,West Germany vs Northern Ireland,group stage,1958 FIFA Men's World Cup,Group 1,1,0,0,0,6/15/1958,19:00,S-204,Malmö Stadion,Malmö,Sweden,T-86,West Germany,DEU,T-52,Northern Ireland,NIR,2–2,2,2,0,0,0,0,0-0,0,0,draw,0,0,1
M-1958-20,WC-1958,France vs Scotland,group stage,1958 FIFA Men's World Cup,Group 2,1,0,0,0,6/15/1958,19:00,S-206,Eyravallen,Örebro,Sweden,T-30,France,FRA,T-64,Scotland,SCO,2–1,2,1,1,-1,0,0,0-0,0,0,home team win,1,0,0
M-1958-21,WC-1958,Paraguay vs Yugoslavia,group stage,1958 FIFA Men's World Cup,Group 2,1,0,0,0,6/15/1958,19:00,S-198,Tunavallen,Eskilstuna,Sweden,T-55,Paraguay,PRY,T-87,Yugoslavia,YUG,3–3,3,3,0,0,0,0,0-0,0,0,draw,0,0,1
M-1958-22,WC-1958,Hungary vs Mexico,group stage,1958 FIFA Men's World Cup,Group 3,1,0,0,0,6/15/1958,19:00,S-207,Jernvallen,Sandviken,Sweden,T-36,Hungary,HUN,T-46,Mexico,MEX,4–0,4,0,4,-4,0,0,0-0,0,0,home team win,1,0,0
M-1958-23,WC-1958,Brazil vs Soviet Union,group stage,1958 FIFA Men's World Cup,Group 4,1,0,0,0,6/15/1958,19:00,S-200,Ullevi,Gothenburg,Sweden,T-09,Brazil,BRA,T-72,Soviet Union,SUN,2–0,2,0,2,-2,0,0,0-0,0,0,home team win,1,0,0
M-1958-24,WC-1958,England vs Austria,group stage,1958 FIFA Men's World Cup,Group 4,1,0,0,0,6/15/1958,19:00,S-197,Ryavallen,Borås,Sweden,T-28,England,ENG,T-05,Austria,AUT,2–2,2,2,0,0,0,0,0-0,0,0,draw,0,0,1
M-1958-25,WC-1958,Northern Ireland vs Czechoslovakia,group stage,1958 FIFA Men's World Cup,Group 1,1,0,0,0,6/17/1958,19:00,S-204,Malmö Stadion,Malmö,Sweden,T-52,Northern Ireland,NIR,T-21,Czechoslovakia,CSK,2–1,2,1,1,-1,1,0,0-0,0,0,home team win,1,0,0
M-1958-26,WC-1958,Wales vs Hungary,group stage,1958 FIFA Men's World Cup,Group 3,1,0,0,0,6/17/1958,19:00,S-208,Råsunda Stadium,Solna,Sweden,T-85,Wales,WAL,T-36,Hungary,HUN,2–1,2,1,1,-1,0,0,0-0,0,0,home team win,1,0,0
M-1958-27,WC-1958,Soviet Union vs England,group stage,1958 FIFA Men's World Cup,Group 4,1,0,0,0,6/17/1958,19:00,S-200,Ullevi,Gothenburg,Sweden,T-72,Soviet Union,SUN,T-28,England,ENG,1–0,1,0,1,-1,0,0,0-0,0,0,home team win,1,0,0
M-1958-28,WC-1958,Brazil vs Wales,quarter-finals,1958 FIFA Men's World Cup,not applicable,0,1,0,0,6/19/1958,19:00,S-200,Ullevi,Gothenburg,Sweden,T-09,Brazil,BRA,T-85,Wales,WAL,1–0,1,0,1,-1,0,0,0-0,0,0,home team win,1,0,0
M-1958-29,WC-1958,France vs Northern Ireland,quarter-finals,1958 FIFA Men's World Cup,not applicable,0,1,0,0,6/19/1958,19:00,S-205,Idrottsparken,Norrköping,Sweden,T-30,France,FRA,T-52,Northern Ireland,NIR,4–0,4,0,4,-4,0,0,0-0,0,0,home team win,1,0,0
M-1958-30,WC-1958,Sweden vs Soviet Union,quarter-finals,1958 FIFA Men's World Cup,not applicable,0,1,0,0,6/19/1958,19:00,S-208,Råsunda Stadium,Solna,Sweden,T-74,Sweden,SWE,T-72,Soviet Union,SUN,2–0,2,0,2,-2,0,0,0-0,0,0,home team win,1,0,0
M-1958-31,WC-1958,West Germany vs Yugoslavia,quarter-finals,1958 FIFA Men's World Cup,not applicable,0,1,0,0,6/19/1958,19:00,S-204,Malmö Stadion,Malmö,Sweden,T-86,West Germany,DEU,T-87,Yugoslavia,YUG,1–0,1,0,1,-1,0,0,0-0,0,0,home team win,1,0,0
M-1958-32,WC-1958,Brazil vs France,semi-finals,1958 FIFA Men's World Cup,not applicable,0,1,0,0,6/24/1958,19:00,S-208,Råsunda Stadium,Solna,Sweden,T-09,Brazil,BRA,T-30,France,FRA,5–2,5,2,3,-3,0,0,0-0,0,0,home team win,1,0,0
M-1958-33,WC-1958,Sweden vs West Germany,semi-finals,1958 FIFA Men's World Cup,not applicable,0,1,0,0,6/24/1958,19:00,S-200,Ullevi,Gothenburg,Sweden,T-74,Sweden,SWE,T-86,West Germany,DEU,3–1,3,1,2,-2,0,0,0-0,0,0,home team win,1,0,0
M-1958-34,WC-1958,France vs West Germany,third-place match,1958 FIFA Men's World Cup,not applicable,0,1,0,0,6/28/1958,17:00,S-200,Ullevi,Gothenburg,Sweden,T-30,France,FRA,T-86,West Germany,DEU,6–3,6,3,3,-3,0,0,0-0,0,0,home team win,1,0,0
M-1958-35,WC-1958,Brazil vs Sweden,final,1958 FIFA Men's World Cup,not applicable,0,1,0,0,6/29/1958,15:00,S-208,Råsunda Stadium,Solna,Sweden,T-09,Brazil,BRA,T-74,Sweden,SWE,5–2,5,2,3,-3,0,0,0-0,0,0,home team win,1,0,0
M-1962-01,WC-1962,Uruguay vs Colombia,group stage,1962 FIFA Men's World Cup,Group 1,1,0,0,0,5/30/1962,15:00,S-030,Estadio Carlos Dittborn,Arica,Chile,T-84,Uruguay,URY,T-16,Colombia,COL,2–1,2,1,1,-1,0,0,0-0,0,0,home team win,1,0,0
M-1962-02,WC-1962,Chile vs Switzerland,group stage,1962 FIFA Men's World Cup,Group 2,1,0,0,0,5/30/1962,15:00,S-032,Estadio Nacional,Santiago,Chile,T-13,Chile,CHL,T-75,Switzerland,CHE,3–1,3,1,2,-2,0,0,0-0,0,0,home team win,1,0,0
M-1962-03,WC-1962,Brazil vs Mexico,group stage,1962 FIFA Men's World Cup,Group 3,1,0,0,0,5/30/1962,15:00,S-033,Estadio Sausalito,Viña del Mar,Chile,T-09,Brazil,BRA,T-46,Mexico,MEX,2–0,2,0,2,-2,0,0,0-0,0,0,home team win,1,0,0
M-1962-04,WC-1962,Argentina vs Bulgaria,group stage,1962 FIFA Men's World Cup,Group 4,1,0,0,0,5/30/1962,15:00,S-031,Estadio El Teniente,Rancagua,Chile,T-03,Argentina,ARG,T-10,Bulgaria,BGR,1–0,1,0,1,-1,0,0,0-0,0,0,home team win,1,0,0
M-1962-05,WC-1962,Soviet Union vs Yugoslavia,group stage,1962 FIFA Men's World Cup,Group 1,1,0,0,0,5/31/1962,15:00,S-030,Estadio Carlos Dittborn,Arica,Chile,T-72,Soviet Union,SUN,T-87,Yugoslavia,YUG,2–0,2,0,2,-2,0,0,0-0,0,0,home team win,1,0,0
M-1962-06,WC-1962,West Germany vs Italy,group stage,1962 FIFA Men's World Cup,Group 2,1,0,0,0,5/31/1962,15:00,S-032,Estadio Nacional,Santiago,Chile,T-86,West Germany,DEU,T-41,Italy,ITA,0–0,0,0,0,0,0,0,0-0,0,0,draw,0,0,1
M-1962-07,WC-1962,Czechoslovakia vs Spain,group stage,1962 FIFA Men's World Cup,Group 3,1,0,0,0,5/31/1962,15:00,S-033,Estadio Sausalito,Viña del Mar,Chile,T-21,Czechoslovakia,CSK,T-73,Spain,ESP,1–0,1,0,1,-1,0,0,0-0,0,0,home team win,1,0,0
M-1962-08,WC-1962,Hungary vs England,group stage,1962 FIFA Men's World Cup,Group 4,1,0,0,0,5/31/1962,15:00,S-031,Estadio El Teniente,Rancagua,Chile,T-36,Hungary,HUN,T-28,England,ENG,2–1,2,1,1,-1,0,0,0-0,0,0,home team win,1,0,0
M-1962-09,WC-1962,Yugoslavia vs Uruguay,group stage,1962 FIFA Men's World Cup,Group 1,1,0,0,0,6/2/1962,15:00,S-030,Estadio Carlos Dittborn,Arica,Chile,T-87,Yugoslavia,YUG,T-84,Uruguay,URY,3–1,3,1,2,-2,0,0,0-0,0,0,home team win,1,0,0
M-1962-10,WC-1962,Chile vs Italy,group stage,1962 FIFA Men's World Cup,Group 2,1,0,0,0,6/2/1962,15:00,S-032,Estadio Nacional,Santiago,Chile,T-13,Chile,CHL,T-41,Italy,ITA,2–0,2,0,2,-2,0,0,0-0,0,0,home team win,1,0,0
M-1962-11,WC-1962,Brazil vs Czechoslovakia,group stage,1962 FIFA Men's World Cup,Group 3,1,0,0,0,6/2/1962,15:00,S-033,Estadio Sausalito,Viña del Mar,Chile,T-09,Brazil,BRA,T-21,Czechoslovakia,CSK,0–0,0,0,0,0,0,0,0-0,0,0,draw,0,0,1
M-1962-12,WC-1962,England vs Argentina,group stage,1962 FIFA Men's World Cup,Group 4,1,0,0,0,6/2/1962,15:00,S-031,Estadio El Teniente,Rancagua,Chile,T-28,England,ENG,T-03,Argentina,ARG,3–1,3,1,2,-2,0,0,0-0,0,0,home team win,1,0,0
M-1962-13,WC-1962,Soviet Union vs Colombia,group stage,1962 FIFA Men's World Cup,Group 1,1,0,0,0,6/3/1962,15:00,S-030,Estadio Carlos Dittborn,Arica,Chile,T-72,Soviet Union,SUN,T-16,Colombia,COL,4–4,4,4,0,0,0,0,0-0,0,0,draw,0,0,1
M-1962-14,WC-1962,West Germany vs Switzerland,group stage,1962 FIFA Men's World Cup,Group 2,1,0,0,0,6/3/1962,15:00,S-032,Estadio Nacional,Santiago,Chile,T-86,West Germany,DEU,T-75,Switzerland,CHE,2–1,2,1,1,-1,0,0,0-0,0,0,home team win,1,0,0
M-1962-15,WC-1962,Spain vs Mexico,group stage,1962 FIFA Men's World Cup,Group 3,1,0,0,0,6/3/1962,15:00,S-033,Estadio Sausalito,Viña del Mar,Chile,T-73,Spain,ESP,T-46,Mexico,MEX,1–0,1,0,1,-1,0,0,0-0,0,0,home team win,1,0,0
M-1962-16,WC-1962,Hungary vs Bulgaria,group stage,1962 FIFA Men's World Cup,Group 4,1,0,0,0,6/3/1962,15:00,S-031,Estadio El Teniente,Rancagua,Chile,T-36,Hungary,HUN,T-10,Bulgaria,BGR,6–1,6,1,5,-5,0,0,0-0,0,0,home team win,1,0,0
M-1962-17,WC-1962,Soviet Union vs Uruguay,group stage,1962 FIFA Men's World Cup,Group 1,1,0,0,0,6/6/1962,15:00,S-030,Estadio Carlos Dittborn,Arica,Chile,T-72,Soviet Union,SUN,T-84,Uruguay,URY,2–1,2,1,1,-1,0,0,0-0,0,0,home team win,1,0,0
M-1962-18,WC-1962,West Germany vs Chile,group stage,1962 FIFA Men's World Cup,Group 2,1,0,0,0,6/6/1962,15:00,S-032,Estadio Nacional,Santiago,Chile,T-86,West Germany,DEU,T-13,Chile,CHL,2–0,2,0,2,-2,0,0,0-0,0,0,home team win,1,0,0
M-1962-19,WC-1962,Brazil vs Spain,group stage,1962 FIFA Men's World Cup,Group 3,1,0,0,0,6/6/1962,15:00,S-033,Estadio Sausalito,Viña del Mar,Chile,T-09,Brazil,BRA,T-73,Spain,ESP,2–1,2,1,1,-1,0,0,0-0,0,0,home team win,1,0,0
M-1962-20,WC-1962,Hungary vs Argentina,group stage,1962 FIFA Men's World Cup,Group 4,1,0,0,0,6/6/1962,15:00,S-031,Estadio El Teniente,Rancagua,Chile,T-36,Hungary,HUN,T-03,Argentina,ARG,0–0,0,0,0,0,0,0,0-0,0,0,draw,0,0,1
M-1962-21,WC-1962,Yugoslavia vs Colombia,group stage,1962 FIFA Men's World Cup,Group 1,1,0,0,0,6/7/1962,15:00,S-030,Estadio Carlos Dittborn,Arica,Chile,T-87,Yugoslavia,YUG,T-16,Colombia,COL,5–0,5,0,5,-5,0,0,0-0,0,0,home team win,1,0,0
M-1962-22,WC-1962,Italy vs Switzerland,group stage,1962 FIFA Men's World Cup,Group 2,1,0,0,0,6/7/1962,15:00,S-032,Estadio Nacional,Santiago,Chile,T-41,Italy,ITA,T-75,Switzerland,CHE,3–0,3,0,3,-3,0,0,0-0,0,0,home team win,1,0,0
M-1962-23,WC-1962,Mexico vs Czechoslovakia,group stage,1962 FIFA Men's World Cup,Group 3,1,0,0,0,6/7/1962,15:00,S-033,Estadio Sausalito,Viña del Mar,Chile,T-46,Mexico,MEX,T-21,Czechoslovakia,CSK,3–1,3,1,2,-2,0,0,0-0,0,0,home team win,1,0,0
M-1962-24,WC-1962,England vs Bulgaria,group stage,1962 FIFA Men's World Cup,Group 4,1,0,0,0,6/7/1962,15:00,S-031,Estadio El Teniente,Rancagua,Chile,T-28,England,ENG,T-10,Bulgaria,BGR,0–0,0,0,0,0,0,0,0-0,0,0,draw,0,0,1
M-1962-25,WC-1962,Brazil vs England,quarter-finals,1962 FIFA Men's World Cup,not applicable,0,1,0,0,6/10/1962,14:30,S-033,Estadio Sausalito,Viña del Mar,Chile,T-09,Brazil,BRA,T-28,England,ENG,3–1,3,1,2,-2,0,0,0-0,0,0,home team win,1,0,0
M-1962-26,WC-1962,Chile vs Soviet Union,quarter-finals,1962 FIFA Men's World Cup,not applicable,0,1,0,0,6/10/1962,14:30,S-030,Estadio Carlos Dittborn,Arica,Chile,T-13,Chile,CHL,T-72,Soviet Union,SUN,2–1,2,1,1,-1,0,0,0-0,0,0,home team win,1,0,0
M-1962-27,WC-1962,Czechoslovakia vs Hungary,quarter-finals,1962 FIFA Men's World Cup,not applicable,0,1,0,0,6/10/1962,14:30,S-031,Estadio El Teniente,Rancagua,Chile,T-21,Czechoslovakia,CSK,T-36,Hungary,HUN,1–0,1,0,1,-1,0,0,0-0,0,0,home team win,1,0,0
M-1962-28,WC-1962,Yugoslavia vs West Germany,quarter-finals,1962 FIFA Men's World Cup,not applicable,0,1,0,0,6/10/1962,14:30,S-032,Estadio Nacional,Santiago,Chile,T-87,Yugoslavia,YUG,T-86,West Germany,DEU,1–0,1,0,1,-1,0,0,0-0,0,0,home team win,1,0,0
M-1962-29,WC-1962,Brazil vs Chile,semi-finals,1962 FIFA Men's World Cup,not applicable,0,1,0,0,6/13/1962,14:30,S-032,Estadio Nacional,Santiago,Chile,T-09,Brazil,BRA,T-13,Chile,CHL,4–2,4,2,2,-2,0,0,0-0,0,0,home team win,1,0,0
M-1962-30,WC-1962,Czechoslovakia vs Yugoslavia,semi-finals,1962 FIFA Men's World Cup,not applicable,0,1,0,0,6/13/1962,14:30,S-033,Estadio Sausalito,Viña del Mar,Chile,T-21,Czechoslovakia,CSK,T-87,Yugoslavia,YUG,3–1,3,1,2,-2,0,0,0-0,0,0,home team win,1,0,0
M-1962-31,WC-1962,Chile vs Yugoslavia,third-place match,1962 FIFA Men's World Cup,not applicable,0,1,0,0,6/16/1962,14:30,S-032,Estadio Nacional,Santiago,Chile,T-13,Chile,CHL,T-87,Yugoslavia,YUG,1–0,1,0,1,-1,0,0,0-0,0,0,home team win,1,0,0
M-1962-32,WC-1962,Brazil vs Czechoslovakia,final,1962 FIFA Men's World Cup,not applicable,0,1,0,0,6/17/1962,14:30,S-032,Estadio Nacional,Santiago,Chile,T-09,Brazil,BRA,T-21,Czechoslovakia,CSK,3–1,3,1,2,-2,0,0,0-0,0,0,home team win,1,0,0
M-1966-01,WC-1966,England vs Uruguay,group stage,1966 FIFA Men's World Cup,Group 1,1,0,0,0,7/11/1966,19:30,S-049,Wembley Stadium,London,England,T-28,England,ENG,T-84,Uruguay,URY,0–0,0,0,0,0,0,0,0-0,0,0,draw,0,0,1
M-1966-02,WC-1966,West Germany vs Switzerland,group stage,1966 FIFA Men's World Cup,Group 2,1,0,0,0,7/12/1966,19:30,S-053,Hillsborough Stadium,Sheffield,England,T-86,West Germany,DEU,T-75,Switzerland,CHE,5–0,5,0,5,-5,0,0,0-0,0,0,home team win,1,0,0
M-1966-03,WC-1966,Brazil vs Bulgaria,group stage,1966 FIFA Men's World Cup,Group 3,1,0,0,0,7/12/1966,19:30,S-048,Goodison Park,Liverpool,England,T-09,Brazil,BRA,T-10,Bulgaria,BGR,2–0,2,0,2,-2,0,0,0-0,0,0,home team win,1,0,0
M-1966-04,WC-1966,Soviet Union vs North Korea,group stage,1966 FIFA Men's World Cup,Group 4,1,0,0,0,7/12/1966,19:30,S-052,Ayresome Park,Middlesbrough,England,T-72,Soviet Union,SUN,T-51,North Korea,PRK,3–0,3,0,3,-3,0,0,0-0,0,0,home team win,1,0,0
M-1966-05,WC-1966,France vs Mexico,group stage,1966 FIFA Men's World Cup,Group 1,1,0,0,0,7/13/1966,19:30,S-049,Wembley Stadium,London,England,T-30,France,FRA,T-46,Mexico,MEX,1–1,1,1,0,0,0,0,0-0,0,0,draw,0,0,1
M-1966-06,WC-1966,Argentina vs Spain,group stage,1966 FIFA Men's World Cup,Group 2,1,0,0,0,7/13/1966,19:30,S-047,Villa Park,Birmingham,England,T-03,Argentina,ARG,T-73,Spain,ESP,2–1,2,1,1,-1,0,0,0-0,0,0,home team win,1,0,0
M-1966-07,WC-1966,Portugal vs Hungary,group stage,1966 FIFA Men's World Cup,Group 3,1,0,0,0,7/13/1966,19:30,S-051,Old Trafford,Manchester,England,T-58,Portugal,PRT,T-36,Hungary,HUN,3–1,3,1,2,-2,0,0,0-0,0,0,home team win,1,0,0
M-1966-08,WC-1966,Italy vs Chile,group stage,1966 FIFA Men's World Cup,Group 4,1,0,0,0,7/13/1966,19:30,S-054,Roker Park,Sunderland,England,T-41,Italy,ITA,T-13,Chile,CHL,2–0,2,0,2,-2,0,0,0-0,0,0,home team win,1,0,0
M-1966-09,WC-1966,Uruguay vs France,group stage,1966 FIFA Men's World Cup,Group 1,1,0,0,0,7/15/1966,19:30,S-050,White City Stadium,London,England,T-84,Uruguay,URY,T-30,France,FRA,2–1,2,1,1,-1,0,0,0-0,0,0,home team win,1,0,0
M-1966-10,WC-1966,Spain vs Switzerland,group stage,1966 FIFA Men's World Cup,Group 2,1,0,0,0,7/15/1966,19:30,S-053,Hillsborough Stadium,Sheffield,England,T-73,Spain,ESP,T-75,Switzerland,CHE,2–1,2,1,1,-1,0,0,0-0,0,0,home team win,1,0,0
M-1966-11,WC-1966,Hungary vs Brazil,group stage,1966 FIFA Men's World Cup,Group 3,1,0,0,0,7/15/1966,19:30,S-048,Goodison Park,Liverpool,England,T-36,Hungary,HUN,T-09,Brazil,BRA,3–1,3,1,2,-2,0,0,0-0,0,0,home team win,1,0,0
M-1966-12,WC-1966,Chile vs North Korea,group stage,1966 FIFA Men's World Cup,Group 4,1,0,0,0,7/15/1966,19:30,S-052,Ayresome Park,Middlesbrough,England,T-13,Chile,CHL,T-51,North Korea,PRK,1–1,1,1,0,0,0,0,0-0,0,0,draw,0,0,1
M-1966-13,WC-1966,Argentina vs West Germany,group stage,1966 FIFA Men's World Cup,Group 2,1,0,0,0,7/16/1966,15:00,S-047,Villa Park,Birmingham,England,T-03,Argentina,ARG,T-86,West Germany,DEU,0–0,0,0,0,0,0,0,0-0,0,0,draw,0,0,1
M-1966-14,WC-1966,Portugal vs Bulgaria,group stage,1966 FIFA Men's World Cup,Group 3,1,0,0,0,7/16/1966,15:00,S-051,Old Trafford,Manchester,England,T-58,Portugal,PRT,T-10,Bulgaria,BGR,3–0,3,0,3,-3,0,0,0-0,0,0,home team win,1,0,0
M-1966-15,WC-1966,Soviet Union vs Italy,group stage,1966 FIFA Men's World Cup,Group 4,1,0,0,0,7/16/1966,15:00,S-054,Roker Park,Sunderland,England,T-72,Soviet Union,SUN,T-41,Italy,ITA,1–0,1,0,1,-1,0,0,0-0,0,0,home team win,1,0,0
M-1966-16,WC-1966,England vs Mexico,group stage,1966 FIFA Men's World Cup,Group 1,1,0,0,0,7/16/1966,19:30,S-049,Wembley Stadium,London,England,T-28,England,ENG,T-46,Mexico,MEX,2–0,2,0,2,-2,0,0,0-0,0,0,home team win,1,0,0
M-1966-17,WC-1966,Mexico vs Uruguay,group stage,1966 FIFA Men's World Cup,Group 1,1,0,0,0,7/19/1966,16:30,S-049,Wembley Stadium,London,England,T-46,Mexico,MEX,T-84,Uruguay,URY,0–0,0,0,0,0,0,0,0-0,0,0,draw,0,0,1
M-1966-18,WC-1966,Argentina vs Switzerland,group stage,1966 FIFA Men's World Cup,Group 2,1,0,0,0,7/19/1966,19:30,S-053,Hillsborough Stadium,Sheffield,England,T-03,Argentina,ARG,T-75,Switzerland,CHE,2–0,2,0,2,-2,0,0,0-0,0,0,home team win,1,0,0
M-1966-19,WC-1966,Portugal vs Brazil,group stage,1966 FIFA Men's World Cup,Group 3,1,0,0,0,7/19/1966,19:30,S-048,Goodison Park,Liverpool,England,T-58,Portugal,PRT,T-09,Brazil,BRA,3–1,3,1,2,-2,0,0,0-0,0,0,home team win,1,0,0
M-1966-20,WC-1966,North Korea vs Italy,group stage,1966 FIFA Men's World Cup,Group 4,1,0,0,0,7/19/1966,19:30,S-052,Ayresome Park,Middlesbrough,England,T-51,North Korea,PRK,T-41,Italy,ITA,1–0,1,0,1,-1,0,0,0-0,0,0,home team win,1,0,0
M-1966-21,WC-1966,England vs France,group stage,1966 FIFA Men's World Cup,Group 1,1,0,0,0,7/20/1966,19:30,S-049,Wembley Stadium,London,England,T-28,England,ENG,T-30,France,FRA,2–0,2,0,2,-2,0,0,0-0,0,0,home team win,1,0,0
M-1966-22,WC-1966,West Germany vs Spain,group stage,1966 FIFA Men's World Cup,Group 2,1,0,0,0,7/20/1966,19:30,S-047,Villa Park,Birmingham,England,T-86,West Germany,DEU,T-73,Spain,ESP,2–1,2,1,1,-1,0,0,0-0,0,0,home team win,1,0,0
M-1966-23,WC-1966,Hungary vs Bulgaria,group stage,1966 FIFA Men's World Cup,Group 3,1,0,0,0,7/20/1966,19:30,S-051,Old Trafford,Manchester,England,T-36,Hungary,HUN,T-10,Bulgaria,BGR,3–1,3,1,2,-2,0,0,0-0,0,0,home team win,1,0,0
M-1966-24,WC-1966,Soviet Union vs Chile,group stage,1966 FIFA Men's World Cup,Group 4,1,0,0,0,7/20/1966,19:30,S-054,Roker Park,Sunderland,England,T-72,Soviet Union,SUN,T-13,Chile,CHL,2–1,2,1,1,-1,0,0,0-0,0,0,home team win,1,0,0
M-1966-25,WC-1966,England vs Argentina,quarter-finals,1966 FIFA Men's World Cup,not applicable,0,1,0,0,7/23/1966,15:00,S-049,Wembley Stadium,London,England,T-28,England,ENG,T-03,Argentina,ARG,1–0,1,0,1,-1,0,0,0-0,0,0,home team win,1,0,0
M-1966-26,WC-1966,Portugal vs North Korea,quarter-finals,1966 FIFA Men's World Cup,not applicable,0,1,0,0,7/23/1966,15:00,S-048,Goodison Park,Liverpool,England,T-58,Portugal,PRT,T-51,North Korea,PRK,5–3,5,3,2,-2,0,0,0-0,0,0,home team win,1,0,0
M-1966-27,WC-1966,Soviet Union vs Hungary,quarter-finals,1966 FIFA Men's World Cup,not applicable,0,1,0,0,7/23/1966,15:00,S-054,Roker Park,Sunderland,England,T-72,Soviet Union,SUN,T-36,Hungary,HUN,2–1,2,1,1,-1,0,0,0-0,0,0,home team win,1,0,0
M-1966-28,WC-1966,West Germany vs Uruguay,quarter-finals,1966 FIFA Men's World Cup,not applicable,0,1,0,0,7/23/1966,15:00,S-053,Hillsborough Stadium,Sheffield,England,T-86,West Germany,DEU,T-84,Uruguay,URY,4–0,4,0,4,-4,0,0,0-0,0,0,home team win,1,0,0
M-1966-29,WC-1966,West Germany vs Soviet Union,semi-finals,1966 FIFA Men's World Cup,not applicable,0,1,0,0,7/25/1966,19:30,S-048,Goodison Park,Liverpool,England,T-86,West Germany,DEU,T-72,Soviet Union,SUN,2–1,2,1,1,-1,0,0,0-0,0,0,home team win,1,0,0
M-1966-30,WC-1966,England vs Portugal,semi-finals,1966 FIFA Men's World Cup,not applicable,0,1,0,0,7/26/1966,19:30,S-049,Wembley Stadium,London,England,T-28,England,ENG,T-58,Portugal,PRT,2–1,2,1,1,-1,0,0,0-0,0,0,home team win,1,0,0
M-1966-31,WC-1966,Portugal vs Soviet Union,third-place match,1966 FIFA Men's World Cup,not applicable,0,1,0,0,7/28/1966,19:30,S-049,Wembley Stadium,London,England,T-58,Portugal,PRT,T-72,Soviet Union,SUN,2–1,2,1,1,-1,0,0,0-0,0,0,home team win,1,0,0
M-1966-32,WC-1966,England vs West Germany,final,1966 FIFA Men's World Cup,not applicable,0,1,0,0,7/30/1966,15:00,S-049,Wembley Stadium,London,England,T-28,England,ENG,T-86,West Germany,DEU,4–2,4,2,2,-2,1,0,0-0,0,0,home team win,1,0,0
M-1970-01,WC-1970,Mexico vs Soviet Union,group stage,1970 FIFA Men's World Cup,Group 1,1,0,0,0,5/31/1970,12:00,S-132,Estadio Azteca,Mexico City,Mexico,T-46,Mexico,MEX,T-72,Soviet Union,SUN,0–0,0,0,0,0,0,0,0-0,0,0,draw,0,0,1
M-1970-02,WC-1970,Uruguay vs Israel,group stage,1970 FIFA Men's World Cup,Group 2,1,0,0,0,6/2/1970,16:00,S-137,Estadio Cuauhtémoc,Puebla,Mexico,T-84,Uruguay,URY,T-40,Israel,ISR,2–0,2,0,2,-2,0,0,0-0,0,0,home team win,1,0,0
M-1970-03,WC-1970,England vs Romania,group stage,1970 FIFA Men's World Cup,Group 3,1,0,0,0,6/2/1970,16:00,S-128,Estadio Jalisco,Guadalajara,Mexico,T-28,England,ENG,T-61,Romania,ROU,1–0,1,0,1,-1,0,0,0-0,0,0,home team win,1,0,0
M-1970-04,WC-1970,Peru vs Bulgaria,group stage,1970 FIFA Men's World Cup,Group 4,1,0,0,0,6/2/1970,16:00,S-131,Estadio Nou Camp,León,Mexico,T-56,Peru,PER,T-10,Bulgaria,BGR,3–2,3,2,1,-1,0,0,0-0,0,0,home team win,1,0,0
M-1970-05,WC-1970,Belgium vs El Salvador,group stage,1970 FIFA Men's World Cup,Group 1,1,0,0,0,6/3/1970,16:00,S-132,Estadio Azteca,Mexico City,Mexico,T-06,Belgium,BEL,T-27,El Salvador,SLV,3–0,3,0,3,-3,0,0,0-0,0,0,home team win,1,0,0
M-1970-06,WC-1970,Italy vs Sweden,group stage,1970 FIFA Men's World Cup,Group 2,1,0,0,0,6/3/1970,16:00,S-139,La Bombonera,Toluca,Mexico,T-41,Italy,ITA,T-74,Sweden,SWE,1–0,1,0,1,-1,0,0,0-0,0,0,home team win,1,0,0
M-1970-07,WC-1970,Brazil vs Czechoslovakia,group stage,1970 FIFA Men's World Cup,Group 3,1,0,0,0,6/3/1970,16:00,S-128,Estadio Jalisco,Guadalajara,Mexico,T-09,Brazil,BRA,T-21,Czechoslovakia,CSK,4–1,4,1,3,-3,0,0,0-0,0,0,home team win,1,0,0
M-1970-08,WC-1970,West Germany vs Morocco,group stage,1970 FIFA Men's World Cup,Group 4,1,0,0,0,6/3/1970,16:00,S-131,Estadio Nou Camp,León,Mexico,T-86,West Germany,DEU,T-47,Morocco,MAR,2–1,2,1,1,-1,0,0,0-0,0,0,home team win,1,0,0
M-1970-09,WC-1970,Soviet Union vs Belgium,group stage,1970 FIFA Men's World Cup,Group 1,1,0,0,0,6/6/1970,16:00,S-132,Estadio Azteca,Mexico City,Mexico,T-72,Soviet Union,SUN,T-06,Belgium,BEL,4–1,4,1,3,-3,0,0,0-0,0,0,home team win,1,0,0
M-1970-10,WC-1970,Uruguay vs Italy,group stage,1970 FIFA Men's World Cup,Group 2,1,0,0,0,6/6/1970,16:00,S-137,Estadio Cuauhtémoc,Puebla,Mexico,T-84,Uruguay,URY,T-41,Italy,ITA,0–0,0,0,0,0,0,0,0-0,0,0,draw,0,0,1
M-1970-11,WC-1970,Romania vs Czechoslovakia,group stage,1970 FIFA Men's World Cup,Group 3,1,0,0,0,6/6/1970,16:00,S-128,Estadio Jalisco,Guadalajara,Mexico,T-61,Romania,ROU,T-21,Czechoslovakia,CSK,2–1,2,1,1,-1,0,0,0-0,0,0,home team win,1,0,0
M-1970-12,WC-1970,Peru vs Morocco,group stage,1970 FIFA Men's World Cup,Group 4,1,0,0,0,6/6/1970,16:00,S-131,Estadio Nou Camp,León,Mexico,T-56,Peru,PER,T-47,Morocco,MAR,3–0,3,0,3,-3,0,0,0-0,0,0,home team win,1,0,0
M-1970-13,WC-1970,Mexico vs El Salvador,group stage,1970 FIFA Men's World Cup,Group 1,1,0,0,0,6/7/1970,12:00,S-132,Estadio Azteca,Mexico City,Mexico,T-46,Mexico,MEX,T-27,El Salvador,SLV,4–0,4,0,4,-4,0,0,0-0,0,0,home team win,1,0,0
M-1970-14,WC-1970,Sweden vs Israel,group stage,1970 FIFA Men's World Cup,Group 2,1,0,0,0,6/7/1970,12:00,S-139,La Bombonera,Toluca,Mexico,T-74,Sweden,SWE,T-40,Israel,ISR,1–1,1,1,0,0,0,0,0-0,0,0,draw,0,0,1
M-1970-15,WC-1970,Brazil vs England,group stage,1970 FIFA Men's World Cup,Group 3,1,0,0,0,6/7/1970,12:00,S-128,Estadio Jalisco,Guadalajara,Mexico,T-09,Brazil,BRA,T-28,England,ENG,1–0,1,0,1,-1,0,0,0-0,0,0,home team win,1,0,0
M-1970-16,WC-1970,West Germany vs Bulgaria,group stage,1970 FIFA Men's World Cup,Group 4,1,0,0,0,6/7/1970,12:00,S-131,Estadio Nou Camp,León,Mexico,T-86,West Germany,DEU,T-10,Bulgaria,BGR,5–2,5,2,3,-3,0,0,0-0,0,0,home team win,1,0,0
M-1970-17,WC-1970,Soviet Union vs El Salvador,group stage,1970 FIFA Men's World Cup,Group 1,1,0,0,0,6/10/1970,16:00,S-132,Estadio Azteca,Mexico City,Mexico,T-72,Soviet Union,SUN,T-27,El Salvador,SLV,2–0,2,0,2,-2,0,0,0-0,0,0,home team win,1,0,0
M-1970-18,WC-1970,Sweden vs Uruguay,group stage,1970 FIFA Men's World Cup,Group 2,1,0,0,0,6/10/1970,16:00,S-137,Estadio Cuauhtémoc,Puebla,Mexico,T-74,Sweden,SWE,T-84,Uruguay,URY,ene-00,1,0,1,-1,0,0,0-0,0,0,home team win,1,0,0
M-1970-19,WC-1970,Brazil vs Romania,group stage,1970 FIFA Men's World Cup,Group 3,1,0,0,0,6/10/1970,16:00,S-128,Estadio Jalisco,Guadalajara,Mexico,T-09,Brazil,BRA,T-61,Romania,ROU,3–2,3,2,1,-1,0,0,0-0,0,0,home team win,1,0,0
M-1970-20,WC-1970,West Germany vs Peru,group stage,1970 FIFA Men's World Cup,Group 4,1,0,0,0,6/10/1970,16:00,S-131,Estadio Nou Camp,León,Mexico,T-86,West Germany,DEU,T-56,Peru,PER,3–1,3,1,2,-2,0,0,0-0,0,0,home team win,1,0,0
M-1970-21,WC-1970,Mexico vs Belgium,group stage,1970 FIFA Men's World Cup,Group 1,1,0,0,0,6/11/1970,16:00,S-132,Estadio Azteca,Mexico City,Mexico,T-46,Mexico,MEX,T-06,Belgium,BEL,1–0,1,0,1,-1,0,0,0-0,0,0,home team win,1,0,0
M-1970-22,WC-1970,Italy vs Israel,group stage,1970 FIFA Men's World Cup,Group 2,1,0,0,0,6/11/1970,16:00,S-139,La Bombonera,Toluca,Mexico,T-41,Italy,ITA,T-40,Israel,ISR,0–0,0,0,0,0,0,0,0-0,0,0,draw,0,0,1
M-1970-23,WC-1970,England vs Czechoslovakia,group stage,1970 FIFA Men's World Cup,Group 3,1,0,0,0,6/11/1970,16:00,S-128,Estadio Jalisco,Guadalajara,Mexico,T-28,England,ENG,T-21,Czechoslovakia,CSK,1–0,1,0,1,-1,0,0,0-0,0,0,home team win,1,0,0
M-1970-24,WC-1970,Bulgaria vs Morocco,group stage,1970 FIFA Men's World Cup,Group 4,1,0,0,0,6/11/1970,16:00,S-131,Estadio Nou Camp,León,Mexico,T-10,Bulgaria,BGR,T-47,Morocco,MAR,1–1,1,1,0,0,0,0,0-0,0,0,draw,0,0,1
M-1970-25,WC-1970,Brazil vs Peru,quarter-finals,1970 FIFA Men's World Cup,not applicable,0,1,0,0,6/14/1970,12:00,S-128,Estadio Jalisco,Guadalajara,Mexico,T-09,Brazil,BRA,T-56,Peru,PER,4–2,4,2,2,-2,0,0,0-0,0,0,home team win,1,0,0
M-1970-26,WC-1970,Italy vs Mexico,quarter-finals,1970 FIFA Men's World Cup,not applicable,0,1,0,0,6/14/1970,12:00,S-139,La Bombonera,Toluca,Mexico,T-41,Italy,ITA,T-46,Mexico,MEX,4–1,4,1,3,-3,0,0,0-0,0,0,home team win,1,0,0
M-1970-27,WC-1970,Soviet Union vs Uruguay,quarter-finals,1970 FIFA Men's World Cup,not applicable,0,1,0,0,6/14/1970,12:00,S-132,Estadio Azteca,Mexico City,Mexico,T-72,Soviet Union,SUN,T-84,Uruguay,URY,0–1,0,1,-1,1,1,0,0-0,0,0,away team win,0,1,0
M-1970-28,WC-1970,West Germany vs England,quarter-finals,1970 FIFA Men's World Cup,not applicable,0,1,0,0,6/14/1970,12:00,S-131,Estadio Nou Camp,León,Mexico,T-86,West Germany,DEU,T-28,England,ENG,3–2,3,2,1,-1,1,0,0-0,0,0,home team win,1,0,0
M-1970-29,WC-1970,Brazil vs Uruguay,semi-finals,1970 FIFA Men's World Cup,not applicable,0,1,0,0,6/17/1970,16:00,S-128,Estadio Jalisco,Guadalajara,Mexico,T-09,Brazil,BRA,T-84,Uruguay,URY,3–1,3,1,2,-2,0,0,0-0,0,0,home team win,1,0,0
M-1970-30,WC-1970,Italy vs West Germany,semi-finals,1970 FIFA Men's World Cup,not applicable,0,1,0,0,6/17/1970,16:00,S-132,Estadio Azteca,Mexico City,Mexico,T-41,Italy,ITA,T-86,West Germany,DEU,4–3,4,3,1,-1,1,0,0-0,0,0,home team win,1,0,0
M-1970-31,WC-1970,West Germany vs Uruguay,third-place match,1970 FIFA Men's World Cup,not applicable,0,1,0,0,6/20/1970,16:00,S-132,Estadio Azteca,Mexico City,Mexico,T-86,West Germany,DEU,T-84,Uruguay,URY,1–0,1,0,1,-1,0,0,0-0,0,0,home team win,1,0,0
M-1970-32,WC-1970,Brazil vs Italy,final,1970 FIFA Men's World Cup,not applicable,0,1,0,0,6/21/1970,12:00,S-132,Estadio Azteca,Mexico City,Mexico,T-09,Brazil,BRA,T-41,Italy,ITA,4–1,4,1,3,-3,0,0,0-0,0,0,home team win,1,0,0
M-1974-01,WC-1974,Brazil vs Yugoslavia,group stage,1974 FIFA Men's World Cup,Group 2,1,0,0,0,6/13/1974,17:00,S-086,Waldstadion,Frankfurt,Germany,T-09,Brazil,BRA,T-87,Yugoslavia,YUG,0–0,0,0,0,0,0,0,0-0,0,0,draw,0,0,1
M-1974-02,WC-1974,West Germany vs Chile,group stage,1974 FIFA Men's World Cup,Group 1,1,0,0,0,6/14/1974,16:00,S-080,Olympiastadion,Berlin,Germany,T-86,West Germany,DEU,T-13,Chile,CHL,1–0,1,0,1,-1,0,0,0-0,0,0,home team win,1,0,0
M-1974-03,WC-1974,East Germany vs Australia,group stage,1974 FIFA Men's World Cup,Group 1,1,0,0,0,6/14/1974,19:30,S-089,Volksparkstadion,Hamburg,Germany,T-24,East Germany,DDR,T-04,Australia,AUS,2–0,2,0,2,-2,0,0,0-0,0,0,home team win,1,0,0
M-1974-04,WC-1974,Zaire vs Scotland,group stage,1974 FIFA Men's World Cup,Group 2,1,0,0,0,6/14/1974,19:30,S-083,Westfalenstadion,Dortmund,Germany,T-88,Zaire,COD,T-64,Scotland,SCO,0–2,0,2,-2,2,0,0,0-0,0,0,away team win,0,1,0
M-1974-05,WC-1974,Sweden vs Bulgaria,group stage,1974 FIFA Men's World Cup,Group 3,1,0,0,0,6/15/1974,16:00,S-085,Rheinstadion,Düsseldorf,Germany,T-74,Sweden,SWE,T-10,Bulgaria,BGR,0–0,0,0,0,0,0,0,0-0,0,0,draw,0,0,1
M-1974-06,WC-1974,Uruguay vs Netherlands,group stage,1974 FIFA Men's World Cup,Group 3,1,0,0,0,6/15/1974,16:00,S-090,Niedersachsenstadion,Hanover,Germany,T-84,Uruguay,URY,T-48,Netherlands,NLD,0–2,0,2,-2,2,0,0,0-0,0,0,away team win,0,1,0
M-1974-07,WC-1974,Italy vs Haiti,group stage,1974 FIFA Men's World Cup,Group 4,1,0,0,0,6/15/1974,18:00,S-096,Olympiastadion,Munich,Germany,T-41,Italy,ITA,T-34,Haiti,HTI,3–1,3,1,2,-2,0,0,0-0,0,0,home team win,1,0,0
M-1974-08,WC-1974,Poland vs Argentina,group stage,1974 FIFA Men's World Cup,Group 4,1,0,0,0,6/15/1974,18:00,S-099,Neckarstadion,Stuttgart,Germany,T-57,Poland,POL,T-03,Argentina,ARG,3–2,3,2,1,-1,0,0,0-0,0,0,home team win,1,0,0
M-1974-09,WC-1974,Australia vs West Germany,group stage,1974 FIFA Men's World Cup,Group 1,1,0,0,0,6/18/1974,16:00,S-089,Volksparkstadion,Hamburg,Germany,T-04,Australia,AUS,T-86,West Germany,DEU,0–3,0,3,-3,3,0,0,0-0,0,0,away team win,0,1,0
M-1974-10,WC-1974,Chile vs East Germany,group stage,1974 FIFA Men's World Cup,Group 1,1,0,0,0,6/18/1974,19:00,S-080,Olympiastadion,Berlin,Germany,T-13,Chile,CHL,T-24,East Germany,DDR,1–1,1,1,0,0,0,0,0-0,0,0,draw,0,0,1
M-1974-11,WC-1974,Scotland vs Brazil,group stage,1974 FIFA Men's World Cup,Group 2,1,0,0,0,6/18/1974,19:30,S-086,Waldstadion,Frankfurt,Germany,T-64,Scotland,SCO,T-09,Brazil,BRA,0–0,0,0,0,0,0,0,0-0,0,0,draw,0,0,1
M-1974-12,WC-1974,Yugoslavia vs Zaire,group stage,1974 FIFA Men's World Cup,Group 2,1,0,0,0,6/18/1974,19:30,S-088,Parkstadion,Gelsenkirchen,Germany,T-87,Yugoslavia,YUG,T-88,Zaire,COD,9–0,9,0,9,-9,0,0,0-0,0,0,home team win,1,0,0
M-1974-13,WC-1974,Bulgaria vs Uruguay,group stage,1974 FIFA Men's World Cup,Group 3,1,0,0,0,6/19/1974,19:30,S-090,Niedersachsenstadion,Hanover,Germany,T-10,Bulgaria,BGR,T-84,Uruguay,URY,1–1,1,1,0,0,0,0,0-0,0,0,draw,0,0,1
M-1974-14,WC-1974,Netherlands vs Sweden,group stage,1974 FIFA Men's World Cup,Group 3,1,0,0,0,6/19/1974,19:30,S-083,Westfalenstadion,Dortmund,Germany,T-48,Netherlands,NLD,T-74,Sweden,SWE,0–0,0,0,0,0,0,0,0-0,0,0,draw,0,0,1
M-1974-15,WC-1974,Argentina vs Italy,group stage,1974 FIFA Men's World Cup,Group 4,1,0,0,0,6/19/1974,19:30,S-099,Neckarstadion,Stuttgart,Germany,T-03,Argentina,ARG,T-41,Italy,ITA,1–1,1,1,0,0,0,0,0-0,0,0,draw,0,0,1
M-1974-16,WC-1974,Haiti vs Poland,group stage,1974 FIFA Men's World Cup,Group 4,1,0,0,0,6/19/1974,19:30,S-096,Olympiastadion,Munich,Germany,T-34,Haiti,HTI,T-57,Poland,POL,0–7,0,7,-7,7,0,0,0-0,0,0,away team win,0,1,0
M-1974-17,WC-1974,Australia vs Chile,group stage,1974 FIFA Men's World Cup,Group 1,1,0,0,0,6/22/1974,16:00,S-080,Olympiastadion,Berlin,Germany,T-04,Australia,AUS,T-13,Chile,CHL,0–0,0,0,0,0,0,0,0-0,0,0,draw,0,0,1
M-1974-18,WC-1974,Scotland vs Yugoslavia,group stage,1974 FIFA Men's World Cup,Group 2,1,0,0,0,6/22/1974,16:00,S-086,Waldstadion,Frankfurt,Germany,T-64,Scotland,SCO,T-87,Yugoslavia,YUG,1–1,1,1,0,0,0,0,0-0,0,0,draw,0,0,1
M-1974-19,WC-1974,Zaire vs Brazil,group stage,1974 FIFA Men's World Cup,Group 2,1,0,0,0,6/22/1974,16:00,S-088,Parkstadion,Gelsenkirchen,Germany,T-88,Zaire,COD,T-09,Brazil,BRA,0–3,0,3,-3,3,0,0,0-0,0,0,away team win,0,1,0
M-1974-20,WC-1974,East Germany vs West Germany,group stage,1974 FIFA Men's World Cup,Group 1,1,0,0,0,6/22/1974,19:30,S-089,Volksparkstadion,Hamburg,Germany,T-24,East Germany,DDR,T-86,West Germany,DEU,1–0,1,0,1,-1,0,0,0-0,0,0,home team win,1,0,0
M-1974-21,WC-1974,Bulgaria vs Netherlands,group stage,1974 FIFA Men's World Cup,Group 3,1,0,0,0,6/23/1974,16:00,S-083,Westfalenstadion,Dortmund,Germany,T-10,Bulgaria,BGR,T-48,Netherlands,NLD,1–4,1,4,-3,3,0,0,0-0,0,0,away team win,0,1,0
M-1974-22,WC-1974,Sweden vs Uruguay,group stage,1974 FIFA Men's World Cup,Group 3,1,0,0,0,6/23/1974,16:00,S-085,Rheinstadion,Düsseldorf,Germany,T-74,Sweden,SWE,T-84,Uruguay,URY,3–0,3,0,3,-3,0,0,0-0,0,0,home team win,1,0,0
M-1974-23,WC-1974,Argentina vs Haiti,group stage,1974 FIFA Men's World Cup,Group 4,1,0,0,0,6/23/1974,16:00,S-096,Olympiastadion,Munich,Germany,T-03,Argentina,ARG,T-34,Haiti,HTI,4–1,4,1,3,-3,0,0,0-0,0,0,home team win,1,0,0
M-1974-24,WC-1974,Poland vs Italy,group stage,1974 FIFA Men's World Cup,Group 4,1,0,0,0,6/23/1974,16:00,S-099,Neckarstadion,Stuttgart,Germany,T-57,Poland,POL,T-41,Italy,ITA,2–1,2,1,1,-1,0,0,0-0,0,0,home team win,1,0,0
M-1974-25,WC-1974,Yugoslavia vs West Germany,second group stage,1974 FIFA Men's World Cup,Group B,1,0,0,0,6/26/1974,16:00,S-085,Rheinstadion,Düsseldorf,Germany,T-87,Yugoslavia,YUG,T-86,West Germany,DEU,0–2,0,2,-2,2,0,0,0-0,0,0,away team win,0,1,0
M-1974-26,WC-1974,Brazil vs East Germany,second group stage,1974 FIFA Men's World Cup,Group A,1,0,0,0,6/26/1974,19:30,S-090,Niedersachsenstadion,Hanover,Germany,T-09,Brazil,BRA,T-24,East Germany,DDR,1–0,1,0,1,-1,0,0,0-0,0,0,home team win,1,0,0
M-1974-27,WC-1974,Netherlands vs Argentina,second group stage,1974 FIFA Men's World Cup,Group A,1,0,0,0,6/26/1974,19:30,S-088,Parkstadion,Gelsenkirchen,Germany,T-48,Netherlands,NLD,T-03,Argentina,ARG,4–0,4,0,4,-4,0,0,0-0,0,0,home team win,1,0,0
M-1974-28,WC-1974,Sweden vs Poland,second group stage,1974 FIFA Men's World Cup,Group B,1,0,0,0,6/26/1974,19:30,S-099,Neckarstadion,Stuttgart,Germany,T-74,Sweden,SWE,T-57,Poland,POL,0–1,0,1,-1,1,0,0,0-0,0,0,away team win,0,1,0
M-1974-29,WC-1974,Argentina vs Brazil,second group stage,1974 FIFA Men's World Cup,Group A,1,0,0,0,6/30/1974,16:00,S-090,Niedersachsenstadion,Hanover,Germany,T-03,Argentina,ARG,T-09,Brazil,BRA,1–2,1,2,-1,1,0,0,0-0,0,0,away team win,0,1,0
M-1974-30,WC-1974,East Germany vs Netherlands,second group stage,1974 FIFA Men's World Cup,Group A,1,0,0,0,6/30/1974,16:00,S-088,Parkstadion,Gelsenkirchen,Germany,T-24,East Germany,DDR,T-48,Netherlands,NLD,0–2,0,2,-2,2,0,0,0-0,0,0,away team win,0,1,0
M-1974-31,WC-1974,Poland vs Yugoslavia,second group stage,1974 FIFA Men's World Cup,Group B,1,0,0,0,6/30/1974,16:00,S-086,Waldstadion,Frankfurt,Germany,T-57,Poland,POL,T-87,Yugoslavia,YUG,2–1,2,1,1,-1,0,0,0-0,0,0,home team win,1,0,0
M-1974-32,WC-1974,West Germany vs Sweden,second group stage,1974 FIFA Men's World Cup,Group B,1,0,0,0,6/30/1974,19:30,S-085,Rheinstadion,Düsseldorf,Germany,T-86,West Germany,DEU,T-74,Sweden,SWE,4–2,4,2,2,-2,0,0,0-0,0,0,home team win,1,0,0
M-1974-33,WC-1974,Poland vs West Germany,second group stage,1974 FIFA Men's World Cup,Group B,1,0,0,0,7/3/1974,16:30,S-086,Waldstadion,Frankfurt,Germany,T-57,Poland,POL,T-86,West Germany,DEU,0–1,0,1,-1,1,0,0,0-0,0,0,away team win,0,1,0
M-1974-34,WC-1974,Argentina vs East Germany,second group stage,1974 FIFA Men's World Cup,Group A,1,0,0,0,7/3/1974,19:30,S-088,Parkstadion,Gelsenkirchen,Germany,T-03,Argentina,ARG,T-24,East Germany,DDR,1–1,1,1,0,0,0,0,0-0,0,0,draw,0,0,1
M-1974-35,WC-1974,Netherlands vs Brazil,second group stage,1974 FIFA Men's World Cup,Group A,1,0,0,0,7/3/1974,19:30,S-083,Westfalenstadion,Dortmund,Germany,T-48,Netherlands,NLD,T-09,Brazil,BRA,2–0,2,0,2,-2,0,0,0-0,0,0,home team win,1,0,0
M-1974-36,WC-1974,Sweden vs Yugoslavia,second group stage,1974 FIFA Men's World Cup,Group B,1,0,0,0,7/3/1974,19:30,S-085,Rheinstadion,Düsseldorf,Germany,T-74,Sweden,SWE,T-87,Yugoslavia,YUG,2–1,2,1,1,-1,0,0,0-0,0,0,home team win,1,0,0
M-1974-37,WC-1974,Brazil vs Poland,third-place match,1974 FIFA Men's World Cup,not applicable,0,1,0,0,7/6/1974,16:00,S-096,Olympiastadion,Munich,Germany,T-09,Brazil,BRA,T-57,Poland,POL,0–1,0,1,-1,1,0,0,0-0,0,0,away team win,0,1,0
M-1974-38,WC-1974,Netherlands vs West Germany,final,1974 FIFA Men's World Cup,not applicable,0,1,0,0,7/7/1974,16:00,S-096,Olympiastadion,Munich,Germany,T-48,Netherlands,NLD,T-86,West Germany,DEU,1–2,1,2,-1,1,0,0,0-0,0,0,away team win,0,1,0
M-1978-01,WC-1978,West Germany vs Poland,group stage,1978 FIFA Men's World Cup,Group 2,1,0,0,0,6/1/1978,15:00,S-002,Estadio Monumental,Buenos Aires,Argentina,T-86,West Germany,DEU,T-57,Poland,POL,0–0,0,0,0,0,0,0,0-0,0,0,draw,0,0,1
M-1978-02,WC-1978,Italy vs France,group stage,1978 FIFA Men's World Cup,Group 1,1,0,0,0,6/2/1978,13:45,S-004,Estadio José María Minella,Mar del Plata,Argentina,T-41,Italy,ITA,T-30,France,FRA,2–1,2,1,1,-1,0,0,0-0,0,0,home team win,1,0,0
M-1978-03,WC-1978,Tunisia vs Mexico,group stage,1978 FIFA Men's World Cup,Group 2,1,0,0,0,6/2/1978,16:45,S-006,Estadio Gigante de Arroyito,Rosario,Argentina,T-79,Tunisia,TUN,T-46,Mexico,MEX,3–1,3,1,2,-2,0,0,0-0,0,0,home team win,1,0,0
M-1978-04,WC-1978,Argentina vs Hungary,group stage,1978 FIFA Men's World Cup,Group 1,1,0,0,0,6/2/1978,19:15,S-002,Estadio Monumental,Buenos Aires,Argentina,T-03,Argentina,ARG,T-36,Hungary,HUN,2–1,2,1,1,-1,0,0,0-0,0,0,home team win,1,0,0
M-1978-05,WC-1978,Austria vs Spain,group stage,1978 FIFA Men's World Cup,Group 3,1,0,0,0,6/3/1978,13:45,S-001,Estadio José Amalfitani,Buenos Aires,Argentina,T-05,Austria,AUT,T-73,Spain,ESP,2–1,2,1,1,-1,0,0,0-0,0,0,home team win,1,0,0
M-1978-06,WC-1978,Brazil vs Sweden,group stage,1978 FIFA Men's World Cup,Group 3,1,0,0,0,6/3/1978,13:45,S-004,Estadio José María Minella,Mar del Plata,Argentina,T-09,Brazil,BRA,T-74,Sweden,SWE,1–1,1,1,0,0,0,0,0-0,0,0,draw,0,0,1
M-1978-07,WC-1978,Netherlands vs Iran,group stage,1978 FIFA Men's World Cup,Group 4,1,0,0,0,6/3/1978,16:45,S-005,Estadio Ciudad de Mendoza,Mendoza,Argentina,T-48,Netherlands,NLD,T-38,Iran,IRN,3–0,3,0,3,-3,0,0,0-0,0,0,home team win,1,0,0
M-1978-08,WC-1978,Peru vs Scotland,group stage,1978 FIFA Men's World Cup,Group 4,1,0,0,0,6/3/1978,16:45,S-003,Estadio Chateau Carreras,Córdoba,Argentina,T-56,Peru,PER,T-64,Scotland,SCO,3–1,3,1,2,-2,0,0,0-0,0,0,home team win,1,0,0
M-1978-09,WC-1978,Italy vs Hungary,group stage,1978 FIFA Men's World Cup,Group 1,1,0,0,0,6/6/1978,13:45,S-004,Estadio José María Minella,Mar del Plata,Argentina,T-41,Italy,ITA,T-36,Hungary,HUN,3–1,3,1,2,-2,0,0,0-0,0,0,home team win,1,0,0
M-1978-10,WC-1978,Poland vs Tunisia,group stage,1978 FIFA Men's World Cup,Group 2,1,0,0,0,6/6/1978,16:45,S-006,Estadio Gigante de Arroyito,Rosario,Argentina,T-57,Poland,POL,T-79,Tunisia,TUN,1–0,1,0,1,-1,0,0,0-0,0,0,home team win,1,0,0
M-1978-11,WC-1978,West Germany vs Mexico,group stage,1978 FIFA Men's World Cup,Group 2,1,0,0,0,6/6/1978,16:45,S-003,Estadio Chateau Carreras,Córdoba,Argentina,T-86,West Germany,DEU,T-46,Mexico,MEX,6–0,6,0,6,-6,0,0,0-0,0,0,home team win,1,0,0
M-1978-12,WC-1978,Argentina vs France,group stage,1978 FIFA Men's World Cup,Group 1,1,0,0,0,6/6/1978,19:15,S-002,Estadio Monumental,Buenos Aires,Argentina,T-03,Argentina,ARG,T-30,France,FRA,2–1,2,1,1,-1,0,0,0-0,0,0,home team win,1,0,0
M-1978-13,WC-1978,Austria vs Sweden,group stage,1978 FIFA Men's World Cup,Group 3,1,0,0,0,6/7/1978,13:45,S-001,Estadio José Amalfitani,Buenos Aires,Argentina,T-05,Austria,AUT,T-74,Sweden,SWE,1–0,1,0,1,-1,0,0,0-0,0,0,home team win,1,0,0
M-1978-14,WC-1978,Brazil vs Spain,group stage,1978 FIFA Men's World Cup,Group 3,1,0,0,0,6/7/1978,13:45,S-004,Estadio José María Minella,Mar del Plata,Argentina,T-09,Brazil,BRA,T-73,Spain,ESP,0–0,0,0,0,0,0,0,0-0,0,0,draw,0,0,1
M-1978-15,WC-1978,Netherlands vs Peru,group stage,1978 FIFA Men's World Cup,Group 4,1,0,0,0,6/7/1978,16:45,S-005,Estadio Ciudad de Mendoza,Mendoza,Argentina,T-48,Netherlands,NLD,T-56,Peru,PER,0–0,0,0,0,0,0,0,0-0,0,0,draw,0,0,1
M-1978-16,WC-1978,Scotland vs Iran,group stage,1978 FIFA Men's World Cup,Group 4,1,0,0,0,6/7/1978,16:45,S-003,Estadio Chateau Carreras,Córdoba,Argentina,T-64,Scotland,SCO,T-38,Iran,IRN,1–1,1,1,0,0,0,0,0-0,0,0,draw,0,0,1
M-1978-17,WC-1978,France vs Hungary,group stage,1978 FIFA Men's World Cup,Group 1,1,0,0,0,6/10/1978,14:30,S-004,Estadio José María Minella,Mar del Plata,Argentina,T-30,France,FRA,T-36,Hungary,HUN,3–1,3,1,2,-2,0,0,0-0,0,0,home team win,1,0,0
M-1978-18,WC-1978,Poland vs Mexico,group stage,1978 FIFA Men's World Cup,Group 2,1,0,0,0,6/10/1978,16:45,S-006,Estadio Gigante de Arroyito,Rosario,Argentina,T-57,Poland,POL,T-46,Mexico,MEX,3–1,3,1,2,-2,0,0,0-0,0,0,home team win,1,0,0
M-1978-19,WC-1978,West Germany vs Tunisia,group stage,1978 FIFA Men's World Cup,Group 2,1,0,0,0,6/10/1978,16:45,S-003,Estadio Chateau Carreras,Córdoba,Argentina,T-86,West Germany,DEU,T-79,Tunisia,TUN,0–0,0,0,0,0,0,0,0-0,0,0,draw,0,0,1
M-1978-20,WC-1978,Argentina vs Italy,group stage,1978 FIFA Men's World Cup,Group 1,1,0,0,0,6/10/1978,19:15,S-002,Estadio Monumental,Buenos Aires,Argentina,T-03,Argentina,ARG,T-41,Italy,ITA,0–1,0,1,-1,1,0,0,0-0,0,0,away team win,0,1,0
M-1978-21,WC-1978,Brazil vs Austria,group stage,1978 FIFA Men's World Cup,Group 3,1,0,0,0,6/11/1978,13:45,S-004,Estadio José María Minella,Mar del Plata,Argentina,T-09,Brazil,BRA,T-05,Austria,AUT,1–0,1,0,1,-1,0,0,0-0,0,0,home team win,1,0,0
M-1978-22,WC-1978,Spain vs Sweden,group stage,1978 FIFA Men's World Cup,Group 3,1,0,0,0,6/11/1978,13:45,S-001,Estadio José Amalfitani,Buenos Aires,Argentina,T-73,Spain,ESP,T-74,Sweden,SWE,1–0,1,0,1,-1,0,0,0-0,0,0,home team win,1,0,0
M-1978-23,WC-1978,Peru vs Iran,group stage,1978 FIFA Men's World Cup,Group 4,1,0,0,0,6/11/1978,16:45,S-003,Estadio Chateau Carreras,Córdoba,Argentina,T-56,Peru,PER,T-38,Iran,IRN,4–1,4,1,3,-3,0,0,0-0,0,0,home team win,1,0,0
M-1978-24,WC-1978,Scotland vs Netherlands,group stage,1978 FIFA Men's World Cup,Group 4,1,0,0,0,6/11/1978,16:45,S-005,Estadio Ciudad de Mendoza,Mendoza,Argentina,T-64,Scotland,SCO,T-48,Netherlands,NLD,3–2,3,2,1,-1,0,0,0-0,0,0,home team win,1,0,0
M-1978-25,WC-1978,Austria vs Netherlands,second group stage,1978 FIFA Men's World Cup,Group A,1,0,0,0,6/14/1978,13:45,S-003,Estadio Chateau Carreras,Córdoba,Argentina,T-05,Austria,AUT,T-48,Netherlands,NLD,1–5,1,5,-4,4,0,0,0-0,0,0,away team win,0,1,0
M-1978-26,WC-1978,Italy vs West Germany,second group stage,1978 FIFA Men's World Cup,Group A,1,0,0,0,6/14/1978,13:45,S-002,Estadio Monumental,Buenos Aires,Argentina,T-41,Italy,ITA,T-86,West Germany,DEU,0–0,0,0,0,0,0,0,0-0,0,0,draw,0,0,1
M-1978-27,WC-1978,Brazil vs Peru,second group stage,1978 FIFA Men's World Cup,Group B,1,0,0,0,6/14/1978,16:45,S-005,Estadio Ciudad de Mendoza,Mendoza,Argentina,T-09,Brazil,BRA,T-56,Peru,PER,3–0,3,0,3,-3,0,0,0-0,0,0,home team win,1,0,0
M-1978-28,WC-1978,Argentina vs Poland,second group stage,1978 FIFA Men's World Cup,Group B,1,0,0,0,6/14/1978,19:15,S-006,Estadio Gigante de Arroyito,Rosario,Argentina,T-03,Argentina,ARG,T-57,Poland,POL,2–0,2,0,2,-2,0,0,0-0,0,0,home team win,1,0,0
M-1978-29,WC-1978,Peru vs Poland,second group stage,1978 FIFA Men's World Cup,Group B,1,0,0,0,6/18/1978,13:45,S-005,Estadio Ciudad de Mendoza,Mendoza,Argentina,T-56,Peru,PER,T-57,Poland,POL,0–1,0,1,-1,1,0,0,0-0,0,0,away team win,0,1,0
M-1978-30,WC-1978,Italy vs Austria,second group stage,1978 FIFA Men's World Cup,Group A,1,0,0,0,6/18/1978,16:45,S-002,Estadio Monumental,Buenos Aires,Argentina,T-41,Italy,ITA,T-05,Austria,AUT,1–0,1,0,1,-1,0,0,0-0,0,0,home team win,1,0,0
M-1978-31,WC-1978,Netherlands vs West Germany,second group stage,1978 FIFA Men's World Cup,Group A,1,0,0,0,6/18/1978,16:45,S-003,Estadio Chateau Carreras,Córdoba,Argentina,T-48,Netherlands,NLD,T-86,West Germany,DEU,2–2,2,2,0,0,0,0,0-0,0,0,draw,0,0,1
M-1978-32,WC-1978,Argentina vs Brazil,second group stage,1978 FIFA Men's World Cup,Group B,1,0,0,0,6/18/1978,19:15,S-006,Estadio Gigante de Arroyito,Rosario,Argentina,T-03,Argentina,ARG,T-09,Brazil,BRA,0–0,0,0,0,0,0,0,0-0,0,0,draw,0,0,1
M-1978-33,WC-1978,Austria vs West Germany,second group stage,1978 FIFA Men's World Cup,Group A,1,0,0,0,6/21/1978,13:45,S-003,Estadio Chateau Carreras,Córdoba,Argentina,T-05,Austria,AUT,T-86,West Germany,DEU,3–2,3,2,1,-1,0,0,0-0,0,0,home team win,1,0,0
M-1978-34,WC-1978,Italy vs Netherlands,second group stage,1978 FIFA Men's World Cup,Group A,1,0,0,0,6/21/1978,13:45,S-002,Estadio Monumental,Buenos Aires,Argentina,T-41,Italy,ITA,T-48,Netherlands,NLD,1–2,1,2,-1,1,0,0,0-0,0,0,away team win,0,1,0
M-1978-35,WC-1978,Brazil vs Poland,second group stage,1978 FIFA Men's World Cup,Group B,1,0,0,0,6/21/1978,16:45,S-005,Estadio Ciudad de Mendoza,Mendoza,Argentina,T-09,Brazil,BRA,T-57,Poland,POL,3–1,3,1,2,-2,0,0,0-0,0,0,home team win,1,0,0
M-1978-36,WC-1978,Argentina vs Peru,second group stage,1978 FIFA Men's World Cup,Group B,1,0,0,0,6/21/1978,19:15,S-006,Estadio Gigante de Arroyito,Rosario,Argentina,T-03,Argentina,ARG,T-56,Peru,PER,6–0,6,0,6,-6,0,0,0-0,0,0,home team win,1,0,0
M-1978-37,WC-1978,Brazil vs Italy,third-place match,1978 FIFA Men's World Cup,not applicable,0,1,0,0,6/24/1978,15:00,S-002,Estadio Monumental,Buenos Aires,Argentina,T-09,Brazil,BRA,T-41,Italy,ITA,2–1,2,1,1,-1,0,0,0-0,0,0,home team win,1,0,0
M-1978-38,WC-1978,Argentina vs Netherlands,final,1978 FIFA Men's World Cup,not applicable,0,1,0,0,6/25/1978,15:00,S-002,Estadio Monumental,Buenos Aires,Argentina,T-03,Argentina,ARG,T-48,Netherlands,NLD,3–1,3,1,2,-2,1,0,0-0,0,0,home team win,1,0,0
M-1982-01,WC-1982,Argentina vs Belgium,group stage,1982 FIFA Men's World Cup,Group 3,1,0,0,0,6/13/1982,20:00,S-182,Camp Nou,Barcelona,Spain,T-03,Argentina,ARG,T-06,Belgium,BEL,0–1,0,1,-1,1,0,0,0-0,0,0,away team win,0,1,0
M-1982-02,WC-1982,Italy vs Poland,group stage,1982 FIFA Men's World Cup,Group 1,1,0,0,0,6/14/1982,17:15,S-195,Balaídos,Vigo,Spain,T-41,Italy,ITA,T-57,Poland,POL,0–0,0,0,0,0,0,0,0-0,0,0,draw,0,0,1
M-1982-03,WC-1982,Brazil vs Soviet Union,group stage,1982 FIFA Men's World Cup,Group 6,1,0,0,0,6/14/1982,21:00,S-192,Estadio Ramón Sánchez Pizjuán,Seville,Spain,T-09,Brazil,BRA,T-72,Soviet Union,SUN,2–1,2,1,1,-1,0,0,0-0,0,0,home team win,1,0,0
M-1982-04,WC-1982,Peru vs Cameroon,group stage,1982 FIFA Men's World Cup,Group 1,1,0,0,0,6/15/1982,17:15,S-180,Estadio Riazor,A Coruña,Spain,T-56,Peru,PER,T-11,Cameroon,CMR,0–0,0,0,0,0,0,0,0-0,0,0,draw,0,0,1
M-1982-05,WC-1982,Hungary vs El Salvador,group stage,1982 FIFA Men's World Cup,Group 3,1,0,0,0,6/15/1982,21:00,S-185,Nuevo Estadio,Elche,Spain,T-36,Hungary,HUN,T-27,El Salvador,SLV,10–1,10,1,9,-9,0,0,0-0,0,0,home team win,1,0,0
M-1982-06,WC-1982,Scotland vs New Zealand,group stage,1982 FIFA Men's World Cup,Group 6,1,0,0,0,6/15/1982,21:00,S-189,Estadio La Rosaleda,Málaga,Spain,T-64,Scotland,SCO,T-49,New Zealand,NZL,5–2,5,2,3,-3,0,0,0-0,0,0,home team win,1,0,0
M-1982-07,WC-1982,West Germany vs Algeria,group stage,1982 FIFA Men's World Cup,Group 2,1,0,0,0,6/16/1982,17:15,S-186,Estadio El Molinón,Gijón,Spain,T-86,West Germany,DEU,T-01,Algeria,DZA,1–2,1,2,-1,1,0,0,0-0,0,0,away team win,0,1,0
M-1982-08,WC-1982,England vs France,group stage,1982 FIFA Men's World Cup,Group 4,1,0,0,0,6/16/1982,17:15,S-184,Estadio San Mamés,Bilbao,Spain,T-28,England,ENG,T-30,France,FRA,3–1,3,1,2,-2,0,0,0-0,0,0,home team win,1,0,0
M-1982-09,WC-1982,Spain vs Honduras,group stage,1982 FIFA Men's World Cup,Group 5,1,0,0,0,6/16/1982,21:00,S-193,Estadio Luis Casanova,Valencia,Spain,T-73,Spain,ESP,T-35,Honduras,HND,1–1,1,1,0,0,0,0,0-0,0,0,draw,0,0,1
M-1982-10,WC-1982,Chile vs Austria,group stage,1982 FIFA Men's World Cup,Group 2,1,0,0,0,6/17/1982,17:15,S-190,Estadio Carlos Tartiere,Oviedo,Spain,T-13,Chile,CHL,T-05,Austria,AUT,0–1,0,1,-1,1,0,0,0-0,0,0,away team win,0,1,0
M-1982-11,WC-1982,Czechoslovakia vs Kuwait,group stage,1982 FIFA Men's World Cup,Group 4,1,0,0,0,6/17/1982,17:15,S-194,Estadio José Zorrilla,Valladolid,Spain,T-21,Czechoslovakia,CSK,T-45,Kuwait,KWT,1–1,1,1,0,0,0,0,0-0,0,0,draw,0,0,1
M-1982-12,WC-1982,Yugoslavia vs Northern Ireland,group stage,1982 FIFA Men's World Cup,Group 5,1,0,0,0,6/17/1982,21:00,S-196,Estadio La Romareda,Zaragoza,Spain,T-87,Yugoslavia,YUG,T-52,Northern Ireland,NIR,0–0,0,0,0,0,0,0,0-0,0,0,draw,0,0,1
M-1982-13,WC-1982,Italy vs Peru,group stage,1982 FIFA Men's World Cup,Group 1,1,0,0,0,6/18/1982,17:15,S-195,Balaídos,Vigo,Spain,T-41,Italy,ITA,T-56,Peru,PER,1–1,1,1,0,0,0,0,0-0,0,0,draw,0,0,1
M-1982-14,WC-1982,Argentina vs Hungary,group stage,1982 FIFA Men's World Cup,Group 3,1,0,0,0,6/18/1982,21:00,S-181,Estadio José Rico Pérez,Alicante,Spain,T-03,Argentina,ARG,T-36,Hungary,HUN,4–1,4,1,3,-3,0,0,0-0,0,0,home team win,1,0,0
M-1982-15,WC-1982,Brazil vs Scotland,group stage,1982 FIFA Men's World Cup,Group 6,1,0,0,0,6/18/1982,21:00,S-191,Estadio Benito Villamarín,Seville,Spain,T-09,Brazil,BRA,T-64,Scotland,SCO,4–1,4,1,3,-3,0,0,0-0,0,0,home team win,1,0,0
M-1982-16,WC-1982,Poland vs Cameroon,group stage,1982 FIFA Men's World Cup,Group 1,1,0,0,0,6/19/1982,17:15,S-180,Estadio Riazor,A Coruña,Spain,T-57,Poland,POL,T-11,Cameroon,CMR,0–0,0,0,0,0,0,0,0-0,0,0,draw,0,0,1
M-1982-17,WC-1982,Belgium vs El Salvador,group stage,1982 FIFA Men's World Cup,Group 3,1,0,0,0,6/19/1982,21:00,S-185,Nuevo Estadio,Elche,Spain,T-06,Belgium,BEL,T-27,El Salvador,SLV,1–0,1,0,1,-1,0,0,0-0,0,0,home team win,1,0,0
M-1982-18,WC-1982,Soviet Union vs New Zealand,group stage,1982 FIFA Men's World Cup,Group 6,1,0,0,0,6/19/1982,21:00,S-189,Estadio La Rosaleda,Málaga,Spain,T-72,Soviet Union,SUN,T-49,New Zealand,NZL,3–0,3,0,3,-3,0,0,0-0,0,0,home team win,1,0,0
M-1982-19,WC-1982,West Germany vs Chile,group stage,1982 FIFA Men's World Cup,Group 2,1,0,0,0,6/20/1982,17:15,S-186,Estadio El Molinón,Gijón,Spain,T-86,West Germany,DEU,T-13,Chile,CHL,4–1,4,1,3,-3,0,0,0-0,0,0,home team win,1,0,0
M-1982-20,WC-1982,England vs Czechoslovakia,group stage,1982 FIFA Men's World Cup,Group 4,1,0,0,0,6/20/1982,17:15,S-184,Estadio San Mamés,Bilbao,Spain,T-28,England,ENG,T-21,Czechoslovakia,CSK,2–0,2,0,2,-2,0,0,0-0,0,0,home team win,1,0,0
M-1982-21,WC-1982,Spain vs Yugoslavia,group stage,1982 FIFA Men's World Cup,Group 5,1,0,0,0,6/20/1982,21:00,S-193,Estadio Luis Casanova,Valencia,Spain,T-73,Spain,ESP,T-87,Yugoslavia,YUG,2–1,2,1,1,-1,0,0,0-0,0,0,home team win,1,0,0
M-1982-22,WC-1982,Algeria vs Austria,group stage,1982 FIFA Men's World Cup,Group 2,1,0,0,0,6/21/1982,17:15,S-190,Estadio Carlos Tartiere,Oviedo,Spain,T-01,Algeria,DZA,T-05,Austria,AUT,0–2,0,2,-2,2,0,0,0-0,0,0,away team win,0,1,0
M-1982-23,WC-1982,France vs Kuwait,group stage,1982 FIFA Men's World Cup,Group 4,1,0,0,0,6/21/1982,17:15,S-194,Estadio José Zorrilla,Valladolid,Spain,T-30,France,FRA,T-45,Kuwait,KWT,4–1,4,1,3,-3,0,0,0-0,0,0,home team win,1,0,0
M-1982-24,WC-1982,Honduras vs Northern Ireland,group stage,1982 FIFA Men's World Cup,Group 5,1,0,0,0,6/21/1982,21:00,S-196,Estadio La Romareda,Zaragoza,Spain,T-35,Honduras,HND,T-52,Northern Ireland,NIR,1–1,1,1,0,0,0,0,0-0,0,0,draw,0,0,1
M-1982-25,WC-1982,Poland vs Peru,group stage,1982 FIFA Men's World Cup,Group 1,1,0,0,0,6/22/1982,17:15,S-180,Estadio Riazor,A Coruña,Spain,T-57,Poland,POL,T-56,Peru,PER,5–1,5,1,4,-4,0,0,0-0,0,0,home team win,1,0,0
M-1982-26,WC-1982,Belgium vs Hungary,group stage,1982 FIFA Men's World Cup,Group 3,1,0,0,0,6/22/1982,21:00,S-185,Nuevo Estadio,Elche,Spain,T-06,Belgium,BEL,T-36,Hungary,HUN,1–1,1,1,0,0,0,0,0-0,0,0,draw,0,0,1
M-1982-27,WC-1982,Soviet Union vs Scotland,group stage,1982 FIFA Men's World Cup,Group 6,1,0,0,0,6/22/1982,21:00,S-189,Estadio La Rosaleda,Málaga,Spain,T-72,Soviet Union,SUN,T-64,Scotland,SCO,2–2,2,2,0,0,0,0,0-0,0,0,draw,0,0,1
M-1982-28,WC-1982,Italy vs Cameroon,group stage,1982 FIFA Men's World Cup,Group 1,1,0,0,0,6/23/1982,17:15,S-195,Balaídos,Vigo,Spain,T-41,Italy,ITA,T-11,Cameroon,CMR,1–1,1,1,0,0,0,0,0-0,0,0,draw,0,0,1
M-1982-29,WC-1982,Argentina vs El Salvador,group stage,1982 FIFA Men's World Cup,Group 3,1,0,0,0,6/23/1982,21:00,S-181,Estadio José Rico Pérez,Alicante,Spain,T-03,Argentina,ARG,T-27,El Salvador,SLV,2–0,2,0,2,-2,0,0,0-0,0,0,home team win,1,0,0
M-1982-30,WC-1982,Brazil vs New Zealand,group stage,1982 FIFA Men's World Cup,Group 6,1,0,0,0,6/23/1982,21:00,S-191,Estadio Benito Villamarín,Seville,Spain,T-09,Brazil,BRA,T-49,New Zealand,NZL,4–0,4,0,4,-4,0,0,0-0,0,0,home team win,1,0,0
M-1982-31,WC-1982,Algeria vs Chile,group stage,1982 FIFA Men's World Cup,Group 2,1,0,0,0,6/24/1982,17:15,S-190,Estadio Carlos Tartiere,Oviedo,Spain,T-01,Algeria,DZA,T-13,Chile,CHL,3–2,3,2,1,-1,0,0,0-0,0,0,home team win,1,0,0
M-1982-32,WC-1982,France vs Czechoslovakia,group stage,1982 FIFA Men's World Cup,Group 4,1,0,0,0,6/24/1982,17:15,S-194,Estadio José Zorrilla,Valladolid,Spain,T-30,France,FRA,T-21,Czechoslovakia,CSK,1–1,1,1,0,0,0,0,0-0,0,0,draw,0,0,1
M-1982-33,WC-1982,Honduras vs Yugoslavia,group stage,1982 FIFA Men's World Cup,Group 5,1,0,0,0,6/24/1982,21:00,S-196,Estadio La Romareda,Zaragoza,Spain,T-35,Honduras,HND,T-87,Yugoslavia,YUG,0–1,0,1,-1,1,0,0,0-0,0,0,away team win,0,1,0
M-1982-34,WC-1982,West Germany vs Austria,group stage,1982 FIFA Men's World Cup,Group 2,1,0,0,0,6/25/1982,17:15,S-186,Estadio El Molinón,Gijón,Spain,T-86,West Germany,DEU,T-05,Austria,AUT,1–0,1,0,1,-1,0,0,0-0,0,0,home team win,1,0,0
M-1982-35,WC-1982,England vs Kuwait,group stage,1982 FIFA Men's World Cup,Group 4,1,0,0,0,6/25/1982,17:15,S-184,Estadio San Mamés,Bilbao,Spain,T-28,England,ENG,T-45,Kuwait,KWT,1–0,1,0,1,-1,0,0,0-0,0,0,home team win,1,0,0
M-1982-36,WC-1982,Spain vs Northern Ireland,group stage,1982 FIFA Men's World Cup,Group 5,1,0,0,0,6/25/1982,21:00,S-193,Estadio Luis Casanova,Valencia,Spain,T-73,Spain,ESP,T-52,Northern Ireland,NIR,0–1,0,1,-1,1,0,0,0-0,0,0,away team win,0,1,0
M-1982-37,WC-1982,Austria vs France,second group stage,1982 FIFA Men's World Cup,Group 4,1,0,0,0,6/28/1982,17:15,S-188,Vicente Calderón,Madrid,Spain,T-05,Austria,AUT,T-30,France,FRA,0–1,0,1,-1,1,0,0,0-0,0,0,away team win,0,1,0
M-1982-38,WC-1982,Poland vs Belgium,second group stage,1982 FIFA Men's World Cup,Group 1,1,0,0,0,6/28/1982,21:00,S-182,Camp Nou,Barcelona,Spain,T-57,Poland,POL,T-06,Belgium,BEL,3–0,3,0,3,-3,0,0,0-0,0,0,home team win,1,0,0
M-1982-39,WC-1982,Italy vs Argentina,second group stage,1982 FIFA Men's World Cup,Group 3,1,0,0,0,6/29/1982,17:15,S-183,Estadi de Sarrià,Barcelona,Spain,T-41,Italy,ITA,T-03,Argentina,ARG,2–1,2,1,1,-1,0,0,0-0,0,0,home team win,1,0,0
M-1982-40,WC-1982,West Germany vs England,second group stage,1982 FIFA Men's World Cup,Group 2,1,0,0,0,6/29/1982,21:00,S-187,Estadio Santiago Bernabéu,Madrid,Spain,T-86,West Germany,DEU,T-28,England,ENG,0–0,0,0,0,0,0,0,0-0,0,0,draw,0,0,1
M-1982-41,WC-1982,Austria vs Northern Ireland,second group stage,1982 FIFA Men's World Cup,Group 4,1,0,0,0,7/1/1982,17:15,S-188,Vicente Calderón,Madrid,Spain,T-05,Austria,AUT,T-52,Northern Ireland,NIR,2–2,2,2,0,0,0,0,0-0,0,0,draw,0,0,1
M-1982-42,WC-1982,Belgium vs Soviet Union,second group stage,1982 FIFA Men's World Cup,Group 1,1,0,0,0,7/1/1982,21:00,S-182,Camp Nou,Barcelona,Spain,T-06,Belgium,BEL,T-72,Soviet Union,SUN,0–1,0,1,-1,1,0,0,0-0,0,0,away team win,0,1,0
M-1982-43,WC-1982,Argentina vs Brazil,second group stage,1982 FIFA Men's World Cup,Group 3,1,0,0,0,7/2/1982,17:15,S-183,Estadi de Sarrià,Barcelona,Spain,T-03,Argentina,ARG,T-09,Brazil,BRA,1–3,1,3,-2,2,0,0,0-0,0,0,away team win,0,1,0
M-1982-44,WC-1982,West Germany vs Spain,second group stage,1982 FIFA Men's World Cup,Group 2,1,0,0,0,7/2/1982,21:00,S-187,Estadio Santiago Bernabéu,Madrid,Spain,T-86,West Germany,DEU,T-73,Spain,ESP,2–1,2,1,1,-1,0,0,0-0,0,0,home team win,1,0,0
M-1982-45,WC-1982,France vs Northern Ireland,second group stage,1982 FIFA Men's World Cup,Group 4,1,0,0,0,7/4/1982,17:15,S-188,Vicente Calderón,Madrid,Spain,T-30,France,FRA,T-52,Northern Ireland,NIR,4–1,4,1,3,-3,0,0,0-0,0,0,home team win,1,0,0
M-1982-46,WC-1982,Soviet Union vs Poland,second group stage,1982 FIFA Men's World Cup,Group 1,1,0,0,0,7/4/1982,21:00,S-182,Camp Nou,Barcelona,Spain,T-72,Soviet Union,SUN,T-57,Poland,POL,0–0,0,0,0,0,0,0,0-0,0,0,draw,0,0,1
M-1982-47,WC-1982,Italy vs Brazil,second group stage,1982 FIFA Men's World Cup,Group 3,1,0,0,0,7/5/1982,17:15,S-183,Estadi de Sarrià,Barcelona,Spain,T-41,Italy,ITA,T-09,Brazil,BRA,3–2,3,2,1,-1,0,0,0-0,0,0,home team win,1,0,0
M-1982-48,WC-1982,Spain vs England,second group stage,1982 FIFA Men's World Cup,Group 2,1,0,0,0,7/5/1982,21:00,S-187,Estadio Santiago Bernabéu,Madrid,Spain,T-73,Spain,ESP,T-28,England,ENG,0–0,0,0,0,0,0,0,0-0,0,0,draw,0,0,1
M-1982-49,WC-1982,Poland vs Italy,semi-finals,1982 FIFA Men's World Cup,not applicable,0,1,0,0,7/8/1982,17:15,S-182,Camp Nou,Barcelona,Spain,T-57,Poland,POL,T-41,Italy,ITA,0–2,0,2,-2,2,0,0,0-0,0,0,away team win,0,1,0
M-1982-50,WC-1982,West Germany vs France,semi-finals,1982 FIFA Men's World Cup,not applicable,0,1,0,0,7/8/1982,21:00,S-192,Estadio Ramón Sánchez Pizjuán,Seville,Spain,T-86,West Germany,DEU,T-30,France,FRA,3–3,3,3,0,0,1,1,5–4,5,4,home team win,1,0,0
M-1982-51,WC-1982,Poland vs France,third-place match,1982 FIFA Men's World Cup,not applicable,0,1,0,0,7/10/1982,20:00,S-181,Estadio José Rico Pérez,Alicante,Spain,T-57,Poland,POL,T-30,France,FRA,3–2,3,2,1,-1,0,0,0-0,0,0,home team win,1,0,0
M-1982-52,WC-1982,Italy vs West Germany,final,1982 FIFA Men's World Cup,not applicable,0,1,0,0,7/11/1982,20:00,S-187,Estadio Santiago Bernabéu,Madrid,Spain,T-41,Italy,ITA,T-86,West Germany,DEU,3–1,3,1,2,-2,0,0,0-0,0,0,home team win,1,0,0
M-1986-01,WC-1986,Bulgaria vs Italy,group stage,1986 FIFA Men's World Cup,Group A,1,0,0,0,5/31/1986,12:00,S-132,Estadio Azteca,Mexico City,Mexico,T-10,Bulgaria,BGR,T-41,Italy,ITA,1–1,1,1,0,0,0,0,0-0,0,0,draw,0,0,1
M-1986-02,WC-1986,Spain vs Brazil,group stage,1986 FIFA Men's World Cup,Group D,1,0,0,0,6/1/1986,12:00,S-128,Estadio Jalisco,Guadalajara,Mexico,T-73,Spain,ESP,T-09,Brazil,BRA,0–1,0,1,-1,1,0,0,0-0,0,0,away team win,0,1,0
M-1986-03,WC-1986,Canada vs France,group stage,1986 FIFA Men's World Cup,Group C,1,0,0,0,6/1/1986,16:00,S-131,Estadio Nou Camp,León,Mexico,T-12,Canada,CAN,T-30,France,FRA,0–1,0,1,-1,1,0,0,0-0,0,0,away team win,0,1,0
M-1986-04,WC-1986,Argentina vs South Korea,group stage,1986 FIFA Men's World Cup,Group A,1,0,0,0,6/2/1986,12:00,S-133,Estadio Olímpico Universitario,Mexico City,Mexico,T-03,Argentina,ARG,T-71,South Korea,KOR,3–1,3,1,2,-2,0,0,0-0,0,0,home team win,1,0,0
M-1986-05,WC-1986,Soviet Union vs Hungary,group stage,1986 FIFA Men's World Cup,Group C,1,0,0,0,6/2/1986,12:00,S-130,Estadio Sergio León Chavez,Irapuato,Mexico,T-72,Soviet Union,SUN,T-36,Hungary,HUN,6–0,6,0,6,-6,0,0,0-0,0,0,home team win,1,0,0
M-1986-06,WC-1986,Morocco vs Poland,group stage,1986 FIFA Men's World Cup,Group F,1,0,0,0,6/2/1986,16:00,S-135,Estadio Universitario,Monterrey,Mexico,T-47,Morocco,MAR,T-57,Poland,POL,0–0,0,0,0,0,0,0,0-0,0,0,draw,0,0,1
M-1986-07,WC-1986,Belgium vs Mexico,group stage,1986 FIFA Men's World Cup,Group B,1,0,0,0,6/3/1986,12:00,S-132,Estadio Azteca,Mexico City,Mexico,T-06,Belgium,BEL,T-46,Mexico,MEX,1–2,1,2,-1,1,0,0,0-0,0,0,away team win,0,1,0
M-1986-08,WC-1986,Algeria vs Northern Ireland,group stage,1986 FIFA Men's World Cup,Group D,1,0,0,0,6/3/1986,12:00,S-129,Estadio Tres de Marzo,Guadalajara,Mexico,T-01,Algeria,DZA,T-52,Northern Ireland,NIR,1–1,1,1,0,0,0,0,0-0,0,0,draw,0,0,1
M-1986-09,WC-1986,Portugal vs England,group stage,1986 FIFA Men's World Cup,Group F,1,0,0,0,6/3/1986,16:00,S-134,Estadio Tecnológico,Monterrey,Mexico,T-58,Portugal,PRT,T-28,England,ENG,1–0,1,0,1,-1,0,0,0-0,0,0,home team win,1,0,0
M-1986-10,WC-1986,Paraguay vs Iraq,group stage,1986 FIFA Men's World Cup,Group B,1,0,0,0,6/4/1986,12:00,S-139,La Bombonera,Toluca,Mexico,T-55,Paraguay,PRY,T-39,Iraq,IRQ,1–0,1,0,1,-1,0,0,0-0,0,0,home team win,1,0,0
M-1986-11,WC-1986,Uruguay vs West Germany,group stage,1986 FIFA Men's World Cup,Group E,1,0,0,0,6/4/1986,12:00,S-138,Estadio La Corregidora,Querétaro,Mexico,T-84,Uruguay,URY,T-86,West Germany,DEU,1–1,1,1,0,0,0,0,0-0,0,0,draw,0,0,1
M-1986-12,WC-1986,Scotland vs Denmark,group stage,1986 FIFA Men's World Cup,Group E,1,0,0,0,6/4/1986,16:00,S-136,Estadio Neza 86,Nezahualcóyotl,Mexico,T-64,Scotland,SCO,T-22,Denmark,DNK,0–1,0,1,-1,1,0,0,0-0,0,0,away team win,0,1,0
M-1986-13,WC-1986,Italy vs Argentina,group stage,1986 FIFA Men's World Cup,Group A,1,0,0,0,6/5/1986,12:00,S-137,Estadio Cuauhtémoc,Puebla,Mexico,T-41,Italy,ITA,T-03,Argentina,ARG,1–1,1,1,0,0,0,0,0-0,0,0,draw,0,0,1
M-1986-14,WC-1986,France vs Soviet Union,group stage,1986 FIFA Men's World Cup,Group C,1,0,0,0,6/5/1986,12:00,S-131,Estadio Nou Camp,León,Mexico,T-30,France,FRA,T-72,Soviet Union,SUN,1–1,1,1,0,0,0,0,0-0,0,0,draw,0,0,1
M-1986-15,WC-1986,South Korea vs Bulgaria,group stage,1986 FIFA Men's World Cup,Group A,1,0,0,0,6/5/1986,16:00,S-133,Estadio Olímpico Universitario,Mexico City,Mexico,T-71,South Korea,KOR,T-10,Bulgaria,BGR,1–1,1,1,0,0,0,0,0-0,0,0,draw,0,0,1
M-1986-16,WC-1986,Hungary vs Canada,group stage,1986 FIFA Men's World Cup,Group C,1,0,0,0,6/6/1986,12:00,S-130,Estadio Sergio León Chavez,Irapuato,Mexico,T-36,Hungary,HUN,T-12,Canada,CAN,2–0,2,0,2,-2,0,0,0-0,0,0,home team win,1,0,0
M-1986-17,WC-1986,Brazil vs Algeria,group stage,1986 FIFA Men's World Cup,Group D,1,0,0,0,6/6/1986,12:00,S-128,Estadio Jalisco,Guadalajara,Mexico,T-09,Brazil,BRA,T-01,Algeria,DZA,1–0,1,0,1,-1,0,0,0-0,0,0,home team win,1,0,0
M-1986-18,WC-1986,England vs Morocco,group stage,1986 FIFA Men's World Cup,Group F,1,0,0,0,6/6/1986,16:00,S-134,Estadio Tecnológico,Monterrey,Mexico,T-28,England,ENG,T-47,Morocco,MAR,0–0,0,0,0,0,0,0,0-0,0,0,draw,0,0,1
M-1986-19,WC-1986,Mexico vs Paraguay,group stage,1986 FIFA Men's World Cup,Group B,1,0,0,0,6/7/1986,12:00,S-132,Estadio Azteca,Mexico City,Mexico,T-46,Mexico,MEX,T-55,Paraguay,PRY,1–1,1,1,0,0,0,0,0-0,0,0,draw,0,0,1
M-1986-20,WC-1986,Northern Ireland vs Spain,group stage,1986 FIFA Men's World Cup,Group D,1,0,0,0,6/7/1986,12:00,S-129,Estadio Tres de Marzo,Guadalajara,Mexico,T-52,Northern Ireland,NIR,T-73,Spain,ESP,1–2,1,2,-1,1,0,0,0-0,0,0,away team win,0,1,0
M-1986-21,WC-1986,Poland vs Portugal,group stage,1986 FIFA Men's World Cup,Group F,1,0,0,0,6/7/1986,16:00,S-135,Estadio Universitario,Monterrey,Mexico,T-57,Poland,POL,T-58,Portugal,PRT,1–0,1,0,1,-1,0,0,0-0,0,0,home team win,1,0,0
M-1986-22,WC-1986,Iraq vs Belgium,group stage,1986 FIFA Men's World Cup,Group B,1,0,0,0,6/8/1986,12:00,S-139,La Bombonera,Toluca,Mexico,T-39,Iraq,IRQ,T-06,Belgium,BEL,1–2,1,2,-1,1,0,0,0-0,0,0,away team win,0,1,0
M-1986-23,WC-1986,West Germany vs Scotland,group stage,1986 FIFA Men's World Cup,Group E,1,0,0,0,6/8/1986,12:00,S-138,Estadio La Corregidora,Querétaro,Mexico,T-86,West Germany,DEU,T-64,Scotland,SCO,2–1,2,1,1,-1,0,0,0-0,0,0,home team win,1,0,0
M-1986-24,WC-1986,Denmark vs Uruguay,group stage,1986 FIFA Men's World Cup,Group E,1,0,0,0,6/8/1986,16:00,S-136,Estadio Neza 86,Nezahualcóyotl,Mexico,T-22,Denmark,DNK,T-84,Uruguay,URY,6–1,6,1,5,-5,0,0,0-0,0,0,home team win,1,0,0
M-1986-25,WC-1986,Hungary vs France,group stage,1986 FIFA Men's World Cup,Group C,1,0,0,0,6/9/1986,12:00,S-131,Estadio Nou Camp,León,Mexico,T-36,Hungary,HUN,T-30,France,FRA,0–3,0,3,-3,3,0,0,0-0,0,0,away team win,0,1,0
M-1986-26,WC-1986,Soviet Union vs Canada,group stage,1986 FIFA Men's World Cup,Group C,1,0,0,0,6/9/1986,12:00,S-130,Estadio Sergio León Chavez,Irapuato,Mexico,T-72,Soviet Union,SUN,T-12,Canada,CAN,2–0,2,0,2,-2,0,0,0-0,0,0,home team win,1,0,0
M-1986-27,WC-1986,Argentina vs Bulgaria,group stage,1986 FIFA Men's World Cup,Group A,1,0,0,0,6/10/1986,12:00,S-133,Estadio Olímpico Universitario,Mexico City,Mexico,T-03,Argentina,ARG,T-10,Bulgaria,BGR,2–0,2,0,2,-2,0,0,0-0,0,0,home team win,1,0,0
M-1986-28,WC-1986,South Korea vs Italy,group stage,1986 FIFA Men's World Cup,Group A,1,0,0,0,6/10/1986,12:00,S-137,Estadio Cuauhtémoc,Puebla,Mexico,T-71,South Korea,KOR,T-41,Italy,ITA,2–3,2,3,-1,1,0,0,0-0,0,0,away team win,0,1,0
M-1986-29,WC-1986,Iraq vs Mexico,group stage,1986 FIFA Men's World Cup,Group B,1,0,0,0,6/11/1986,12:00,S-132,Estadio Azteca,Mexico City,Mexico,T-39,Iraq,IRQ,T-46,Mexico,MEX,0–1,0,1,-1,1,0,0,0-0,0,0,away team win,0,1,0
M-1986-30,WC-1986,Paraguay vs Belgium,group stage,1986 FIFA Men's World Cup,Group B,1,0,0,0,6/11/1986,12:00,S-139,La Bombonera,Toluca,Mexico,T-55,Paraguay,PRY,T-06,Belgium,BEL,2–2,2,2,0,0,0,0,0-0,0,0,draw,0,0,1
M-1986-31,WC-1986,England vs Poland,group stage,1986 FIFA Men's World Cup,Group F,1,0,0,0,6/11/1986,16:00,S-135,Estadio Universitario,Monterrey,Mexico,T-28,England,ENG,T-57,Poland,POL,3–0,3,0,3,-3,0,0,0-0,0,0,home team win,1,0,0
M-1986-32,WC-1986,Portugal vs Morocco,group stage,1986 FIFA Men's World Cup,Group F,1,0,0,0,6/11/1986,16:00,S-129,Estadio Tres de Marzo,Guadalajara,Mexico,T-58,Portugal,PRT,T-47,Morocco,MAR,1–3,1,3,-2,2,0,0,0-0,0,0,away team win,0,1,0
M-1986-33,WC-1986,Algeria vs Spain,group stage,1986 FIFA Men's World Cup,Group D,1,0,0,0,6/12/1986,12:00,S-134,Estadio Tecnológico,Monterrey,Mexico,T-01,Algeria,DZA,T-73,Spain,ESP,0–3,0,3,-3,3,0,0,0-0,0,0,away team win,0,1,0
M-1986-34,WC-1986,Northern Ireland vs Brazil,group stage,1986 FIFA Men's World Cup,Group D,1,0,0,0,6/12/1986,12:00,S-128,Estadio Jalisco,Guadalajara,Mexico,T-52,Northern Ireland,NIR,T-09,Brazil,BRA,0–3,0,3,-3,3,0,0,0-0,0,0,away team win,0,1,0
M-1986-35,WC-1986,Denmark vs West Germany,group stage,1986 FIFA Men's World Cup,Group E,1,0,0,0,6/13/1986,12:00,S-138,Estadio La Corregidora,Querétaro,Mexico,T-22,Denmark,DNK,T-86,West Germany,DEU,2–0,2,0,2,-2,0,0,0-0,0,0,home team win,1,0,0
M-1986-36,WC-1986,Scotland vs Uruguay,group stage,1986 FIFA Men's World Cup,Group E,1,0,0,0,6/13/1986,12:00,S-136,Estadio Neza 86,Nezahualcóyotl,Mexico,T-64,Scotland,SCO,T-84,Uruguay,URY,0–0,0,0,0,0,0,0,0-0,0,0,draw,0,0,1
M-1986-37,WC-1986,Mexico vs Bulgaria,round of 16,1986 FIFA Men's World Cup,not applicable,0,1,0,0,6/15/1986,12:00,S-132,Estadio Azteca,Mexico City,Mexico,T-46,Mexico,MEX,T-10,Bulgaria,BGR,2–0,2,0,2,-2,0,0,0-0,0,0,home team win,1,0,0
M-1986-38,WC-1986,Soviet Union vs Belgium,round of 16,1986 FIFA Men's World Cup,not applicable,0,1,0,0,6/15/1986,16:00,S-131,Estadio Nou Camp,León,Mexico,T-72,Soviet Union,SUN,T-06,Belgium,BEL,3–4,3,4,-1,1,1,0,0-0,0,0,away team win,0,1,0
M-1986-39,WC-1986,Brazil vs Poland,round of 16,1986 FIFA Men's World Cup,not applicable,0,1,0,0,6/16/1986,12:00,S-128,Estadio Jalisco,Guadalajara,Mexico,T-09,Brazil,BRA,T-57,Poland,POL,4–0,4,0,4,-4,0,0,0-0,0,0,home team win,1,0,0
M-1986-40,WC-1986,Argentina vs Uruguay,round of 16,1986 FIFA Men's World Cup,not applicable,0,1,0,0,6/16/1986,16:00,S-137,Estadio Cuauhtémoc,Puebla,Mexico,T-03,Argentina,ARG,T-84,Uruguay,URY,1–0,1,0,1,-1,0,0,0-0,0,0,home team win,1,0,0
M-1986-41,WC-1986,Italy vs France,round of 16,1986 FIFA Men's World Cup,not applicable,0,1,0,0,6/17/1986,12:00,S-133,Estadio Olímpico Universitario,Mexico City,Mexico,T-41,Italy,ITA,T-30,France,FRA,0–2,0,2,-2,2,0,0,0-0,0,0,away team win,0,1,0
M-1986-42,WC-1986,Morocco vs West Germany,round of 16,1986 FIFA Men's World Cup,not applicable,0,1,0,0,6/17/1986,16:00,S-135,Estadio Universitario,Monterrey,Mexico,T-47,Morocco,MAR,T-86,West Germany,DEU,0–1,0,1,-1,1,0,0,0-0,0,0,away team win,0,1,0
M-1986-43,WC-1986,England vs Paraguay,round of 16,1986 FIFA Men's World Cup,not applicable,0,1,0,0,6/18/1986,12:00,S-132,Estadio Azteca,Mexico City,Mexico,T-28,England,ENG,T-55,Paraguay,PRY,3–0,3,0,3,-3,0,0,0-0,0,0,home team win,1,0,0
M-1986-44,WC-1986,Denmark vs Spain,round of 16,1986 FIFA Men's World Cup,not applicable,0,1,0,0,6/18/1986,16:00,S-138,Estadio La Corregidora,Querétaro,Mexico,T-22,Denmark,DNK,T-73,Spain,ESP,1–5,1,5,-4,4,0,0,0-0,0,0,away team win,0,1,0
M-1986-45,WC-1986,Brazil vs France,quarter-finals,1986 FIFA Men's World Cup,not applicable,0,1,0,0,6/21/1986,12:00,S-128,Estadio Jalisco,Guadalajara,Mexico,T-09,Brazil,BRA,T-30,France,FRA,1–1,1,1,0,0,1,1,3–4,3,4,away team win,0,1,0
M-1986-46,WC-1986,West Germany vs Mexico,quarter-finals,1986 FIFA Men's World Cup,not applicable,0,1,0,0,6/21/1986,16:00,S-135,Estadio Universitario,Monterrey,Mexico,T-86,West Germany,DEU,T-46,Mexico,MEX,0–0,0,0,0,0,1,1,4–1,4,1,home team win,1,0,0
M-1986-47,WC-1986,Argentina vs England,quarter-finals,1986 FIFA Men's World Cup,not applicable,0,1,0,0,6/22/1986,12:00,S-132,Estadio Azteca,Mexico City,Mexico,T-03,Argentina,ARG,T-28,England,ENG,2–1,2,1,1,-1,0,0,0-0,0,0,home team win,1,0,0
M-1986-48,WC-1986,Spain vs Belgium,quarter-finals,1986 FIFA Men's World Cup,not applicable,0,1,0,0,6/22/1986,16:00,S-137,Estadio Cuauhtémoc,Puebla,Mexico,T-73,Spain,ESP,T-06,Belgium,BEL,1–1,1,1,0,0,1,1,4–5,4,5,away team win,0,1,0
M-1986-49,WC-1986,France vs West Germany,semi-finals,1986 FIFA Men's World Cup,not applicable,0,1,0,0,6/25/1986,12:00,S-128,Estadio Jalisco,Guadalajara,Mexico,T-30,France,FRA,T-86,West Germany,DEU,0–2,0,2,-2,2,0,0,0-0,0,0,away team win,0,1,0
M-1986-50,WC-1986,Argentina vs Belgium,semi-finals,1986 FIFA Men's World Cup,not applicable,0,1,0,0,6/25/1986,16:00,S-132,Estadio Azteca,Mexico City,Mexico,T-03,Argentina,ARG,T-06,Belgium,BEL,2–0,2,0,2,-2,0,0,0-0,0,0,home team win,1,0,0
M-1986-51,WC-1986,Belgium vs France,third-place match,1986 FIFA Men's World Cup,not applicable,0,1,0,0,6/28/1986,12:00,S-137,Estadio Cuauhtémoc,Puebla,Mexico,T-06,Belgium,BEL,T-30,France,FRA,2–4,2,4,-2,2,1,0,0-0,0,0,away team win,0,1,0
M-1986-52,WC-1986,Argentina vs West Germany,final,1986 FIFA Men's World Cup,not applicable,0,1,0,0,6/29/1986,12:00,S-132,Estadio Azteca,Mexico City,Mexico,T-03,Argentina,ARG,T-86,West Germany,DEU,3–2,3,2,1,-1,0,0,0-0,0,0,home team win,1,0,0
M-1990-01,WC-1990,Argentina vs Cameroon,group stage,1990 FIFA Men's World Cup,Group B,1,0,0,0,6/8/1990,18:00,S-107,San Siro,Milan,Italy,T-03,Argentina,ARG,T-11,Cameroon,CMR,0–1,0,1,-1,1,0,0,0-0,0,0,away team win,0,1,0
M-1990-02,WC-1990,Soviet Union vs Romania,group stage,1990 FIFA Men's World Cup,Group B,1,0,0,0,6/9/1990,17:00,S-101,Stadio San Nicola,Bari,Italy,T-72,Soviet Union,SUN,T-61,Romania,ROU,0–2,0,2,-2,2,0,0,0-0,0,0,away team win,0,1,0
M-1990-03,WC-1990,United Arab Emirates vs Colombia,group stage,1990 FIFA Men's World Cup,Group D,1,0,0,0,6/9/1990,17:00,S-102,Stadio Renato Dall'Ara,Bologna,Italy,T-82,United Arab Emirates,ARE,T-16,Colombia,COL,0–2,0,2,-2,2,0,0,0-0,0,0,away team win,0,1,0
M-1990-04,WC-1990,Italy vs Austria,group stage,1990 FIFA Men's World Cup,Group A,1,0,0,0,6/9/1990,21:00,S-112,Stadio Olimpico,Rome,Italy,T-41,Italy,ITA,T-05,Austria,AUT,1–0,1,0,1,-1,0,0,0-0,0,0,home team win,1,0,0
M-1990-05,WC-1990,United States vs Czechoslovakia,group stage,1990 FIFA Men's World Cup,Group A,1,0,0,0,6/10/1990,17:00,S-104,Stadio Comunale,Florence,Italy,T-83,United States,USA,T-21,Czechoslovakia,CSK,1–5,1,5,-4,4,0,0,0-0,0,0,away team win,0,1,0
M-1990-06,WC-1990,Brazil vs Sweden,group stage,1990 FIFA Men's World Cup,Group C,1,0,0,0,6/10/1990,21:00,S-115,Stadio delle Alpi,Turin,Italy,T-09,Brazil,BRA,T-74,Sweden,SWE,2–1,2,1,1,-1,0,0,0-0,0,0,home team win,1,0,0
M-1990-07,WC-1990,West Germany vs Yugoslavia,group stage,1990 FIFA Men's World Cup,Group D,1,0,0,0,6/10/1990,21:00,S-107,San Siro,Milan,Italy,T-86,West Germany,DEU,T-87,Yugoslavia,YUG,4–1,4,1,3,-3,0,0,0-0,0,0,home team win,1,0,0
M-1990-08,WC-1990,Costa Rica vs Scotland,group stage,1990 FIFA Men's World Cup,Group C,1,0,0,0,6/11/1990,17:00,S-106,Stadio Luigi Ferraris,Genoa,Italy,T-17,Costa Rica,CRI,T-64,Scotland,SCO,1–0,1,0,1,-1,0,0,0-0,0,0,home team win,1,0,0
M-1990-09,WC-1990,England vs Republic of Ireland,group stage,1990 FIFA Men's World Cup,Group F,1,0,0,0,6/11/1990,21:00,S-103,Stadio Sant'Elia,Cagliari,Italy,T-28,England,ENG,T-60,Republic of Ireland,IRL,1–1,1,1,0,0,0,0,0-0,0,0,draw,0,0,1
M-1990-10,WC-1990,Belgium vs South Korea,group stage,1990 FIFA Men's World Cup,Group E,1,0,0,0,6/12/1990,17:00,S-117,Stadio Marc'Antonio Bentegodi,Verona,Italy,T-06,Belgium,BEL,T-71,South Korea,KOR,2–0,2,0,2,-2,0,0,0-0,0,0,home team win,1,0,0
M-1990-11,WC-1990,Netherlands vs Egypt,group stage,1990 FIFA Men's World Cup,Group F,1,0,0,0,6/12/1990,21:00,S-110,Stadio La Favorita,Palermo,Italy,T-48,Netherlands,NLD,T-26,Egypt,EGY,1–1,1,1,0,0,0,0,0-0,0,0,draw,0,0,1
M-1990-12,WC-1990,Uruguay vs Spain,group stage,1990 FIFA Men's World Cup,Group E,1,0,0,0,6/13/1990,17:00,S-116,Stadio Friuli,Udine,Italy,T-84,Uruguay,URY,T-73,Spain,ESP,0–0,0,0,0,0,0,0,0-0,0,0,draw,0,0,1
M-1990-13,WC-1990,Argentina vs Soviet Union,group stage,1990 FIFA Men's World Cup,Group B,1,0,0,0,6/13/1990,21:00,S-109,Stadio San Paolo,Naples,Italy,T-03,Argentina,ARG,T-72,Soviet Union,SUN,2–0,2,0,2,-2,0,0,0-0,0,0,home team win,1,0,0
M-1990-14,WC-1990,Cameroon vs Romania,group stage,1990 FIFA Men's World Cup,Group B,1,0,0,0,6/14/1990,17:00,S-101,Stadio San Nicola,Bari,Italy,T-11,Cameroon,CMR,T-61,Romania,ROU,2–1,2,1,1,-1,0,0,0-0,0,0,home team win,1,0,0
M-1990-15,WC-1990,Yugoslavia vs Colombia,group stage,1990 FIFA Men's World Cup,Group D,1,0,0,0,6/14/1990,17:00,S-102,Stadio Renato Dall'Ara,Bologna,Italy,T-87,Yugoslavia,YUG,T-16,Colombia,COL,1–0,1,0,1,-1,0,0,0-0,0,0,home team win,1,0,0
M-1990-16,WC-1990,Italy vs United States,group stage,1990 FIFA Men's World Cup,Group A,1,0,0,0,6/14/1990,21:00,S-112,Stadio Olimpico,Rome,Italy,T-41,Italy,ITA,T-83,United States,USA,1–0,1,0,1,-1,0,0,0-0,0,0,home team win,1,0,0
M-1990-17,WC-1990,Austria vs Czechoslovakia,group stage,1990 FIFA Men's World Cup,Group A,1,0,0,0,6/15/1990,17:00,S-104,Stadio Comunale,Florence,Italy,T-05,Austria,AUT,T-21,Czechoslovakia,CSK,0–1,0,1,-1,1,0,0,0-0,0,0,away team win,0,1,0
M-1990-18,WC-1990,West Germany vs United Arab Emirates,group stage,1990 FIFA Men's World Cup,Group D,1,0,0,0,6/15/1990,21:00,S-107,San Siro,Milan,Italy,T-86,West Germany,DEU,T-82,United Arab Emirates,ARE,5–1,5,1,4,-4,0,0,0-0,0,0,home team win,1,0,0
M-1990-19,WC-1990,Brazil vs Costa Rica,group stage,1990 FIFA Men's World Cup,Group C,1,0,0,0,6/16/1990,17:00,S-115,Stadio delle Alpi,Turin,Italy,T-09,Brazil,BRA,T-17,Costa Rica,CRI,1–0,1,0,1,-1,0,0,0-0,0,0,home team win,1,0,0
M-1990-20,WC-1990,Sweden vs Scotland,group stage,1990 FIFA Men's World Cup,Group C,1,0,0,0,6/16/1990,21:00,S-106,Stadio Luigi Ferraris,Genoa,Italy,T-74,Sweden,SWE,T-64,Scotland,SCO,1–2,1,2,-1,1,0,0,0-0,0,0,away team win,0,1,0
M-1990-21,WC-1990,England vs Netherlands,group stage,1990 FIFA Men's World Cup,Group F,1,0,0,0,6/16/1990,21:00,S-103,Stadio Sant'Elia,Cagliari,Italy,T-28,England,ENG,T-48,Netherlands,NLD,0–0,0,0,0,0,0,0,0-0,0,0,draw,0,0,1
M-1990-22,WC-1990,Republic of Ireland vs Egypt,group stage,1990 FIFA Men's World Cup,Group F,1,0,0,0,6/17/1990,17:00,S-110,Stadio La Favorita,Palermo,Italy,T-60,Republic of Ireland,IRL,T-26,Egypt,EGY,0–0,0,0,0,0,0,0,0-0,0,0,draw,0,0,1
M-1990-23,WC-1990,Belgium vs Uruguay,group stage,1990 FIFA Men's World Cup,Group E,1,0,0,0,6/17/1990,21:00,S-117,Stadio Marc'Antonio Bentegodi,Verona,Italy,T-06,Belgium,BEL,T-84,Uruguay,URY,3–1,3,1,2,-2,0,0,0-0,0,0,home team win,1,0,0
M-1990-24,WC-1990,South Korea vs Spain,group stage,1990 FIFA Men's World Cup,Group E,1,0,0,0,6/17/1990,21:00,S-116,Stadio Friuli,Udine,Italy,T-71,South Korea,KOR,T-73,Spain,ESP,1–3,1,3,-2,2,0,0,0-0,0,0,away team win,0,1,0
M-1990-25,WC-1990,Argentina vs Romania,group stage,1990 FIFA Men's World Cup,Group B,1,0,0,0,6/18/1990,21:00,S-109,Stadio San Paolo,Naples,Italy,T-03,Argentina,ARG,T-61,Romania,ROU,1–1,1,1,0,0,0,0,0-0,0,0,draw,0,0,1
M-1990-26,WC-1990,Cameroon vs Soviet Union,group stage,1990 FIFA Men's World Cup,Group B,1,0,0,0,6/18/1990,21:00,S-101,Stadio San Nicola,Bari,Italy,T-11,Cameroon,CMR,T-72,Soviet Union,SUN,0–4,0,4,-4,4,0,0,0-0,0,0,away team win,0,1,0
M-1990-27,WC-1990,West Germany vs Colombia,group stage,1990 FIFA Men's World Cup,Group D,1,0,0,0,6/19/1990,17:00,S-107,San Siro,Milan,Italy,T-86,West Germany,DEU,T-16,Colombia,COL,1–1,1,1,0,0,0,0,0-0,0,0,draw,0,0,1
M-1990-28,WC-1990,Yugoslavia vs United Arab Emirates,group stage,1990 FIFA Men's World Cup,Group D,1,0,0,0,6/19/1990,17:00,S-102,Stadio Renato Dall'Ara,Bologna,Italy,T-87,Yugoslavia,YUG,T-82,United Arab Emirates,ARE,4–1,4,1,3,-3,0,0,0-0,0,0,home team win,1,0,0
M-1990-29,WC-1990,Austria vs United States,group stage,1990 FIFA Men's World Cup,Group A,1,0,0,0,6/19/1990,21:00,S-104,Stadio Comunale,Florence,Italy,T-05,Austria,AUT,T-83,United States,USA,2–1,2,1,1,-1,0,0,0-0,0,0,home team win,1,0,0
M-1990-30,WC-1990,Italy vs Czechoslovakia,group stage,1990 FIFA Men's World Cup,Group A,1,0,0,0,6/19/1990,21:00,S-112,Stadio Olimpico,Rome,Italy,T-41,Italy,ITA,T-21,Czechoslovakia,CSK,2–0,2,0,2,-2,0,0,0-0,0,0,home team win,1,0,0
M-1990-31,WC-1990,Brazil vs Scotland,group stage,1990 FIFA Men's World Cup,Group C,1,0,0,0,6/20/1990,21:00,S-115,Stadio delle Alpi,Turin,Italy,T-09,Brazil,BRA,T-64,Scotland,SCO,1–0,1,0,1,-1,0,0,0-0,0,0,home team win,1,0,0
M-1990-32,WC-1990,Sweden vs Costa Rica,group stage,1990 FIFA Men's World Cup,Group C,1,0,0,0,6/20/1990,21:00,S-106,Stadio Luigi Ferraris,Genoa,Italy,T-74,Sweden,SWE,T-17,Costa Rica,CRI,1–2,1,2,-1,1,0,0,0-0,0,0,away team win,0,1,0
M-1990-33,WC-1990,Belgium vs Spain,group stage,1990 FIFA Men's World Cup,Group E,1,0,0,0,6/21/1990,17:00,S-117,Stadio Marc'Antonio Bentegodi,Verona,Italy,T-06,Belgium,BEL,T-73,Spain,ESP,1–2,1,2,-1,1,0,0,0-0,0,0,away team win,0,1,0
M-1990-34,WC-1990,South Korea vs Uruguay,group stage,1990 FIFA Men's World Cup,Group E,1,0,0,0,6/21/1990,17:00,S-116,Stadio Friuli,Udine,Italy,T-71,South Korea,KOR,T-84,Uruguay,URY,0–1,0,1,-1,1,0,0,0-0,0,0,away team win,0,1,0
M-1990-35,WC-1990,England vs Egypt,group stage,1990 FIFA Men's World Cup,Group F,1,0,0,0,6/21/1990,21:00,S-103,Stadio Sant'Elia,Cagliari,Italy,T-28,England,ENG,T-26,Egypt,EGY,1–0,1,0,1,-1,0,0,0-0,0,0,home team win,1,0,0
M-1990-36,WC-1990,Republic of Ireland vs Netherlands,group stage,1990 FIFA Men's World Cup,Group F,1,0,0,0,6/21/1990,21:00,S-110,Stadio La Favorita,Palermo,Italy,T-60,Republic of Ireland,IRL,T-48,Netherlands,NLD,1–1,1,1,0,0,0,0,0-0,0,0,draw,0,0,1
M-1990-37,WC-1990,Cameroon vs Colombia,round of 16,1990 FIFA Men's World Cup,not applicable,0,1,0,0,6/23/1990,17:00,S-109,Stadio San Paolo,Naples,Italy,T-11,Cameroon,CMR,T-16,Colombia,COL,2–1,2,1,1,-1,1,0,0-0,0,0,home team win,1,0,0
M-1990-38,WC-1990,Czechoslovakia vs Costa Rica,round of 16,1990 FIFA Men's World Cup,not applicable,0,1,0,0,6/23/1990,21:00,S-101,Stadio San Nicola,Bari,Italy,T-21,Czechoslovakia,CSK,T-17,Costa Rica,CRI,4–1,4,1,3,-3,0,0,0-0,0,0,home team win,1,0,0
M-1990-39,WC-1990,Brazil vs Argentina,round of 16,1990 FIFA Men's World Cup,not applicable,0,1,0,0,6/24/1990,17:00,S-115,Stadio delle Alpi,Turin,Italy,T-09,Brazil,BRA,T-03,Argentina,ARG,0–1,0,1,-1,1,0,0,0-0,0,0,away team win,0,1,0
M-1990-40,WC-1990,West Germany vs Netherlands,round of 16,1990 FIFA Men's World Cup,not applicable,0,1,0,0,6/24/1990,21:00,S-107,San Siro,Milan,Italy,T-86,West Germany,DEU,T-48,Netherlands,NLD,2–1,2,1,1,-1,0,0,0-0,0,0,home team win,1,0,0
M-1990-41,WC-1990,Republic of Ireland vs Romania,round of 16,1990 FIFA Men's World Cup,not applicable,0,1,0,0,6/25/1990,17:00,S-106,Stadio Luigi Ferraris,Genoa,Italy,T-60,Republic of Ireland,IRL,T-61,Romania,ROU,0–0,0,0,0,0,1,1,5–4,5,4,home team win,1,0,0
M-1990-42,WC-1990,Italy vs Uruguay,round of 16,1990 FIFA Men's World Cup,not applicable,0,1,0,0,6/25/1990,21:00,S-112,Stadio Olimpico,Rome,Italy,T-41,Italy,ITA,T-84,Uruguay,URY,2–0,2,0,2,-2,0,0,0-0,0,0,home team win,1,0,0
M-1990-43,WC-1990,Spain vs Yugoslavia,round of 16,1990 FIFA Men's World Cup,not applicable,0,1,0,0,6/26/1990,17:00,S-117,Stadio Marc'Antonio Bentegodi,Verona,Italy,T-73,Spain,ESP,T-87,Yugoslavia,YUG,1–2,1,2,-1,1,1,0,0-0,0,0,away team win,0,1,0
M-1990-44,WC-1990,England vs Belgium,round of 16,1990 FIFA Men's World Cup,not applicable,0,1,0,0,6/26/1990,21:00,S-102,Stadio Renato Dall'Ara,Bologna,Italy,T-28,England,ENG,T-06,Belgium,BEL,1–0,1,0,1,-1,1,0,0-0,0,0,home team win,1,0,0
M-1990-45,WC-1990,Argentina vs Yugoslavia,quarter-finals,1990 FIFA Men's World Cup,not applicable,0,1,0,0,6/30/1990,17:00,S-104,Stadio Comunale,Florence,Italy,T-03,Argentina,ARG,T-87,Yugoslavia,YUG,0–0,0,0,0,0,1,1,3–2,3,2,home team win,1,0,0
M-1990-46,WC-1990,Republic of Ireland vs Italy,quarter-finals,1990 FIFA Men's World Cup,not applicable,0,1,0,0,6/30/1990,21:00,S-112,Stadio Olimpico,Rome,Italy,T-60,Republic of Ireland,IRL,T-41,Italy,ITA,0–1,0,1,-1,1,0,0,0-0,0,0,away team win,0,1,0
M-1990-47,WC-1990,Czechoslovakia vs West Germany,quarter-finals,1990 FIFA Men's World Cup,not applicable,0,1,0,0,7/1/1990,17:00,S-107,San Siro,Milan,Italy,T-21,Czechoslovakia,CSK,T-86,West Germany,DEU,0–1,0,1,-1,1,0,0,0-0,0,0,away team win,0,1,0
M-1990-48,WC-1990,Cameroon vs England,quarter-finals,1990 FIFA Men's World Cup,not applicable,0,1,0,0,7/1/1990,21:00,S-109,Stadio San Paolo,Naples,Italy,T-11,Cameroon,CMR,T-28,England,ENG,2–3,2,3,-1,1,1,0,0-0,0,0,away team win,0,1,0
M-1990-49,WC-1990,Argentina vs Italy,semi-finals,1990 FIFA Men's World Cup,not applicable,0,1,0,0,7/3/1990,20:00,S-109,Stadio San Paolo,Naples,Italy,T-03,Argentina,ARG,T-41,Italy,ITA,1–1,1,1,0,0,1,1,4–3,4,3,home team win,1,0,0
M-1990-50,WC-1990,West Germany vs England,semi-finals,1990 FIFA Men's World Cup,not applicable,0,1,0,0,7/4/1990,20:00,S-115,Stadio delle Alpi,Turin,Italy,T-86,West Germany,DEU,T-28,England,ENG,1–1,1,1,0,0,1,1,4–3,4,3,home team win,1,0,0
M-1990-51,WC-1990,Italy vs England,third-place match,1990 FIFA Men's World Cup,not applicable,0,1,0,0,7/7/1990,20:00,S-101,Stadio San Nicola,Bari,Italy,T-41,Italy,ITA,T-28,England,ENG,2–1,2,1,1,-1,0,0,0-0,0,0,home team win,1,0,0
M-1990-52,WC-1990,West Germany vs Argentina,final,1990 FIFA Men's World Cup,not applicable,0,1,0,0,7/8/1990,20:00,S-112,Stadio Olimpico,Rome,Italy,T-86,West Germany,DEU,T-03,Argentina,ARG,1–0,1,0,1,-1,0,0,0-0,0,0,home team win,1,0,0
M-1991-01,WC-1991,China vs Norway,group stage,1991 FIFA Women's World Cup,Group A,1,0,0,0,11/16/1991,20:45,S-038,Tainhe Stadium,Guangzhou,China,T-14,China,CHN,T-53,Norway,NOR,4–0,4,0,4,-4,0,0,0-0,0,0,home team win,1,0,0
M-1991-02,WC-1991,Germany vs Nigeria,group stage,1991 FIFA Women's World Cup,Group C,1,0,0,0,11/17/1991,15:30,S-042,Jiangmen Stadium,Jiangmen,China,T-31,Germany,DEU,T-50,Nigeria,NGA,4–0,4,0,4,-4,0,0,0-0,0,0,home team win,1,0,0
M-1991-03,WC-1991,Denmark vs New Zealand,group stage,1991 FIFA Women's World Cup,Group A,1,0,0,0,11/17/1991,19:45,S-038,Tainhe Stadium,Guangzhou,China,T-22,Denmark,DNK,T-49,New Zealand,NZL,3–0,3,0,3,-3,0,0,0-0,0,0,home team win,1,0,0
M-1991-04,WC-1991,Japan vs Brazil,group stage,1991 FIFA Women's World Cup,Group B,1,0,0,0,11/17/1991,19:45,S-035,New Plaza Stadium,Foshan,China,T-44,Japan,JPN,T-09,Brazil,BRA,0–1,0,1,-1,1,0,0,0-0,0,0,away team win,0,1,0
M-1991-05,WC-1991,Sweden vs United States,group stage,1991 FIFA Women's World Cup,Group B,1,0,0,0,11/17/1991,19:45,S-040,Ying Tung Stadium,Guangzhou,China,T-74,Sweden,SWE,T-83,United States,USA,2–3,2,3,-1,1,0,0,0-0,0,0,away team win,0,1,0
M-1991-06,WC-1991,Chinese Taipei vs Italy,group stage,1991 FIFA Women's World Cup,Group C,1,0,0,0,11/17/1991,19:45,S-042,Jiangmen Stadium,Jiangmen,China,T-15,Chinese Taipei,TWN,T-41,Italy,ITA,0–5,0,5,-5,5,0,0,0-0,0,0,away team win,0,1,0
M-1991-07,WC-1991,Norway vs New Zealand,group stage,1991 FIFA Women's World Cup,Group A,1,0,0,0,11/19/1991,15:30,S-036,Gaungdong Provincial Stadium,Guangzhou,China,T-53,Norway,NOR,T-49,New Zealand,NZL,4–0,4,0,4,-4,0,0,0-0,0,0,home team win,1,0,0
M-1991-08,WC-1991,Italy vs Nigeria,group stage,1991 FIFA Women's World Cup,Group C,1,0,0,0,11/19/1991,15:30,S-046,Zhongshan Stadium,Zhongshan,China,T-41,Italy,ITA,T-50,Nigeria,NGA,1–0,1,0,1,-1,0,0,0-0,0,0,home team win,1,0,0
M-1991-09,WC-1991,China vs Denmark,group stage,1991 FIFA Women's World Cup,Group A,1,0,0,0,11/19/1991,19:45,S-036,Gaungdong Provincial Stadium,Guangzhou,China,T-14,China,CHN,T-22,Denmark,DNK,2–2,2,2,0,0,0,0,0-0,0,0,draw,0,0,1
M-1991-10,WC-1991,Brazil vs United States,group stage,1991 FIFA Women's World Cup,Group B,1,0,0,0,11/19/1991,19:45,S-040,Ying Tung Stadium,Guangzhou,China,T-09,Brazil,BRA,T-83,United States,USA,0–5,0,5,-5,5,0,0,0-0,0,0,away team win,0,1,0
M-1991-11,WC-1991,Japan vs Sweden,group stage,1991 FIFA Women's World Cup,Group B,1,0,0,0,11/19/1991,19:45,S-035,New Plaza Stadium,Foshan,China,T-44,Japan,JPN,T-74,Sweden,SWE,0–8,0,8,-8,8,0,0,0-0,0,0,away team win,0,1,0
M-1991-12,WC-1991,Chinese Taipei vs Germany,group stage,1991 FIFA Women's World Cup,Group C,1,0,0,0,11/19/1991,19:45,S-046,Zhongshan Stadium,Zhongshan,China,T-15,Chinese Taipei,TWN,T-31,Germany,DEU,0–3,0,3,-3,3,0,0,0-0,0,0,away team win,0,1,0
M-1991-13,WC-1991,Brazil vs Sweden,group stage,1991 FIFA Women's World Cup,Group B,1,0,0,0,11/21/1991,15:30,S-040,Ying Tung Stadium,Guangzhou,China,T-09,Brazil,BRA,T-74,Sweden,SWE,0–2,0,2,-2,2,0,0,0-0,0,0,away team win,0,1,0
M-1991-14,WC-1991,Japan vs United States,group stage,1991 FIFA Women's World Cup,Group B,1,0,0,0,11/21/1991,15:30,S-035,New Plaza Stadium,Foshan,China,T-44,Japan,JPN,T-83,United States,USA,0–3,0,3,-3,3,0,0,0-0,0,0,away team win,0,1,0
M-1991-15,WC-1991,China vs New Zealand,group stage,1991 FIFA Women's World Cup,Group A,1,0,0,0,11/21/1991,19:45,S-035,New Plaza Stadium,Foshan,China,T-14,China,CHN,T-49,New Zealand,NZL,4–1,4,1,3,-3,0,0,0-0,0,0,home team win,1,0,0
M-1991-16,WC-1991,Norway vs Denmark,group stage,1991 FIFA Women's World Cup,Group A,1,0,0,0,11/21/1991,19:45,S-035,New Plaza Stadium,Foshan,China,T-53,Norway,NOR,T-22,Denmark,DNK,2–1,2,1,1,-1,0,0,0-0,0,0,home team win,1,0,0
M-1991-17,WC-1991,Chinese Taipei vs Nigeria,group stage,1991 FIFA Women's World Cup,Group C,1,0,0,0,11/21/1991,19:45,S-042,Jiangmen Stadium,Jiangmen,China,T-15,Chinese Taipei,TWN,T-50,Nigeria,NGA,2–0,2,0,2,-2,0,0,0-0,0,0,home team win,1,0,0
M-1991-18,WC-1991,Italy vs Germany,group stage,1991 FIFA Women's World Cup,Group C,1,0,0,0,11/21/1991,19:45,S-046,Zhongshan Stadium,Zhongshan,China,T-41,Italy,ITA,T-31,Germany,DEU,0–2,0,2,-2,2,0,0,0-0,0,0,away team win,0,1,0
M-1991-19,WC-1991,Denmark vs Germany,quarter-final,1991 FIFA Women's World Cup,not applicable,0,1,0,0,11/24/1991,15:30,S-046,Zhongshan Stadium,Zhongshan,China,T-22,Denmark,DNK,T-31,Germany,DEU,1–2,1,2,-1,1,1,0,0-0,0,0,away team win,0,1,0
M-1991-20,WC-1991,China vs Sweden,quarter-final,1991 FIFA Women's World Cup,not applicable,0,1,0,0,11/24/1991,19:45,S-039,Tianhe Stadium,Guangzhou,China,T-14,China,CHN,T-74,Sweden,SWE,0–1,0,1,-1,1,0,0,0-0,0,0,away team win,0,1,0
M-1991-21,WC-1991,Norway vs Italy,quarter-final,1991 FIFA Women's World Cup,not applicable,0,1,0,0,11/24/1991,19:45,S-042,Jiangmen Stadium,Jiangmen,China,T-53,Norway,NOR,T-41,Italy,ITA,3–2,3,2,1,-1,1,0,0-0,0,0,home team win,1,0,0
M-1991-22,WC-1991,United States vs Chinese Taipei,quarter-final,1991 FIFA Women's World Cup,not applicable,0,1,0,0,11/24/1991,19:45,S-035,New Plaza Stadium,Foshan,China,T-83,United States,USA,T-15,Chinese Taipei,TWN,7–0,7,0,7,-7,0,0,0-0,0,0,home team win,1,0,0
M-1991-23,WC-1991,Sweden vs Norway,semi-final,1991 FIFA Women's World Cup,not applicable,0,1,0,0,11/27/1991,15:30,S-040,Ying Tung Stadium,Guangzhou,China,T-74,Sweden,SWE,T-53,Norway,NOR,1–4,1,4,-3,3,0,0,0-0,0,0,away team win,0,1,0
M-1991-24,WC-1991,Germany vs United States,semi-final,1991 FIFA Women's World Cup,not applicable,0,1,0,0,11/27/1991,19:45,S-037,Guangdong Provincial Stadium,Guangzhou,China,T-31,Germany,DEU,T-83,United States,USA,2–5,2,5,-3,3,0,0,0-0,0,0,away team win,0,1,0
M-1991-25,WC-1991,Sweden vs Germany,third-place match,1991 FIFA Women's World Cup,not applicable,0,1,0,0,11/29/1991,19:45,S-036,Gaungdong Provincial Stadium,Guangzhou,China,T-74,Sweden,SWE,T-31,Germany,DEU,4–0,4,0,4,-4,0,0,0-0,0,0,home team win,1,0,0
M-1991-26,WC-1991,Norway vs United States,final,1991 FIFA Women's World Cup,not applicable,0,1,0,0,11/30/1991,19:45,S-039,Tianhe Stadium,Guangzhou,China,T-53,Norway,NOR,T-83,United States,USA,1–2,1,2,-1,1,0,0,0-0,0,0,away team win,0,1,0
M-1994-01,WC-1994,Germany vs Bolivia,group stage,1994 FIFA Men's World Cup,Group C,1,0,0,0,6/17/1994,14:00,S-219,Soldier Field,Chicago,United States,T-31,Germany,DEU,T-07,Bolivia,BOL,1–0,1,0,1,-1,0,0,0-0,0,0,home team win,1,0,0
M-1994-02,WC-1994,Spain vs South Korea,group stage,1994 FIFA Men's World Cup,Group C,1,0,0,0,6/17/1994,18:30,S-221,Cotton Bowl,Dallas,United States,T-73,Spain,ESP,T-71,South Korea,KOR,2–2,2,2,0,0,0,0,0-0,0,0,draw,0,0,1
M-1994-03,WC-1994,United States vs Switzerland,group stage,1994 FIFA Men's World Cup,Group A,1,0,0,0,6/18/1994,11:30,S-230,Pontiac Silverdome,Pontiac,United States,T-83,United States,USA,T-75,Switzerland,CHE,1–1,1,1,0,0,0,0,0-0,0,0,draw,0,0,1
M-1994-04,WC-1994,Italy vs Republic of Ireland,group stage,1994 FIFA Men's World Cup,Group E,1,0,0,0,6/18/1994,16:00,S-222,Giants Stadium,East Rutherford,United States,T-41,Italy,ITA,T-60,Republic of Ireland,IRL,0–1,0,1,-1,1,0,0,0-0,0,0,away team win,0,1,0
M-1994-05,WC-1994,Colombia vs Romania,group stage,1994 FIFA Men's World Cup,Group A,1,0,0,0,6/18/1994,16:30,S-228,Rose Bowl,Pasadena,United States,T-16,Colombia,COL,T-61,Romania,ROU,1–3,1,3,-2,2,0,0,0-0,0,0,away team win,0,1,0
M-1994-06,WC-1994,Belgium vs Morocco,group stage,1994 FIFA Men's World Cup,Group F,1,0,0,0,6/19/1994,12:30,S-227,Citrus Bowl,Orlando,United States,T-06,Belgium,BEL,T-47,Morocco,MAR,1–0,1,0,1,-1,0,0,0-0,0,0,home team win,1,0,0
M-1994-07,WC-1994,Norway vs Mexico,group stage,1994 FIFA Men's World Cup,Group E,1,0,0,0,6/19/1994,16:00,S-237,RFK Stadium,"Washington, D.C.",United States,T-53,Norway,NOR,T-46,Mexico,MEX,1–0,1,0,1,-1,0,0,0-0,0,0,home team win,1,0,0
M-1994-08,WC-1994,Cameroon vs Sweden,group stage,1994 FIFA Men's World Cup,Group B,1,0,0,0,6/19/1994,16:30,S-228,Rose Bowl,Pasadena,United States,T-11,Cameroon,CMR,T-74,Sweden,SWE,2–2,2,2,0,0,0,0,0-0,0,0,draw,0,0,1
M-1994-09,WC-1994,Brazil vs Russia,group stage,1994 FIFA Men's World Cup,Group B,1,0,0,0,6/20/1994,13:00,S-235,Stanford Stadium,Stanford,United States,T-09,Brazil,BRA,T-62,Russia,RUS,2–0,2,0,2,-2,0,0,0-0,0,0,home team win,1,0,0
M-1994-10,WC-1994,Netherlands vs Saudi Arabia,group stage,1994 FIFA Men's World Cup,Group F,1,0,0,0,6/20/1994,19:30,S-237,RFK Stadium,"Washington, D.C.",United States,T-48,Netherlands,NLD,T-63,Saudi Arabia,SAU,2–1,2,1,1,-1,0,0,0-0,0,0,home team win,1,0,0
M-1994-11,WC-1994,Argentina vs Greece,group stage,1994 FIFA Men's World Cup,Group D,1,0,0,0,6/21/1994,12:30,S-223,Foxboro Stadium,Foxborough,United States,T-03,Argentina,ARG,T-33,Greece,GRC,4–0,4,0,4,-4,0,0,0-0,0,0,home team win,1,0,0
M-1994-12,WC-1994,Germany vs Spain,group stage,1994 FIFA Men's World Cup,Group C,1,0,0,0,6/21/1994,15:00,S-219,Soldier Field,Chicago,United States,T-31,Germany,DEU,T-73,Spain,ESP,1–1,1,1,0,0,0,0,0-0,0,0,draw,0,0,1
M-1994-13,WC-1994,Nigeria vs Bulgaria,group stage,1994 FIFA Men's World Cup,Group D,1,0,0,0,6/21/1994,18:30,S-221,Cotton Bowl,Dallas,United States,T-50,Nigeria,NGA,T-10,Bulgaria,BGR,3–0,3,0,3,-3,0,0,0-0,0,0,home team win,1,0,0
M-1994-14,WC-1994,Romania vs Switzerland,group stage,1994 FIFA Men's World Cup,Group A,1,0,0,0,6/22/1994,16:00,S-230,Pontiac Silverdome,Pontiac,United States,T-61,Romania,ROU,T-75,Switzerland,CHE,1–4,1,4,-3,3,0,0,0-0,0,0,away team win,0,1,0
M-1994-15,WC-1994,United States vs Colombia,group stage,1994 FIFA Men's World Cup,Group A,1,0,0,0,6/22/1994,16:30,S-228,Rose Bowl,Pasadena,United States,T-83,United States,USA,T-16,Colombia,COL,2–1,2,1,1,-1,0,0,0-0,0,0,home team win,1,0,0
M-1994-16,WC-1994,Italy vs Norway,group stage,1994 FIFA Men's World Cup,Group E,1,0,0,0,6/23/1994,16:00,S-222,Giants Stadium,East Rutherford,United States,T-41,Italy,ITA,T-53,Norway,NOR,1–0,1,0,1,-1,0,0,0-0,0,0,home team win,1,0,0
M-1994-17,WC-1994,South Korea vs Bolivia,group stage,1994 FIFA Men's World Cup,Group C,1,0,0,0,6/23/1994,19:30,S-223,Foxboro Stadium,Foxborough,United States,T-71,South Korea,KOR,T-07,Bolivia,BOL,0–0,0,0,0,0,0,0,0-0,0,0,draw,0,0,1
M-1994-18,WC-1994,Mexico vs Republic of Ireland,group stage,1994 FIFA Men's World Cup,Group E,1,0,0,0,6/24/1994,12:30,S-227,Citrus Bowl,Orlando,United States,T-46,Mexico,MEX,T-60,Republic of Ireland,IRL,2–1,2,1,1,-1,0,0,0-0,0,0,home team win,1,0,0
M-1994-19,WC-1994,Brazil vs Cameroon,group stage,1994 FIFA Men's World Cup,Group B,1,0,0,0,6/24/1994,13:00,S-235,Stanford Stadium,Stanford,United States,T-09,Brazil,BRA,T-11,Cameroon,CMR,3–0,3,0,3,-3,0,0,0-0,0,0,home team win,1,0,0
M-1994-20,WC-1994,Sweden vs Russia,group stage,1994 FIFA Men's World Cup,Group B,1,0,0,0,6/24/1994,19:30,S-230,Pontiac Silverdome,Pontiac,United States,T-74,Sweden,SWE,T-62,Russia,RUS,3–1,3,1,2,-2,0,0,0-0,0,0,home team win,1,0,0
M-1994-21,WC-1994,Belgium vs Netherlands,group stage,1994 FIFA Men's World Cup,Group F,1,0,0,0,6/25/1994,12:30,S-227,Citrus Bowl,Orlando,United States,T-06,Belgium,BEL,T-48,Netherlands,NLD,1–0,1,0,1,-1,0,0,0-0,0,0,home team win,1,0,0
M-1994-22,WC-1994,Saudi Arabia vs Morocco,group stage,1994 FIFA Men's World Cup,Group F,1,0,0,0,6/25/1994,12:30,S-222,Giants Stadium,East Rutherford,United States,T-63,Saudi Arabia,SAU,T-47,Morocco,MAR,2–1,2,1,1,-1,0,0,0-0,0,0,home team win,1,0,0
M-1994-23,WC-1994,Argentina vs Nigeria,group stage,1994 FIFA Men's World Cup,Group D,1,0,0,0,6/25/1994,16:00,S-223,Foxboro Stadium,Foxborough,United States,T-03,Argentina,ARG,T-50,Nigeria,NGA,2–1,2,1,1,-1,0,0,0-0,0,0,home team win,1,0,0
M-1994-24,WC-1994,Bulgaria vs Greece,group stage,1994 FIFA Men's World Cup,Group D,1,0,0,0,6/26/1994,11:30,S-219,Soldier Field,Chicago,United States,T-10,Bulgaria,BGR,T-33,Greece,GRC,4–0,4,0,4,-4,0,0,0-0,0,0,home team win,1,0,0
M-1994-25,WC-1994,Switzerland vs Colombia,group stage,1994 FIFA Men's World Cup,Group A,1,0,0,0,6/26/1994,13:00,S-235,Stanford Stadium,Stanford,United States,T-75,Switzerland,CHE,T-16,Colombia,COL,0–2,0,2,-2,2,0,0,0-0,0,0,away team win,0,1,0
M-1994-26,WC-1994,United States vs Romania,group stage,1994 FIFA Men's World Cup,Group A,1,0,0,0,6/26/1994,13:00,S-228,Rose Bowl,Pasadena,United States,T-83,United States,USA,T-61,Romania,ROU,0–1,0,1,-1,1,0,0,0-0,0,0,away team win,0,1,0
M-1994-27,WC-1994,Bolivia vs Spain,group stage,1994 FIFA Men's World Cup,Group C,1,0,0,0,6/27/1994,15:00,S-219,Soldier Field,Chicago,United States,T-07,Bolivia,BOL,T-73,Spain,ESP,1–3,1,3,-2,2,0,0,0-0,0,0,away team win,0,1,0
M-1994-28,WC-1994,Germany vs South Korea,group stage,1994 FIFA Men's World Cup,Group C,1,0,0,0,6/27/1994,15:00,S-221,Cotton Bowl,Dallas,United States,T-31,Germany,DEU,T-71,South Korea,KOR,3–2,3,2,1,-1,0,0,0-0,0,0,home team win,1,0,0
M-1994-29,WC-1994,Italy vs Mexico,group stage,1994 FIFA Men's World Cup,Group E,1,0,0,0,6/28/1994,12:30,S-237,RFK Stadium,"Washington, D.C.",United States,T-41,Italy,ITA,T-46,Mexico,MEX,1–1,1,1,0,0,0,0,0-0,0,0,draw,0,0,1
M-1994-30,WC-1994,Republic of Ireland vs Norway,group stage,1994 FIFA Men's World Cup,Group E,1,0,0,0,6/28/1994,12:30,S-222,Giants Stadium,East Rutherford,United States,T-60,Republic of Ireland,IRL,T-53,Norway,NOR,0–0,0,0,0,0,0,0,0-0,0,0,draw,0,0,1
M-1994-31,WC-1994,Russia vs Cameroon,group stage,1994 FIFA Men's World Cup,Group B,1,0,0,0,6/28/1994,13:00,S-235,Stanford Stadium,Stanford,United States,T-62,Russia,RUS,T-11,Cameroon,CMR,6–1,6,1,5,-5,0,0,0-0,0,0,home team win,1,0,0
M-1994-32,WC-1994,Brazil vs Sweden,group stage,1994 FIFA Men's World Cup,Group B,1,0,0,0,6/28/1994,16:00,S-230,Pontiac Silverdome,Pontiac,United States,T-09,Brazil,BRA,T-74,Sweden,SWE,1–1,1,1,0,0,0,0,0-0,0,0,draw,0,0,1
M-1994-33,WC-1994,Belgium vs Saudi Arabia,group stage,1994 FIFA Men's World Cup,Group F,1,0,0,0,6/29/1994,12:30,S-237,RFK Stadium,"Washington, D.C.",United States,T-06,Belgium,BEL,T-63,Saudi Arabia,SAU,0–1,0,1,-1,1,0,0,0-0,0,0,away team win,0,1,0
M-1994-34,WC-1994,Morocco vs Netherlands,group stage,1994 FIFA Men's World Cup,Group F,1,0,0,0,6/29/1994,12:30,S-227,Citrus Bowl,Orlando,United States,T-47,Morocco,MAR,T-48,Netherlands,NLD,1–2,1,2,-1,1,0,0,0-0,0,0,away team win,0,1,0
M-1994-35,WC-1994,Argentina vs Bulgaria,group stage,1994 FIFA Men's World Cup,Group D,1,0,0,0,6/30/1994,18:30,S-221,Cotton Bowl,Dallas,United States,T-03,Argentina,ARG,T-10,Bulgaria,BGR,0–2,0,2,-2,2,0,0,0-0,0,0,away team win,0,1,0
M-1994-36,WC-1994,Greece vs Nigeria,group stage,1994 FIFA Men's World Cup,Group D,1,0,0,0,6/30/1994,19:30,S-223,Foxboro Stadium,Foxborough,United States,T-33,Greece,GRC,T-50,Nigeria,NGA,0–2,0,2,-2,2,0,0,0-0,0,0,away team win,0,1,0
M-1994-37,WC-1994,Germany vs Belgium,round of 16,1994 FIFA Men's World Cup,not applicable,0,1,0,0,7/2/1994,12:00,S-219,Soldier Field,Chicago,United States,T-31,Germany,DEU,T-06,Belgium,BEL,3–2,3,2,1,-1,0,0,0-0,0,0,home team win,1,0,0
M-1994-38,WC-1994,Spain vs Switzerland,round of 16,1994 FIFA Men's World Cup,not applicable,0,1,0,0,7/2/1994,16:30,S-237,RFK Stadium,"Washington, D.C.",United States,T-73,Spain,ESP,T-75,Switzerland,CHE,3–0,3,0,3,-3,0,0,0-0,0,0,home team win,1,0,0
M-1994-39,WC-1994,Saudi Arabia vs Sweden,round of 16,1994 FIFA Men's World Cup,not applicable,0,1,0,0,7/3/1994,12:00,S-221,Cotton Bowl,Dallas,United States,T-63,Saudi Arabia,SAU,T-74,Sweden,SWE,1–3,1,3,-2,2,0,0,0-0,0,0,away team win,0,1,0
M-1994-40,WC-1994,Romania vs Argentina,round of 16,1994 FIFA Men's World Cup,not applicable,0,1,0,0,7/3/1994,13:30,S-228,Rose Bowl,Pasadena,United States,T-61,Romania,ROU,T-03,Argentina,ARG,3–2,3,2,1,-1,0,0,0-0,0,0,home team win,1,0,0
M-1994-41,WC-1994,Netherlands vs Republic of Ireland,round of 16,1994 FIFA Men's World Cup,not applicable,0,1,0,0,7/4/1994,12:00,S-227,Citrus Bowl,Orlando,United States,T-48,Netherlands,NLD,T-60,Republic of Ireland,IRL,2–0,2,0,2,-2,0,0,0-0,0,0,home team win,1,0,0
M-1994-42,WC-1994,Brazil vs United States,round of 16,1994 FIFA Men's World Cup,not applicable,0,1,0,0,7/4/1994,12:30,S-235,Stanford Stadium,Stanford,United States,T-09,Brazil,BRA,T-83,United States,USA,1–0,1,0,1,-1,0,0,0-0,0,0,home team win,1,0,0
M-1994-43,WC-1994,Nigeria vs Italy,round of 16,1994 FIFA Men's World Cup,not applicable,0,1,0,0,7/5/1994,13:00,S-223,Foxboro Stadium,Foxborough,United States,T-50,Nigeria,NGA,T-41,Italy,ITA,1–2,1,2,-1,1,1,0,0-0,0,0,away team win,0,1,0
M-1994-44,WC-1994,Mexico vs Bulgaria,round of 16,1994 FIFA Men's World Cup,not applicable,0,1,0,0,7/5/1994,16:30,S-222,Giants Stadium,East Rutherford,United States,T-46,Mexico,MEX,T-10,Bulgaria,BGR,1–1,1,1,0,0,1,1,1–3,1,3,away team win,0,1,0
M-1994-45,WC-1994,Italy vs Spain,quarter-finals,1994 FIFA Men's World Cup,not applicable,0,1,0,0,7/9/1994,12:00,S-223,Foxboro Stadium,Foxborough,United States,T-41,Italy,ITA,T-73,Spain,ESP,2–1,2,1,1,-1,0,0,0-0,0,0,home team win,1,0,0
M-1994-46,WC-1994,Netherlands vs Brazil,quarter-finals,1994 FIFA Men's World Cup,not applicable,0,1,0,0,7/9/1994,14:30,S-221,Cotton Bowl,Dallas,United States,T-48,Netherlands,NLD,T-09,Brazil,BRA,2–3,2,3,-1,1,0,0,0-0,0,0,away team win,0,1,0
M-1994-47,WC-1994,Bulgaria vs Germany,quarter-finals,1994 FIFA Men's World Cup,not applicable,0,1,0,0,7/10/1994,12:00,S-222,Giants Stadium,East Rutherford,United States,T-10,Bulgaria,BGR,T-31,Germany,DEU,2–1,2,1,1,-1,0,0,0-0,0,0,home team win,1,0,0
M-1994-48,WC-1994,Romania vs Sweden,quarter-finals,1994 FIFA Men's World Cup,not applicable,0,1,0,0,7/10/1994,12:30,S-235,Stanford Stadium,Stanford,United States,T-61,Romania,ROU,T-74,Sweden,SWE,2–2,2,2,0,0,1,1,4–5,4,5,away team win,0,1,0
M-1994-49,WC-1994,Bulgaria vs Italy,semi-finals,1994 FIFA Men's World Cup,not applicable,0,1,0,0,7/13/1994,16:00,S-222,Giants Stadium,East Rutherford,United States,T-10,Bulgaria,BGR,T-41,Italy,ITA,1–2,1,2,-1,1,0,0,0-0,0,0,away team win,0,1,0
M-1994-50,WC-1994,Sweden vs Brazil,semi-finals,1994 FIFA Men's World Cup,not applicable,0,1,0,0,7/13/1994,16:30,S-228,Rose Bowl,Pasadena,United States,T-74,Sweden,SWE,T-09,Brazil,BRA,0–1,0,1,-1,1,0,0,0-0,0,0,away team win,0,1,0
M-1994-51,WC-1994,Sweden vs Bulgaria,third-place match,1994 FIFA Men's World Cup,not applicable,0,1,0,0,7/16/1994,12:30,S-228,Rose Bowl,Pasadena,United States,T-74,Sweden,SWE,T-10,Bulgaria,BGR,4–0,4,0,4,-4,0,0,0-0,0,0,home team win,1,0,0
M-1994-52,WC-1994,Brazil vs Italy,final,1994 FIFA Men's World Cup,not applicable,0,1,0,0,7/17/1994,12:30,S-228,Rose Bowl,Pasadena,United States,T-09,Brazil,BRA,T-41,Italy,ITA,0–0,0,0,0,0,1,1,3–2,3,2,home team win,1,0,0
M-1995-01,WC-1995,Germany vs Japan,group stage,1995 FIFA Women's World Cup,Group A,1,0,0,0,6/5/1995,14:00,S-203,Tingvalla IP,Karlstad,Sweden,T-31,Germany,DEU,T-44,Japan,JPN,1–0,1,0,1,-1,0,0,0-0,0,0,home team win,1,0,0
M-1995-02,WC-1995,Sweden vs Brazil,group stage,1995 FIFA Women's World Cup,Group A,1,0,0,0,6/5/1995,18:00,S-202,Olympia,Helsingborg,Sweden,T-74,Sweden,SWE,T-09,Brazil,BRA,0–1,0,1,-1,1,0,0,0-0,0,0,away team win,0,1,0
M-1995-03,WC-1995,England vs Canada,group stage,1995 FIFA Women's World Cup,Group B,1,0,0,0,6/6/1995,19:00,S-202,Olympia,Helsingborg,Sweden,T-28,England,ENG,T-12,Canada,CAN,3–2,3,2,1,-1,0,0,0-0,0,0,home team win,1,0,0
M-1995-04,WC-1995,Norway vs Nigeria,group stage,1995 FIFA Women's World Cup,Group B,1,0,0,0,6/6/1995,19:00,S-203,Tingvalla IP,Karlstad,Sweden,T-53,Norway,NOR,T-50,Nigeria,NGA,8–0,8,0,8,-8,0,0,0-0,0,0,home team win,1,0,0
M-1995-05,WC-1995,Denmark vs Australia,group stage,1995 FIFA Women's World Cup,Group C,1,0,0,0,6/6/1995,19:00,S-210,Arosvallen,Västerås,Sweden,T-22,Denmark,DNK,T-04,Australia,AUS,5–0,5,0,5,-5,0,0,0-0,0,0,home team win,1,0,0
M-1995-06,WC-1995,United States vs China,group stage,1995 FIFA Women's World Cup,Group C,1,0,0,0,6/6/1995,19:00,S-199,Strömvallen,Gävle,Sweden,T-83,United States,USA,T-14,China,CHN,3–3,3,3,0,0,0,0,0-0,0,0,draw,0,0,1
M-1995-07,WC-1995,Brazil vs Japan,group stage,1995 FIFA Women's World Cup,Group A,1,0,0,0,6/7/1995,19:00,S-203,Tingvalla IP,Karlstad,Sweden,T-09,Brazil,BRA,T-44,Japan,JPN,1–2,1,2,-1,1,0,0,0-0,0,0,away team win,0,1,0
M-1995-08,WC-1995,Sweden vs Germany,group stage,1995 FIFA Women's World Cup,Group A,1,0,0,0,6/7/1995,19:00,S-202,Olympia,Helsingborg,Sweden,T-74,Sweden,SWE,T-31,Germany,DEU,3–2,3,2,1,-1,0,0,0-0,0,0,home team win,1,0,0
M-1995-09,WC-1995,Nigeria vs Canada,group stage,1995 FIFA Women's World Cup,Group B,1,0,0,0,6/8/1995,19:00,S-202,Olympia,Helsingborg,Sweden,T-50,Nigeria,NGA,T-12,Canada,CAN,3–3,3,3,0,0,0,0,0-0,0,0,draw,0,0,1
M-1995-10,WC-1995,Norway vs England,group stage,1995 FIFA Women's World Cup,Group B,1,0,0,0,6/8/1995,19:00,S-203,Tingvalla IP,Karlstad,Sweden,T-53,Norway,NOR,T-28,England,ENG,2–0,2,0,2,-2,0,0,0-0,0,0,home team win,1,0,0
M-1995-11,WC-1995,China vs Australia,group stage,1995 FIFA Women's World Cup,Group C,1,0,0,0,6/8/1995,19:00,S-210,Arosvallen,Västerås,Sweden,T-14,China,CHN,T-04,Australia,AUS,4–2,4,2,2,-2,0,0,0-0,0,0,home team win,1,0,0
M-1995-12,WC-1995,United States vs Denmark,group stage,1995 FIFA Women's World Cup,Group C,1,0,0,0,6/8/1995,19:00,S-199,Strömvallen,Gävle,Sweden,T-83,United States,USA,T-22,Denmark,DNK,2–0,2,0,2,-2,0,0,0-0,0,0,home team win,1,0,0
M-1995-13,WC-1995,Brazil vs Germany,group stage,1995 FIFA Women's World Cup,Group A,1,0,0,0,6/9/1995,19:00,S-203,Tingvalla IP,Karlstad,Sweden,T-09,Brazil,BRA,T-31,Germany,DEU,1–6,1,6,-5,5,0,0,0-0,0,0,away team win,0,1,0
M-1995-14,WC-1995,Sweden vs Japan,group stage,1995 FIFA Women's World Cup,Group A,1,0,0,0,6/9/1995,19:00,S-210,Arosvallen,Västerås,Sweden,T-74,Sweden,SWE,T-44,Japan,JPN,2–0,2,0,2,-2,0,0,0-0,0,0,home team win,1,0,0
M-1995-15,WC-1995,Nigeria vs England,group stage,1995 FIFA Women's World Cup,Group B,1,0,0,0,6/10/1995,16:00,S-203,Tingvalla IP,Karlstad,Sweden,T-50,Nigeria,NGA,T-28,England,ENG,2–3,2,3,-1,1,0,0,0-0,0,0,away team win,0,1,0
M-1995-16,WC-1995,Norway vs Canada,group stage,1995 FIFA Women's World Cup,Group B,1,0,0,0,6/10/1995,16:00,S-199,Strömvallen,Gävle,Sweden,T-53,Norway,NOR,T-12,Canada,CAN,7–0,7,0,7,-7,0,0,0-0,0,0,home team win,1,0,0
M-1995-17,WC-1995,China vs Denmark,group stage,1995 FIFA Women's World Cup,Group C,1,0,0,0,6/10/1995,16:00,S-210,Arosvallen,Västerås,Sweden,T-14,China,CHN,T-22,Denmark,DNK,3–1,3,1,2,-2,0,0,0-0,0,0,home team win,1,0,0
M-1995-18,WC-1995,United States vs Australia,group stage,1995 FIFA Women's World Cup,Group C,1,0,0,0,6/10/1995,16:00,S-202,Olympia,Helsingborg,Sweden,T-83,United States,USA,T-04,Australia,AUS,4–1,4,1,3,-3,0,0,0-0,0,0,home team win,1,0,0
M-1995-19,WC-1995,Japan vs United States,quarter-final,1995 FIFA Women's World Cup,not applicable,0,1,0,0,6/13/1995,17:15,S-199,Strömvallen,Gävle,Sweden,T-44,Japan,JPN,T-83,United States,USA,0–4,0,4,-4,4,0,0,0-0,0,0,away team win,0,1,0
M-1995-20,WC-1995,Norway vs Denmark,quarter-final,1995 FIFA Women's World Cup,not applicable,0,1,0,0,6/13/1995,17:15,S-203,Tingvalla IP,Karlstad,Sweden,T-53,Norway,NOR,T-22,Denmark,DNK,3–1,3,1,2,-2,0,0,0-0,0,0,home team win,1,0,0
M-1995-21,WC-1995,Germany vs England,quarter-final,1995 FIFA Women's World Cup,not applicable,0,1,0,0,6/13/1995,20:15,S-210,Arosvallen,Västerås,Sweden,T-31,Germany,DEU,T-28,England,ENG,3–0,3,0,3,-3,0,0,0-0,0,0,home team win,1,0,0
M-1995-22,WC-1995,Sweden vs China,quarter-final,1995 FIFA Women's World Cup,not applicable,0,1,0,0,6/13/1995,20:15,S-202,Olympia,Helsingborg,Sweden,T-74,Sweden,SWE,T-14,China,CHN,1–1,1,1,0,0,1,1,3–4,3,4,away team win,0,1,0
M-1995-23,WC-1995,United States vs Norway,semi-final,1995 FIFA Women's World Cup,not applicable,0,1,0,0,6/15/1995,17:15,S-210,Arosvallen,Västerås,Sweden,T-83,United States,USA,T-53,Norway,NOR,0–1,0,1,-1,1,0,0,0-0,0,0,away team win,0,1,0
M-1995-24,WC-1995,Germany vs China,semi-final,1995 FIFA Women's World Cup,not applicable,0,1,0,0,6/15/1995,20:15,S-202,Olympia,Helsingborg,Sweden,T-31,Germany,DEU,T-14,China,CHN,1–0,1,0,1,-1,0,0,0-0,0,0,home team win,1,0,0
M-1995-25,WC-1995,China vs United States,third-place match,1995 FIFA Women's World Cup,not applicable,0,1,0,0,6/17/1995,16:00,S-199,Strömvallen,Gävle,Sweden,T-14,China,CHN,T-83,United States,USA,0–2,0,2,-2,2,0,0,0-0,0,0,away team win,0,1,0
M-1995-26,WC-1995,Germany vs Norway,final,1995 FIFA Women's World Cup,not applicable,0,1,0,0,6/18/1995,18:00,S-208,Råsunda Stadium,Solna,Sweden,T-31,Germany,DEU,T-53,Norway,NOR,0–2,0,2,-2,2,0,0,0-0,0,0,away team win,0,1,0
M-1998-01,WC-1998,Brazil vs Scotland,group stage,1998 FIFA Men's World Cup,Group A,1,0,0,0,6/10/1998,17:30,S-073,Stade de France,Saint-Denis,France,T-09,Brazil,BRA,T-64,Scotland,SCO,2–1,2,1,1,-1,0,0,0-0,0,0,home team win,1,0,0
M-1998-02,WC-1998,Morocco vs Norway,group stage,1998 FIFA Men's World Cup,Group A,1,0,0,0,6/10/1998,21:00,S-065,Stade de la Mosson,Montpellier,France,T-47,Morocco,MAR,T-53,Norway,NOR,2–2,2,2,0,0,0,0,0-0,0,0,draw,0,0,1
M-1998-03,WC-1998,Italy vs Chile,group stage,1998 FIFA Men's World Cup,Group B,1,0,0,0,6/11/1998,17:30,S-056,Stade du Parc Lescure,Bordeaux,France,T-41,Italy,ITA,T-13,Chile,CHL,2–2,2,2,0,0,0,0,0-0,0,0,draw,0,0,1
M-1998-04,WC-1998,Cameroon vs Austria,group stage,1998 FIFA Men's World Cup,Group B,1,0,0,0,6/11/1998,21:00,S-076,Stade de Toulouse,Toulouse,France,T-11,Cameroon,CMR,T-05,Austria,AUT,1–1,1,1,0,0,0,0,0-0,0,0,draw,0,0,1
M-1998-05,WC-1998,Paraguay vs Bulgaria,group stage,1998 FIFA Men's World Cup,Group D,1,0,0,0,6/12/1998,14:30,S-065,Stade de la Mosson,Montpellier,France,T-55,Paraguay,PRY,T-10,Bulgaria,BGR,0–0,0,0,0,0,0,0,0-0,0,0,draw,0,0,1
M-1998-06,WC-1998,Saudi Arabia vs Denmark,group stage,1998 FIFA Men's World Cup,Group C,1,0,0,0,6/12/1998,17:30,S-060,Stade Félix-Bollaert,Lens,France,T-63,Saudi Arabia,SAU,T-22,Denmark,DNK,0–1,0,1,-1,1,0,0,0-0,0,0,away team win,0,1,0
M-1998-07,WC-1998,France vs South Africa,group stage,1998 FIFA Men's World Cup,Group C,1,0,0,0,6/12/1998,21:00,S-064,Stade Vélodrome,Marseille,France,T-30,France,FRA,T-70,South Africa,ZAF,3–0,3,0,3,-3,0,0,0-0,0,0,home team win,1,0,0
M-1998-08,WC-1998,Spain vs Nigeria,group stage,1998 FIFA Men's World Cup,Group D,1,0,0,0,6/13/1998,14:30,S-066,Stade de la Beaujoire,Nantes,France,T-73,Spain,ESP,T-50,Nigeria,NGA,2–3,2,3,-1,1,0,0,0-0,0,0,away team win,0,1,0
M-1998-09,WC-1998,South Korea vs Mexico,group stage,1998 FIFA Men's World Cup,Group E,1,0,0,0,6/13/1998,17:30,S-063,Stade de Gerland,Lyon,France,T-71,South Korea,KOR,T-46,Mexico,MEX,1–3,1,3,-2,2,0,0,0-0,0,0,away team win,0,1,0
M-1998-10,WC-1998,Netherlands vs Belgium,group stage,1998 FIFA Men's World Cup,Group E,1,0,0,0,6/13/1998,21:00,S-073,Stade de France,Saint-Denis,France,T-48,Netherlands,NLD,T-06,Belgium,BEL,0–0,0,0,0,0,0,0,0-0,0,0,draw,0,0,1
M-1998-11,WC-1998,Argentina vs Japan,group stage,1998 FIFA Men's World Cup,Group H,1,0,0,0,6/14/1998,14:30,S-076,Stade de Toulouse,Toulouse,France,T-03,Argentina,ARG,T-44,Japan,JPN,1–0,1,0,1,-1,0,0,0-0,0,0,home team win,1,0,0
M-1998-12,WC-1998,Yugoslavia vs Iran,group stage,1998 FIFA Men's World Cup,Group F,1,0,0,0,6/14/1998,17:30,S-074,Stade Geoffroy-Guichard,Saint-Étienne,France,T-87,Yugoslavia,YUG,T-38,Iran,IRN,1–0,1,0,1,-1,0,0,0-0,0,0,home team win,1,0,0
M-1998-13,WC-1998,Jamaica vs Croatia,group stage,1998 FIFA Men's World Cup,Group H,1,0,0,0,6/14/1998,21:00,S-060,Stade Félix-Bollaert,Lens,France,T-43,Jamaica,JAM,T-18,Croatia,HRV,1–3,1,3,-2,2,0,0,0-0,0,0,away team win,0,1,0
M-1998-14,WC-1998,England vs Tunisia,group stage,1998 FIFA Men's World Cup,Group G,1,0,0,0,6/15/1998,14:30,S-064,Stade Vélodrome,Marseille,France,T-28,England,ENG,T-79,Tunisia,TUN,2–0,2,0,2,-2,0,0,0-0,0,0,home team win,1,0,0
M-1998-15,WC-1998,Romania vs Colombia,group stage,1998 FIFA Men's World Cup,Group G,1,0,0,0,6/15/1998,17:30,S-063,Stade de Gerland,Lyon,France,T-61,Romania,ROU,T-16,Colombia,COL,1–0,1,0,1,-1,0,0,0-0,0,0,home team win,1,0,0
M-1998-16,WC-1998,Germany vs United States,group stage,1998 FIFA Men's World Cup,Group F,1,0,0,0,6/15/1998,21:00,S-068,Parc des Princes,Paris,France,T-31,Germany,DEU,T-83,United States,USA,2–0,2,0,2,-2,0,0,0-0,0,0,home team win,1,0,0
M-1998-17,WC-1998,Scotland vs Norway,group stage,1998 FIFA Men's World Cup,Group A,1,0,0,0,6/16/1998,17:30,S-056,Stade du Parc Lescure,Bordeaux,France,T-64,Scotland,SCO,T-53,Norway,NOR,1–1,1,1,0,0,0,0,0-0,0,0,draw,0,0,1
M-1998-18,WC-1998,Brazil vs Morocco,group stage,1998 FIFA Men's World Cup,Group A,1,0,0,0,6/16/1998,21:00,S-066,Stade de la Beaujoire,Nantes,France,T-09,Brazil,BRA,T-47,Morocco,MAR,3–0,3,0,3,-3,0,0,0-0,0,0,home team win,1,0,0
M-1998-19,WC-1998,Chile vs Austria,group stage,1998 FIFA Men's World Cup,Group B,1,0,0,0,6/17/1998,17:30,S-074,Stade Geoffroy-Guichard,Saint-Étienne,France,T-13,Chile,CHL,T-05,Austria,AUT,1–1,1,1,0,0,0,0,0-0,0,0,draw,0,0,1
M-1998-20,WC-1998,Italy vs Cameroon,group stage,1998 FIFA Men's World Cup,Group B,1,0,0,0,6/17/1998,21:00,S-065,Stade de la Mosson,Montpellier,France,T-41,Italy,ITA,T-11,Cameroon,CMR,3–0,3,0,3,-3,0,0,0-0,0,0,home team win,1,0,0
M-1998-21,WC-1998,South Africa vs Denmark,group stage,1998 FIFA Men's World Cup,Group C,1,0,0,0,6/18/1998,17:30,S-076,Stade de Toulouse,Toulouse,France,T-70,South Africa,ZAF,T-22,Denmark,DNK,1–1,1,1,0,0,0,0,0-0,0,0,draw,0,0,1
M-1998-22,WC-1998,France vs Saudi Arabia,group stage,1998 FIFA Men's World Cup,Group C,1,0,0,0,6/18/1998,21:00,S-073,Stade de France,Saint-Denis,France,T-30,France,FRA,T-63,Saudi Arabia,SAU,4–0,4,0,4,-4,0,0,0-0,0,0,home team win,1,0,0
M-1998-23,WC-1998,Nigeria vs Bulgaria,group stage,1998 FIFA Men's World Cup,Group D,1,0,0,0,6/19/1998,17:30,S-068,Parc des Princes,Paris,France,T-50,Nigeria,NGA,T-10,Bulgaria,BGR,1–0,1,0,1,-1,0,0,0-0,0,0,home team win,1,0,0
M-1998-24,WC-1998,Spain vs Paraguay,group stage,1998 FIFA Men's World Cup,Group D,1,0,0,0,6/19/1998,21:00,S-074,Stade Geoffroy-Guichard,Saint-Étienne,France,T-73,Spain,ESP,T-55,Paraguay,PRY,0–0,0,0,0,0,0,0,0-0,0,0,draw,0,0,1
M-1998-25,WC-1998,Japan vs Croatia,group stage,1998 FIFA Men's World Cup,Group H,1,0,0,0,6/20/1998,14:30,S-066,Stade de la Beaujoire,Nantes,France,T-44,Japan,JPN,T-18,Croatia,HRV,0–1,0,1,-1,1,0,0,0-0,0,0,away team win,0,1,0
M-1998-26,WC-1998,Belgium vs Mexico,group stage,1998 FIFA Men's World Cup,Group E,1,0,0,0,6/20/1998,17:30,S-056,Stade du Parc Lescure,Bordeaux,France,T-06,Belgium,BEL,T-46,Mexico,MEX,2–2,2,2,0,0,0,0,0-0,0,0,draw,0,0,1
M-1998-27,WC-1998,Netherlands vs South Korea,group stage,1998 FIFA Men's World Cup,Group E,1,0,0,0,6/20/1998,21:00,S-064,Stade Vélodrome,Marseille,France,T-48,Netherlands,NLD,T-71,South Korea,KOR,5–0,5,0,5,-5,0,0,0-0,0,0,home team win,1,0,0
M-1998-28,WC-1998,Germany vs Yugoslavia,group stage,1998 FIFA Men's World Cup,Group F,1,0,0,0,6/21/1998,14:30,S-060,Stade Félix-Bollaert,Lens,France,T-31,Germany,DEU,T-87,Yugoslavia,YUG,2–2,2,2,0,0,0,0,0-0,0,0,draw,0,0,1
M-1998-29,WC-1998,Argentina vs Jamaica,group stage,1998 FIFA Men's World Cup,Group H,1,0,0,0,6/21/1998,17:30,S-068,Parc des Princes,Paris,France,T-03,Argentina,ARG,T-43,Jamaica,JAM,5–0,5,0,5,-5,0,0,0-0,0,0,home team win,1,0,0
M-1998-30,WC-1998,United States vs Iran,group stage,1998 FIFA Men's World Cup,Group F,1,0,0,0,6/21/1998,21:00,S-063,Stade de Gerland,Lyon,France,T-83,United States,USA,T-38,Iran,IRN,1–2,1,2,-1,1,0,0,0-0,0,0,away team win,0,1,0
M-1998-31,WC-1998,Colombia vs Tunisia,group stage,1998 FIFA Men's World Cup,Group G,1,0,0,0,6/22/1998,17:30,S-065,Stade de la Mosson,Montpellier,France,T-16,Colombia,COL,T-79,Tunisia,TUN,1–0,1,0,1,-1,0,0,0-0,0,0,home team win,1,0,0
M-1998-32,WC-1998,Romania vs England,group stage,1998 FIFA Men's World Cup,Group G,1,0,0,0,6/22/1998,21:00,S-076,Stade de Toulouse,Toulouse,France,T-61,Romania,ROU,T-28,England,ENG,2–1,2,1,1,-1,0,0,0-0,0,0,home team win,1,0,0
M-1998-33,WC-1998,Chile vs Cameroon,group stage,1998 FIFA Men's World Cup,Group B,1,0,0,0,6/23/1998,16:00,S-066,Stade de la Beaujoire,Nantes,France,T-13,Chile,CHL,T-11,Cameroon,CMR,1–1,1,1,0,0,0,0,0-0,0,0,draw,0,0,1
M-1998-34,WC-1998,Italy vs Austria,group stage,1998 FIFA Men's World Cup,Group B,1,0,0,0,6/23/1998,16:00,S-073,Stade de France,Saint-Denis,France,T-41,Italy,ITA,T-05,Austria,AUT,2–1,2,1,1,-1,0,0,0-0,0,0,home team win,1,0,0
M-1998-35,WC-1998,Brazil vs Norway,group stage,1998 FIFA Men's World Cup,Group A,1,0,0,0,6/23/1998,21:00,S-064,Stade Vélodrome,Marseille,France,T-09,Brazil,BRA,T-53,Norway,NOR,1–2,1,2,-1,1,0,0,0-0,0,0,away team win,0,1,0
M-1998-36,WC-1998,Scotland vs Morocco,group stage,1998 FIFA Men's World Cup,Group A,1,0,0,0,6/23/1998,21:00,S-074,Stade Geoffroy-Guichard,Saint-Étienne,France,T-64,Scotland,SCO,T-47,Morocco,MAR,0–3,0,3,-3,3,0,0,0-0,0,0,away team win,0,1,0
M-1998-37,WC-1998,France vs Denmark,group stage,1998 FIFA Men's World Cup,Group C,1,0,0,0,6/24/1998,16:00,S-063,Stade de Gerland,Lyon,France,T-30,France,FRA,T-22,Denmark,DNK,2–1,2,1,1,-1,0,0,0-0,0,0,home team win,1,0,0
M-1998-38,WC-1998,South Africa vs Saudi Arabia,group stage,1998 FIFA Men's World Cup,Group C,1,0,0,0,6/24/1998,16:00,S-056,Stade du Parc Lescure,Bordeaux,France,T-70,South Africa,ZAF,T-63,Saudi Arabia,SAU,2–2,2,2,0,0,0,0,0-0,0,0,draw,0,0,1
M-1998-39,WC-1998,Nigeria vs Paraguay,group stage,1998 FIFA Men's World Cup,Group D,1,0,0,0,6/24/1998,21:00,S-076,Stade de Toulouse,Toulouse,France,T-50,Nigeria,NGA,T-55,Paraguay,PRY,1–3,1,3,-2,2,0,0,0-0,0,0,away team win,0,1,0
M-1998-40,WC-1998,Spain vs Bulgaria,group stage,1998 FIFA Men's World Cup,Group D,1,0,0,0,6/24/1998,21:00,S-060,Stade Félix-Bollaert,Lens,France,T-73,Spain,ESP,T-10,Bulgaria,BGR,6–1,6,1,5,-5,0,0,0-0,0,0,home team win,1,0,0
M-1998-41,WC-1998,Belgium vs South Korea,group stage,1998 FIFA Men's World Cup,Group E,1,0,0,0,6/25/1998,16:00,S-068,Parc des Princes,Paris,France,T-06,Belgium,BEL,T-71,South Korea,KOR,1–1,1,1,0,0,0,0,0-0,0,0,draw,0,0,1
M-1998-42,WC-1998,Netherlands vs Mexico,group stage,1998 FIFA Men's World Cup,Group E,1,0,0,0,6/25/1998,16:00,S-074,Stade Geoffroy-Guichard,Saint-Étienne,France,T-48,Netherlands,NLD,T-46,Mexico,MEX,2–2,2,2,0,0,0,0,0-0,0,0,draw,0,0,1
M-1998-43,WC-1998,Germany vs Iran,group stage,1998 FIFA Men's World Cup,Group F,1,0,0,0,6/25/1998,21:00,S-065,Stade de la Mosson,Montpellier,France,T-31,Germany,DEU,T-38,Iran,IRN,2–0,2,0,2,-2,0,0,0-0,0,0,home team win,1,0,0
M-1998-44,WC-1998,United States vs Yugoslavia,group stage,1998 FIFA Men's World Cup,Group F,1,0,0,0,6/25/1998,21:00,S-066,Stade de la Beaujoire,Nantes,France,T-83,United States,USA,T-87,Yugoslavia,YUG,0–1,0,1,-1,1,0,0,0-0,0,0,away team win,0,1,0
M-1998-45,WC-1998,Argentina vs Croatia,group stage,1998 FIFA Men's World Cup,Group H,1,0,0,0,6/26/1998,16:00,S-056,Stade du Parc Lescure,Bordeaux,France,T-03,Argentina,ARG,T-18,Croatia,HRV,1–0,1,0,1,-1,0,0,0-0,0,0,home team win,1,0,0
M-1998-46,WC-1998,Japan vs Jamaica,group stage,1998 FIFA Men's World Cup,Group H,1,0,0,0,6/26/1998,16:00,S-063,Stade de Gerland,Lyon,France,T-44,Japan,JPN,T-43,Jamaica,JAM,1–2,1,2,-1,1,0,0,0-0,0,0,away team win,0,1,0
M-1998-47,WC-1998,Colombia vs England,group stage,1998 FIFA Men's World Cup,Group G,1,0,0,0,6/26/1998,21:00,S-060,Stade Félix-Bollaert,Lens,France,T-16,Colombia,COL,T-28,England,ENG,0–2,0,2,-2,2,0,0,0-0,0,0,away team win,0,1,0
M-1998-48,WC-1998,Romania vs Tunisia,group stage,1998 FIFA Men's World Cup,Group G,1,0,0,0,6/26/1998,21:00,S-073,Stade de France,Saint-Denis,France,T-61,Romania,ROU,T-79,Tunisia,TUN,1–1,1,1,0,0,0,0,0-0,0,0,draw,0,0,1
M-1998-49,WC-1998,Italy vs Norway,round of 16,1998 FIFA Men's World Cup,not applicable,0,1,0,0,6/27/1998,16:30,S-064,Stade Vélodrome,Marseille,France,T-41,Italy,ITA,T-53,Norway,NOR,1–0,1,0,1,-1,0,0,0-0,0,0,home team win,1,0,0
M-1998-50,WC-1998,Brazil vs Chile,round of 16,1998 FIFA Men's World Cup,not applicable,0,1,0,0,6/27/1998,21:00,S-068,Parc des Princes,Paris,France,T-09,Brazil,BRA,T-13,Chile,CHL,4–1,4,1,3,-3,0,0,0-0,0,0,home team win,1,0,0
M-1998-51,WC-1998,France vs Paraguay,round of 16,1998 FIFA Men's World Cup,not applicable,0,1,0,0,6/28/1998,16:30,S-060,Stade Félix-Bollaert,Lens,France,T-30,France,FRA,T-55,Paraguay,PRY,1–0,1,0,1,-1,1,0,0-0,0,0,home team win,1,0,0
M-1998-52,WC-1998,Nigeria vs Denmark,round of 16,1998 FIFA Men's World Cup,not applicable,0,1,0,0,6/28/1998,21:00,S-073,Stade de France,Saint-Denis,France,T-50,Nigeria,NGA,T-22,Denmark,DNK,1–4,1,4,-3,3,0,0,0-0,0,0,away team win,0,1,0
M-1998-53,WC-1998,Germany vs Mexico,round of 16,1998 FIFA Men's World Cup,not applicable,0,1,0,0,6/29/1998,16:30,S-065,Stade de la Mosson,Montpellier,France,T-31,Germany,DEU,T-46,Mexico,MEX,2–1,2,1,1,-1,0,0,0-0,0,0,home team win,1,0,0
M-1998-54,WC-1998,Netherlands vs Yugoslavia,round of 16,1998 FIFA Men's World Cup,not applicable,0,1,0,0,6/29/1998,21:00,S-076,Stade de Toulouse,Toulouse,France,T-48,Netherlands,NLD,T-87,Yugoslavia,YUG,2–1,2,1,1,-1,0,0,0-0,0,0,home team win,1,0,0
M-1998-55,WC-1998,Romania vs Croatia,round of 16,1998 FIFA Men's World Cup,not applicable,0,1,0,0,6/30/1998,16:30,S-056,Stade du Parc Lescure,Bordeaux,France,T-61,Romania,ROU,T-18,Croatia,HRV,0–1,0,1,-1,1,0,0,0-0,0,0,away team win,0,1,0
M-1998-56,WC-1998,Argentina vs England,round of 16,1998 FIFA Men's World Cup,not applicable,0,1,0,0,6/30/1998,21:00,S-074,Stade Geoffroy-Guichard,Saint-Étienne,France,T-03,Argentina,ARG,T-28,England,ENG,2–2,2,2,0,0,1,1,4–3,4,3,home team win,1,0,0
M-1998-57,WC-1998,Italy vs France,quarter-finals,1998 FIFA Men's World Cup,not applicable,0,1,0,0,7/3/1998,16:30,S-073,Stade de France,Saint-Denis,France,T-41,Italy,ITA,T-30,France,FRA,0–0,0,0,0,0,1,1,3–4,3,4,away team win,0,1,0
M-1998-58,WC-1998,Brazil vs Denmark,quarter-finals,1998 FIFA Men's World Cup,not applicable,0,1,0,0,7/3/1998,21:00,S-066,Stade de la Beaujoire,Nantes,France,T-09,Brazil,BRA,T-22,Denmark,DNK,3–2,3,2,1,-1,0,0,0-0,0,0,home team win,1,0,0
M-1998-59,WC-1998,Netherlands vs Argentina,quarter-finals,1998 FIFA Men's World Cup,not applicable,0,1,0,0,7/4/1998,16:30,S-064,Stade Vélodrome,Marseille,France,T-48,Netherlands,NLD,T-03,Argentina,ARG,2–1,2,1,1,-1,0,0,0-0,0,0,home team win,1,0,0
M-1998-60,WC-1998,Germany vs Croatia,quarter-finals,1998 FIFA Men's World Cup,not applicable,0,1,0,0,7/4/1998,21:00,S-063,Stade de Gerland,Lyon,France,T-31,Germany,DEU,T-18,Croatia,HRV,0–3,0,3,-3,3,0,0,0-0,0,0,away team win,0,1,0
M-1998-61,WC-1998,Brazil vs Netherlands,semi-finals,1998 FIFA Men's World Cup,not applicable,0,1,0,0,7/7/1998,21:00,S-064,Stade Vélodrome,Marseille,France,T-09,Brazil,BRA,T-48,Netherlands,NLD,1–1,1,1,0,0,1,1,4–2,4,2,home team win,1,0,0
M-1998-62,WC-1998,France vs Croatia,semi-finals,1998 FIFA Men's World Cup,not applicable,0,1,0,0,7/8/1998,21:00,S-073,Stade de France,Saint-Denis,France,T-30,France,FRA,T-18,Croatia,HRV,2–1,2,1,1,-1,0,0,0-0,0,0,home team win,1,0,0
M-1998-63,WC-1998,Netherlands vs Croatia,third-place match,1998 FIFA Men's World Cup,not applicable,0,1,0,0,7/11/1998,21:00,S-068,Parc des Princes,Paris,France,T-48,Netherlands,NLD,T-18,Croatia,HRV,1–2,1,2,-1,1,0,0,0-0,0,0,away team win,0,1,0
M-1998-64,WC-1998,Brazil vs France,final,1998 FIFA Men's World Cup,not applicable,0,1,0,0,7/12/1998,21:00,S-073,Stade de France,Saint-Denis,France,T-09,Brazil,BRA,T-30,France,FRA,0–3,0,3,-3,3,0,0,0-0,0,0,away team win,0,1,0
M-1999-01,WC-1999,United States vs Denmark,group stage,1999 FIFA Women's World Cup,Group A,1,0,0,0,6/19/1999,15:00,S-226,Giants Stadium,New York City,United States,T-83,United States,USA,T-22,Denmark,DNK,3–0,3,0,3,-3,0,0,0-0,0,0,home team win,1,0,0
M-1999-02,WC-1999,China vs Sweden,group stage,1999 FIFA Women's World Cup,Group D,1,0,0,0,6/19/1999,17:00,S-234,Spartan Stadium,San Jose,United States,T-14,China,CHN,T-74,Sweden,SWE,2–1,2,1,1,-1,0,0,0-0,0,0,home team win,1,0,0
M-1999-03,WC-1999,Brazil vs Mexico,group stage,1999 FIFA Women's World Cup,Group B,1,0,0,0,6/19/1999,17:30,S-226,Giants Stadium,New York City,United States,T-09,Brazil,BRA,T-46,Mexico,MEX,7–1,7,1,6,-6,0,0,0-0,0,0,home team win,1,0,0
M-1999-04,WC-1999,Japan vs Canada,group stage,1999 FIFA Women's World Cup,Group C,1,0,0,0,6/19/1999,19:00,S-234,Spartan Stadium,San Jose,United States,T-44,Japan,JPN,T-12,Canada,CAN,1–1,1,1,0,0,0,0,0-0,0,0,draw,0,0,1
M-1999-05,WC-1999,Germany vs Italy,group stage,1999 FIFA Women's World Cup,Group B,1,0,0,0,6/20/1999,16:00,S-225,Rose Bowl,Los Angeles,United States,T-31,Germany,DEU,T-41,Italy,ITA,1–1,1,1,0,0,0,0,0-0,0,0,draw,0,0,1
M-1999-06,WC-1999,Norway vs Russia,group stage,1999 FIFA Women's World Cup,Group C,1,0,0,0,6/20/1999,16:00,S-217,Foxboro Stadium,Boston,United States,T-53,Norway,NOR,T-62,Russia,RUS,2–1,2,1,1,-1,0,0,0-0,0,0,home team win,1,0,0
M-1999-07,WC-1999,North Korea vs Nigeria,group stage,1999 FIFA Women's World Cup,Group A,1,0,0,0,6/20/1999,18:30,S-225,Rose Bowl,Los Angeles,United States,T-51,North Korea,PRK,T-50,Nigeria,NGA,1–2,1,2,-1,1,0,0,0-0,0,0,away team win,0,1,0
M-1999-08,WC-1999,Australia vs Ghana,group stage,1999 FIFA Women's World Cup,Group D,1,0,0,0,6/20/1999,19:30,S-217,Foxboro Stadium,Boston,United States,T-04,Australia,AUS,T-32,Ghana,GHA,1–1,1,1,0,0,0,0,0-0,0,0,draw,0,0,1
M-1999-09,WC-1999,Japan vs Russia,group stage,1999 FIFA Women's World Cup,Group C,1,0,0,0,6/23/1999,18:00,S-231,Civic Stadium,Portland,United States,T-44,Japan,JPN,T-62,Russia,RUS,0–5,0,5,-5,5,0,0,0-0,0,0,away team win,0,1,0
M-1999-10,WC-1999,Norway vs Canada,group stage,1999 FIFA Women's World Cup,Group C,1,0,0,0,6/23/1999,18:00,S-236,Jack Kent Cooke Stadium,"Washington, D.C.",United States,T-53,Norway,NOR,T-12,Canada,CAN,7–1,7,1,6,-6,0,0,0-0,0,0,home team win,1,0,0
M-1999-11,WC-1999,Australia vs Sweden,group stage,1999 FIFA Women's World Cup,Group D,1,0,0,0,6/23/1999,20:30,S-236,Jack Kent Cooke Stadium,"Washington, D.C.",United States,T-04,Australia,AUS,T-74,Sweden,SWE,1–3,1,3,-2,2,0,0,0-0,0,0,away team win,0,1,0
M-1999-12,WC-1999,China vs Ghana,group stage,1999 FIFA Women's World Cup,Group D,1,0,0,0,6/23/1999,20:30,S-231,Civic Stadium,Portland,United States,T-14,China,CHN,T-32,Ghana,GHA,7–0,7,0,7,-7,0,0,0-0,0,0,home team win,1,0,0
M-1999-13,WC-1999,Brazil vs Italy,group stage,1999 FIFA Women's World Cup,Group B,1,0,0,0,6/24/1999,17:00,S-219,Soldier Field,Chicago,United States,T-09,Brazil,BRA,T-41,Italy,ITA,2–0,2,0,2,-2,0,0,0-0,0,0,home team win,1,0,0
M-1999-14,WC-1999,North Korea vs Denmark,group stage,1999 FIFA Women's World Cup,Group A,1,0,0,0,6/24/1999,18:00,S-231,Civic Stadium,Portland,United States,T-51,North Korea,PRK,T-22,Denmark,DNK,3–1,3,1,2,-2,0,0,0-0,0,0,home team win,1,0,0
M-1999-15,WC-1999,United States vs Nigeria,group stage,1999 FIFA Women's World Cup,Group A,1,0,0,0,6/24/1999,19:00,S-219,Soldier Field,Chicago,United States,T-83,United States,USA,T-50,Nigeria,NGA,7–1,7,1,6,-6,0,0,0-0,0,0,home team win,1,0,0
M-1999-16,WC-1999,Germany vs Mexico,group stage,1999 FIFA Women's World Cup,Group B,1,0,0,0,6/24/1999,20:30,S-231,Civic Stadium,Portland,United States,T-31,Germany,DEU,T-46,Mexico,MEX,6–0,6,0,6,-6,0,0,0-0,0,0,home team win,1,0,0
M-1999-17,WC-1999,Canada vs Russia,group stage,1999 FIFA Women's World Cup,Group C,1,0,0,0,6/26/1999,12:00,S-226,Giants Stadium,New York City,United States,T-12,Canada,CAN,T-62,Russia,RUS,1–4,1,4,-3,3,0,0,0-0,0,0,away team win,0,1,0
M-1999-18,WC-1999,China vs Australia,group stage,1999 FIFA Women's World Cup,Group D,1,0,0,0,6/26/1999,14:30,S-226,Giants Stadium,New York City,United States,T-14,China,CHN,T-04,Australia,AUS,3–1,3,1,2,-2,0,0,0-0,0,0,home team win,1,0,0
M-1999-19,WC-1999,Ghana vs Sweden,group stage,1999 FIFA Women's World Cup,Group D,1,0,0,0,6/26/1999,16:00,S-219,Soldier Field,Chicago,United States,T-32,Ghana,GHA,T-74,Sweden,SWE,0–2,0,2,-2,2,0,0,0-0,0,0,away team win,0,1,0
M-1999-20,WC-1999,Norway vs Japan,group stage,1999 FIFA Women's World Cup,Group C,1,0,0,0,6/26/1999,18:30,S-219,Soldier Field,Chicago,United States,T-53,Norway,NOR,T-44,Japan,JPN,4–0,4,0,4,-4,0,0,0-0,0,0,home team win,1,0,0
M-1999-21,WC-1999,Germany vs Brazil,group stage,1999 FIFA Women's World Cup,Group B,1,0,0,0,6/27/1999,13:30,S-236,Jack Kent Cooke Stadium,"Washington, D.C.",United States,T-31,Germany,DEU,T-09,Brazil,BRA,3–3,3,3,0,0,0,0,0-0,0,0,draw,0,0,1
M-1999-22,WC-1999,Nigeria vs Denmark,group stage,1999 FIFA Women's World Cup,Group A,1,0,0,0,6/27/1999,16:00,S-236,Jack Kent Cooke Stadium,"Washington, D.C.",United States,T-50,Nigeria,NGA,T-22,Denmark,DNK,2–0,2,0,2,-2,0,0,0-0,0,0,home team win,1,0,0
M-1999-23,WC-1999,Mexico vs Italy,group stage,1999 FIFA Women's World Cup,Group B,1,0,0,0,6/27/1999,16:30,S-217,Foxboro Stadium,Boston,United States,T-46,Mexico,MEX,T-41,Italy,ITA,0–2,0,2,-2,2,0,0,0-0,0,0,away team win,0,1,0
M-1999-24,WC-1999,United States vs North Korea,group stage,1999 FIFA Women's World Cup,Group A,1,0,0,0,6/27/1999,19:00,S-217,Foxboro Stadium,Boston,United States,T-83,United States,USA,T-51,North Korea,PRK,3–0,3,0,3,-3,0,0,0-0,0,0,home team win,1,0,0
M-1999-25,WC-1999,China vs Russia,quarter-final,1999 FIFA Women's World Cup,not applicable,0,1,0,0,6/30/1999,17:00,S-234,Spartan Stadium,San Jose,United States,T-14,China,CHN,T-62,Russia,RUS,2–0,2,0,2,-2,0,0,0-0,0,0,home team win,1,0,0
M-1999-26,WC-1999,Norway vs Sweden,quarter-final,1999 FIFA Women's World Cup,not applicable,0,1,0,0,6/30/1999,19:30,S-234,Spartan Stadium,San Jose,United States,T-53,Norway,NOR,T-74,Sweden,SWE,3–1,3,1,2,-2,0,0,0-0,0,0,home team win,1,0,0
M-1999-27,WC-1999,United States vs Germany,quarter-final,1999 FIFA Women's World Cup,not applicable,0,1,0,0,7/1/1999,19:00,S-236,Jack Kent Cooke Stadium,"Washington, D.C.",United States,T-83,United States,USA,T-31,Germany,DEU,3–2,3,2,1,-1,0,0,0-0,0,0,home team win,1,0,0
M-1999-28,WC-1999,Brazil vs Nigeria,quarter-final,1999 FIFA Women's World Cup,not applicable,0,1,0,0,7/1/1999,21:30,S-236,Jack Kent Cooke Stadium,"Washington, D.C.",United States,T-09,Brazil,BRA,T-50,Nigeria,NGA,4–3,4,3,1,-1,1,0,0-0,0,0,home team win,1,0,0
M-1999-29,WC-1999,United States vs Brazil,semi-final,1999 FIFA Women's World Cup,not applicable,0,1,0,0,7/4/1999,13:30,S-233,Stanford Stadium,San Fransisco,United States,T-83,United States,USA,T-09,Brazil,BRA,2–0,2,0,2,-2,0,0,0-0,0,0,home team win,1,0,0
M-1999-30,WC-1999,Norway vs China,semi-final,1999 FIFA Women's World Cup,not applicable,0,1,0,0,7/4/1999,19:30,S-217,Foxboro Stadium,Boston,United States,T-53,Norway,NOR,T-14,China,CHN,0–5,0,5,-5,5,0,0,0-0,0,0,away team win,0,1,0
M-1999-31,WC-1999,Brazil vs Norway,third-place match,1999 FIFA Women's World Cup,not applicable,0,1,0,0,7/10/1999,10:15,S-225,Rose Bowl,Los Angeles,United States,T-09,Brazil,BRA,T-53,Norway,NOR,0–0,0,0,0,0,0,1,5–4,5,4,home team win,1,0,0
M-1999-32,WC-1999,United States vs China,final,1999 FIFA Women's World Cup,not applicable,0,1,0,0,7/10/1999,12:50,S-225,Rose Bowl,Los Angeles,United States,T-83,United States,USA,T-14,China,CHN,0–0,0,0,0,0,1,1,5–4,5,4,home team win,1,0,0
M-2002-01,WC-2002,France vs Senegal,group stage,2002 FIFA Men's World Cup,Group A,1,0,0,0,5/31/2002,20:30,S-177,Seoul World Cup Stadium,Seoul,South Korea,T-30,France,FRA,T-65,Senegal,SEN,0–1,0,1,-1,1,0,0,0-0,0,0,away team win,0,1,0
M-2002-02,WC-2002,Republic of Ireland vs Cameroon,group stage,2002 FIFA Men's World Cup,Group E,1,0,0,0,6/1/2002,15:30,S-121,Niigata Stadium,Niigata,Japan,T-60,Republic of Ireland,IRL,T-11,Cameroon,CMR,1–1,1,1,0,0,0,0,0-0,0,0,draw,0,0,1
M-2002-03,WC-2002,Uruguay vs Denmark,group stage,2002 FIFA Men's World Cup,Group A,1,0,0,0,6/1/2002,18:00,S-179,Ulsan Munsu Football Stadium,Ulsan,South Korea,T-84,Uruguay,URY,T-22,Denmark,DNK,1–2,1,2,-1,1,0,0,0-0,0,0,away team win,0,1,0
M-2002-04,WC-2002,Germany vs Saudi Arabia,group stage,2002 FIFA Men's World Cup,Group E,1,0,0,0,6/1/2002,20:30,S-125,Sapporo Dome,Sapporo,Japan,T-31,Germany,DEU,T-63,Saudi Arabia,SAU,8–0,8,0,8,-8,0,0,0-0,0,0,home team win,1,0,0
M-2002-05,WC-2002,Argentina vs Nigeria,group stage,2002 FIFA Men's World Cup,Group F,1,0,0,0,6/2/2002,14:30,S-118,Kashima Stadium,Ibaraki,Japan,T-03,Argentina,ARG,T-50,Nigeria,NGA,1–0,1,0,1,-1,0,0,0-0,0,0,home team win,1,0,0
M-2002-06,WC-2002,Paraguay vs South Africa,group stage,2002 FIFA Men's World Cup,Group B,1,0,0,0,6/2/2002,16:30,S-170,Busan Asiad Stadium,Busan,South Korea,T-55,Paraguay,PRY,T-70,South Africa,ZAF,2–2,2,2,0,0,0,0,0-0,0,0,draw,0,0,1
M-2002-07,WC-2002,England vs Sweden,group stage,2002 FIFA Men's World Cup,Group F,1,0,0,0,6/2/2002,18:30,S-124,Saitama Stadium,Saitama,Japan,T-28,England,ENG,T-74,Sweden,SWE,1–1,1,1,0,0,0,0,0-0,0,0,draw,0,0,1
M-2002-08,WC-2002,Spain vs Slovenia,group stage,2002 FIFA Men's World Cup,Group B,1,0,0,0,6/2/2002,20:30,S-173,Gwangju World Cup Stadium,Gwangju,South Korea,T-73,Spain,ESP,T-69,Slovenia,SVN,3–1,3,1,2,-2,0,0,0-0,0,0,home team win,1,0,0
M-2002-09,WC-2002,Croatia vs Mexico,group stage,2002 FIFA Men's World Cup,Group G,1,0,0,0,6/3/2002,15:30,S-121,Niigata Stadium,Niigata,Japan,T-18,Croatia,HRV,T-46,Mexico,MEX,0–1,0,1,-1,1,0,0,0-0,0,0,away team win,0,1,0
M-2002-10,WC-2002,Brazil vs Turkey,group stage,2002 FIFA Men's World Cup,Group C,1,0,0,0,6/3/2002,18:00,S-179,Ulsan Munsu Football Stadium,Ulsan,South Korea,T-09,Brazil,BRA,T-80,Turkey,TUR,2–1,2,1,1,-1,0,0,0-0,0,0,home team win,1,0,0
M-2002-11,WC-2002,Italy vs Ecuador,group stage,2002 FIFA Men's World Cup,Group G,1,0,0,0,6/3/2002,20:30,S-125,Sapporo Dome,Sapporo,Japan,T-41,Italy,ITA,T-25,Ecuador,ECU,2–0,2,0,2,-2,0,0,0-0,0,0,home team win,1,0,0
M-2002-12,WC-2002,China vs Costa Rica,group stage,2002 FIFA Men's World Cup,Group C,1,0,0,0,6/4/2002,15:30,S-173,Gwangju World Cup Stadium,Gwangju,South Korea,T-14,China,CHN,T-17,Costa Rica,CRI,0–2,0,2,-2,2,0,0,0-0,0,0,away team win,0,1,0
M-2002-13,WC-2002,Japan vs Belgium,group stage,2002 FIFA Men's World Cup,Group H,1,0,0,0,6/4/2002,18:00,S-124,Saitama Stadium,Saitama,Japan,T-44,Japan,JPN,T-06,Belgium,BEL,2–2,2,2,0,0,0,0,0-0,0,0,draw,0,0,1
M-2002-14,WC-2002,South Korea vs Poland,group stage,2002 FIFA Men's World Cup,Group D,1,0,0,0,6/4/2002,20:30,S-170,Busan Asiad Stadium,Busan,South Korea,T-71,South Korea,KOR,T-57,Poland,POL,2–0,2,0,2,-2,0,0,0-0,0,0,home team win,1,0,0
M-2002-15,WC-2002,Russia vs Tunisia,group stage,2002 FIFA Men's World Cup,Group H,1,0,0,0,6/5/2002,15:30,S-119,Kobe Wing Stadium,Kobe,Japan,T-62,Russia,RUS,T-79,Tunisia,TUN,2–0,2,0,2,-2,0,0,0-0,0,0,home team win,1,0,0
M-2002-16,WC-2002,United States vs Portugal,group stage,2002 FIFA Men's World Cup,Group D,1,0,0,0,6/5/2002,18:00,S-178,Suwon World Cup Stadium,Suwon,South Korea,T-83,United States,USA,T-58,Portugal,PRT,3–2,3,2,1,-1,0,0,0-0,0,0,home team win,1,0,0
M-2002-17,WC-2002,Germany vs Republic of Ireland,group stage,2002 FIFA Men's World Cup,Group E,1,0,0,0,6/5/2002,20:30,S-118,Kashima Stadium,Ibaraki,Japan,T-31,Germany,DEU,T-60,Republic of Ireland,IRL,1–1,1,1,0,0,0,0,0-0,0,0,draw,0,0,1
M-2002-18,WC-2002,Denmark vs Senegal,group stage,2002 FIFA Men's World Cup,Group A,1,0,0,0,6/6/2002,15:30,S-171,Daegu World Cup Stadium,Daegu,South Korea,T-22,Denmark,DNK,T-65,Senegal,SEN,1–1,1,1,0,0,0,0,0-0,0,0,draw,0,0,1
M-2002-19,WC-2002,Cameroon vs Saudi Arabia,group stage,2002 FIFA Men's World Cup,Group E,1,0,0,0,6/6/2002,18:00,S-124,Saitama Stadium,Saitama,Japan,T-11,Cameroon,CMR,T-63,Saudi Arabia,SAU,1–0,1,0,1,-1,0,0,0-0,0,0,home team win,1,0,0
M-2002-20,WC-2002,France vs Uruguay,group stage,2002 FIFA Men's World Cup,Group A,1,0,0,0,6/6/2002,20:30,S-170,Busan Asiad Stadium,Busan,South Korea,T-30,France,FRA,T-84,Uruguay,URY,0–0,0,0,0,0,0,0,0-0,0,0,draw,0,0,1
M-2002-21,WC-2002,Sweden vs Nigeria,group stage,2002 FIFA Men's World Cup,Group F,1,0,0,0,6/7/2002,15:30,S-119,Kobe Wing Stadium,Kobe,Japan,T-74,Sweden,SWE,T-50,Nigeria,NGA,2–1,2,1,1,-1,0,0,0-0,0,0,home team win,1,0,0
M-2002-22,WC-2002,Spain vs Paraguay,group stage,2002 FIFA Men's World Cup,Group B,1,0,0,0,6/7/2002,18:00,S-175,Jeonju World Cup Stadium,Jeonju,South Korea,T-73,Spain,ESP,T-55,Paraguay,PRY,3–1,3,1,2,-2,0,0,0-0,0,0,home team win,1,0,0
M-2002-23,WC-2002,Argentina vs England,group stage,2002 FIFA Men's World Cup,Group F,1,0,0,0,6/7/2002,20:30,S-125,Sapporo Dome,Sapporo,Japan,T-03,Argentina,ARG,T-28,England,ENG,0–1,0,1,-1,1,0,0,0-0,0,0,away team win,0,1,0
M-2002-24,WC-2002,South Africa vs Slovenia,group stage,2002 FIFA Men's World Cup,Group B,1,0,0,0,6/8/2002,15:30,S-171,Daegu World Cup Stadium,Daegu,South Korea,T-70,South Africa,ZAF,T-69,Slovenia,SVN,1–0,1,0,1,-1,0,0,0-0,0,0,home team win,1,0,0
M-2002-25,WC-2002,Italy vs Croatia,group stage,2002 FIFA Men's World Cup,Group G,1,0,0,0,6/8/2002,18:00,S-118,Kashima Stadium,Ibaraki,Japan,T-41,Italy,ITA,T-18,Croatia,HRV,1–2,1,2,-1,1,0,0,0-0,0,0,away team win,0,1,0
M-2002-26,WC-2002,Brazil vs China,group stage,2002 FIFA Men's World Cup,Group C,1,0,0,0,6/8/2002,20:30,S-176,Jeju World Cup Stadium,Seogwipo,South Korea,T-09,Brazil,BRA,T-14,China,CHN,4–0,4,0,4,-4,0,0,0-0,0,0,home team win,1,0,0
M-2002-27,WC-2002,Mexico vs Ecuador,group stage,2002 FIFA Men's World Cup,Group G,1,0,0,0,6/9/2002,15:30,S-120,Miyagi Stadium,Miyagi,Japan,T-46,Mexico,MEX,T-25,Ecuador,ECU,2–1,2,1,1,-1,0,0,0-0,0,0,home team win,1,0,0
M-2002-28,WC-2002,Costa Rica vs Turkey,group stage,2002 FIFA Men's World Cup,Group C,1,0,0,0,6/9/2002,18:00,S-174,Incheon Munhak Stadium,Incheon,South Korea,T-17,Costa Rica,CRI,T-80,Turkey,TUR,1–1,1,1,0,0,0,0,0-0,0,0,draw,0,0,1
M-2002-29,WC-2002,Japan vs Russia,group stage,2002 FIFA Men's World Cup,Group H,1,0,0,0,6/9/2002,20:30,S-127,International Stadium Yokohama,Yokohama,Japan,T-44,Japan,JPN,T-62,Russia,RUS,1–0,1,0,1,-1,0,0,0-0,0,0,home team win,1,0,0
M-2002-30,WC-2002,South Korea vs United States,group stage,2002 FIFA Men's World Cup,Group D,1,0,0,0,6/10/2002,15:30,S-171,Daegu World Cup Stadium,Daegu,South Korea,T-71,South Korea,KOR,T-83,United States,USA,1–1,1,1,0,0,0,0,0-0,0,0,draw,0,0,1
M-2002-31,WC-2002,Tunisia vs Belgium,group stage,2002 FIFA Men's World Cup,Group H,1,0,0,0,6/10/2002,18:00,S-122,Ōita Stadium,Ōita,Japan,T-79,Tunisia,TUN,T-06,Belgium,BEL,1–1,1,1,0,0,0,0,0-0,0,0,draw,0,0,1
M-2002-32,WC-2002,Portugal vs Poland,group stage,2002 FIFA Men's World Cup,Group D,1,0,0,0,6/10/2002,20:30,S-175,Jeonju World Cup Stadium,Jeonju,South Korea,T-58,Portugal,PRT,T-57,Poland,POL,4–0,4,0,4,-4,0,0,0-0,0,0,home team win,1,0,0
M-2002-33,WC-2002,Denmark vs France,group stage,2002 FIFA Men's World Cup,Group A,1,0,0,0,6/11/2002,15:30,S-174,Incheon Munhak Stadium,Incheon,South Korea,T-22,Denmark,DNK,T-30,France,FRA,2–0,2,0,2,-2,0,0,0-0,0,0,home team win,1,0,0
M-2002-34,WC-2002,Senegal vs Uruguay,group stage,2002 FIFA Men's World Cup,Group A,1,0,0,0,6/11/2002,15:30,S-178,Suwon World Cup Stadium,Suwon,South Korea,T-65,Senegal,SEN,T-84,Uruguay,URY,3–3,3,3,0,0,0,0,0-0,0,0,draw,0,0,1
M-2002-35,WC-2002,Cameroon vs Germany,group stage,2002 FIFA Men's World Cup,Group E,1,0,0,0,6/11/2002,20:30,S-126,Shizuoka Stadium ECOPA,Shizuoka,Japan,T-11,Cameroon,CMR,T-31,Germany,DEU,0–2,0,2,-2,2,0,0,0-0,0,0,away team win,0,1,0
M-2002-36,WC-2002,Saudi Arabia vs Republic of Ireland,group stage,2002 FIFA Men's World Cup,Group E,1,0,0,0,6/11/2002,20:30,S-127,International Stadium Yokohama,Yokohama,Japan,T-63,Saudi Arabia,SAU,T-60,Republic of Ireland,IRL,0–3,0,3,-3,3,0,0,0-0,0,0,away team win,0,1,0
M-2002-37,WC-2002,Nigeria vs England,group stage,2002 FIFA Men's World Cup,Group F,1,0,0,0,6/12/2002,15:30,S-123,Nagai Stadium,Osaka,Japan,T-50,Nigeria,NGA,T-28,England,ENG,0–0,0,0,0,0,0,0,0-0,0,0,draw,0,0,1
M-2002-38,WC-2002,Sweden vs Argentina,group stage,2002 FIFA Men's World Cup,Group F,1,0,0,0,6/12/2002,15:30,S-120,Miyagi Stadium,Miyagi,Japan,T-74,Sweden,SWE,T-03,Argentina,ARG,1–1,1,1,0,0,0,0,0-0,0,0,draw,0,0,1
M-2002-39,WC-2002,Slovenia vs Paraguay,group stage,2002 FIFA Men's World Cup,Group B,1,0,0,0,6/12/2002,20:30,S-176,Jeju World Cup Stadium,Seogwipo,South Korea,T-69,Slovenia,SVN,T-55,Paraguay,PRY,1–3,1,3,-2,2,0,0,0-0,0,0,away team win,0,1,0
M-2002-40,WC-2002,South Africa vs Spain,group stage,2002 FIFA Men's World Cup,Group B,1,0,0,0,6/12/2002,20:30,S-172,Daejeon World Cup Stadium,Daejeon,South Korea,T-70,South Africa,ZAF,T-73,Spain,ESP,2–3,2,3,-1,1,0,0,0-0,0,0,away team win,0,1,0
M-2002-41,WC-2002,Costa Rica vs Brazil,group stage,2002 FIFA Men's World Cup,Group C,1,0,0,0,6/13/2002,15:30,S-178,Suwon World Cup Stadium,Suwon,South Korea,T-17,Costa Rica,CRI,T-09,Brazil,BRA,2–5,2,5,-3,3,0,0,0-0,0,0,away team win,0,1,0
M-2002-42,WC-2002,Turkey vs China,group stage,2002 FIFA Men's World Cup,Group C,1,0,0,0,6/13/2002,15:30,S-177,Seoul World Cup Stadium,Seoul,South Korea,T-80,Turkey,TUR,T-14,China,CHN,3–0,3,0,3,-3,0,0,0-0,0,0,home team win,1,0,0
M-2002-43,WC-2002,Ecuador vs Croatia,group stage,2002 FIFA Men's World Cup,Group G,1,0,0,0,6/13/2002,20:30,S-127,International Stadium Yokohama,Yokohama,Japan,T-25,Ecuador,ECU,T-18,Croatia,HRV,1–0,1,0,1,-1,0,0,0-0,0,0,home team win,1,0,0
M-2002-44,WC-2002,Mexico vs Italy,group stage,2002 FIFA Men's World Cup,Group G,1,0,0,0,6/13/2002,20:30,S-122,Ōita Stadium,Ōita,Japan,T-46,Mexico,MEX,T-41,Italy,ITA,1–1,1,1,0,0,0,0,0-0,0,0,draw,0,0,1
M-2002-45,WC-2002,Belgium vs Russia,group stage,2002 FIFA Men's World Cup,Group H,1,0,0,0,6/14/2002,15:30,S-126,Shizuoka Stadium ECOPA,Shizuoka,Japan,T-06,Belgium,BEL,T-62,Russia,RUS,3–2,3,2,1,-1,0,0,0-0,0,0,home team win,1,0,0
M-2002-46,WC-2002,Tunisia vs Japan,group stage,2002 FIFA Men's World Cup,Group H,1,0,0,0,6/14/2002,15:30,S-123,Nagai Stadium,Osaka,Japan,T-79,Tunisia,TUN,T-44,Japan,JPN,0–2,0,2,-2,2,0,0,0-0,0,0,away team win,0,1,0
M-2002-47,WC-2002,Poland vs United States,group stage,2002 FIFA Men's World Cup,Group D,1,0,0,0,6/14/2002,20:30,S-172,Daejeon World Cup Stadium,Daejeon,South Korea,T-57,Poland,POL,T-83,United States,USA,3–1,3,1,2,-2,0,0,0-0,0,0,home team win,1,0,0
M-2002-48,WC-2002,Portugal vs South Korea,group stage,2002 FIFA Men's World Cup,Group D,1,0,0,0,6/14/2002,20:30,S-174,Incheon Munhak Stadium,Incheon,South Korea,T-58,Portugal,PRT,T-71,South Korea,KOR,0–1,0,1,-1,1,0,0,0-0,0,0,away team win,0,1,0
M-2002-49,WC-2002,Germany vs Paraguay,round of 16,2002 FIFA Men's World Cup,not applicable,0,1,0,0,6/15/2002,15:30,S-176,Jeju World Cup Stadium,Seogwipo,South Korea,T-31,Germany,DEU,T-55,Paraguay,PRY,1–0,1,0,1,-1,0,0,0-0,0,0,home team win,1,0,0
M-2002-50,WC-2002,Denmark vs England,round of 16,2002 FIFA Men's World Cup,not applicable,0,1,0,0,6/15/2002,20:30,S-121,Niigata Stadium,Niigata,Japan,T-22,Denmark,DNK,T-28,England,ENG,0–3,0,3,-3,3,0,0,0-0,0,0,away team win,0,1,0
M-2002-51,WC-2002,Sweden vs Senegal,round of 16,2002 FIFA Men's World Cup,not applicable,0,1,0,0,6/16/2002,15:30,S-122,Ōita Stadium,Ōita,Japan,T-74,Sweden,SWE,T-65,Senegal,SEN,1–2,1,2,-1,1,1,0,0-0,0,0,away team win,0,1,0
M-2002-52,WC-2002,Spain vs Republic of Ireland,round of 16,2002 FIFA Men's World Cup,not applicable,0,1,0,0,6/16/2002,20:30,S-178,Suwon World Cup Stadium,Suwon,South Korea,T-73,Spain,ESP,T-60,Republic of Ireland,IRL,1–1,1,1,0,0,1,1,3–2,3,2,home team win,1,0,0
M-2002-53,WC-2002,Mexico vs United States,round of 16,2002 FIFA Men's World Cup,not applicable,0,1,0,0,6/17/2002,15:30,S-175,Jeonju World Cup Stadium,Jeonju,South Korea,T-46,Mexico,MEX,T-83,United States,USA,0–2,0,2,-2,2,0,0,0-0,0,0,away team win,0,1,0
M-2002-54,WC-2002,Brazil vs Belgium,round of 16,2002 FIFA Men's World Cup,not applicable,0,1,0,0,6/17/2002,20:30,S-119,Kobe Wing Stadium,Kobe,Japan,T-09,Brazil,BRA,T-06,Belgium,BEL,2–0,2,0,2,-2,0,0,0-0,0,0,home team win,1,0,0
M-2002-55,WC-2002,Japan vs Turkey,round of 16,2002 FIFA Men's World Cup,not applicable,0,1,0,0,6/18/2002,15:30,S-120,Miyagi Stadium,Miyagi,Japan,T-44,Japan,JPN,T-80,Turkey,TUR,0–1,0,1,-1,1,0,0,0-0,0,0,away team win,0,1,0
M-2002-56,WC-2002,South Korea vs Italy,round of 16,2002 FIFA Men's World Cup,not applicable,0,1,0,0,6/18/2002,20:30,S-172,Daejeon World Cup Stadium,Daejeon,South Korea,T-71,South Korea,KOR,T-41,Italy,ITA,2–1,2,1,1,-1,1,0,0-0,0,0,home team win,1,0,0
M-2002-57,WC-2002,England vs Brazil,quarter-finals,2002 FIFA Men's World Cup,not applicable,0,1,0,0,6/21/2002,15:30,S-126,Shizuoka Stadium ECOPA,Shizuoka,Japan,T-28,England,ENG,T-09,Brazil,BRA,1–2,1,2,-1,1,0,0,0-0,0,0,away team win,0,1,0
M-2002-58,WC-2002,Germany vs United States,quarter-finals,2002 FIFA Men's World Cup,not applicable,0,1,0,0,6/21/2002,20:30,S-179,Ulsan Munsu Football Stadium,Ulsan,South Korea,T-31,Germany,DEU,T-83,United States,USA,1–0,1,0,1,-1,0,0,0-0,0,0,home team win,1,0,0
M-2002-59,WC-2002,Spain vs South Korea,quarter-finals,2002 FIFA Men's World Cup,not applicable,0,1,0,0,6/22/2002,15:30,S-173,Gwangju World Cup Stadium,Gwangju,South Korea,T-73,Spain,ESP,T-71,South Korea,KOR,0–0,0,0,0,0,1,1,3–5,3,5,away team win,0,1,0
M-2002-60,WC-2002,Senegal vs Turkey,quarter-finals,2002 FIFA Men's World Cup,not applicable,0,1,0,0,6/22/2002,20:30,S-123,Nagai Stadium,Osaka,Japan,T-65,Senegal,SEN,T-80,Turkey,TUR,0–1,0,1,-1,1,1,0,0-0,0,0,away team win,0,1,0
M-2002-61,WC-2002,Germany vs South Korea,semi-finals,2002 FIFA Men's World Cup,not applicable,0,1,0,0,6/25/2002,20:30,S-177,Seoul World Cup Stadium,Seoul,South Korea,T-31,Germany,DEU,T-71,South Korea,KOR,1–0,1,0,1,-1,0,0,0-0,0,0,home team win,1,0,0
M-2002-62,WC-2002,Brazil vs Turkey,semi-finals,2002 FIFA Men's World Cup,not applicable,0,1,0,0,6/26/2002,20:30,S-124,Saitama Stadium,Saitama,Japan,T-09,Brazil,BRA,T-80,Turkey,TUR,1–0,1,0,1,-1,0,0,0-0,0,0,home team win,1,0,0
M-2002-63,WC-2002,South Korea vs Turkey,third-place match,2002 FIFA Men's World Cup,not applicable,0,1,0,0,6/29/2002,20:00,S-171,Daegu World Cup Stadium,Daegu,South Korea,T-71,South Korea,KOR,T-80,Turkey,TUR,2–3,2,3,-1,1,0,0,0-0,0,0,away team win,0,1,0
M-2002-64,WC-2002,Germany vs Brazil,final,2002 FIFA Men's World Cup,not applicable,0,1,0,0,6/30/2002,20:00,S-127,International Stadium Yokohama,Yokohama,Japan,T-31,Germany,DEU,T-09,Brazil,BRA,0–2,0,2,-2,2,0,0,0-0,0,0,away team win,0,1,0
M-2003-01,WC-2003,Norway vs France,group stage,2003 FIFA Women's World Cup,Group B,1,0,0,0,9/20/2003,12:00,S-229,Lincoln Financial Field,Philadelphia,United States,T-53,Norway,NOR,T-30,France,FRA,2–0,2,0,2,-2,0,0,0-0,0,0,home team win,1,0,0
M-2003-02,WC-2003,Nigeria vs North Korea,group stage,2003 FIFA Women's World Cup,Group A,1,0,0,0,9/20/2003,14:45,S-229,Lincoln Financial Field,Philadelphia,United States,T-50,Nigeria,NGA,T-51,North Korea,PRK,0–3,0,3,-3,3,0,0,0-0,0,0,away team win,0,1,0
M-2003-03,WC-2003,Germany vs Canada,group stage,2003 FIFA Women's World Cup,Group C,1,0,0,0,9/20/2003,17:45,S-220,Columbus Crew Stadium,Columbus,United States,T-31,Germany,DEU,T-12,Canada,CAN,4–1,4,1,3,-3,0,0,0-0,0,0,home team win,1,0,0
M-2003-04,WC-2003,Japan vs Argentina,group stage,2003 FIFA Women's World Cup,Group C,1,0,0,0,9/20/2003,20:30,S-220,Columbus Crew Stadium,Columbus,United States,T-44,Japan,JPN,T-03,Argentina,ARG,6–0,6,0,6,-6,0,0,0-0,0,0,home team win,1,0,0
M-2003-05,WC-2003,United States vs Sweden,group stage,2003 FIFA Women's World Cup,Group A,1,0,0,0,9/21/2003,12:30,S-237,RFK Stadium,"Washington, D.C.",United States,T-83,United States,USA,T-74,Sweden,SWE,3–1,3,1,2,-2,0,0,0-0,0,0,home team win,1,0,0
M-2003-06,WC-2003,Brazil vs South Korea,group stage,2003 FIFA Women's World Cup,Group B,1,0,0,0,9/21/2003,15:15,S-237,RFK Stadium,"Washington, D.C.",United States,T-09,Brazil,BRA,T-71,South Korea,KOR,3–0,3,0,3,-3,0,0,0-0,0,0,home team win,1,0,0
M-2003-07,WC-2003,Australia vs Russia,group stage,2003 FIFA Women's World Cup,Group D,1,0,0,0,9/21/2003,17:30,S-218,Home Depot Center,Carson,United States,T-04,Australia,AUS,T-62,Russia,RUS,1–2,1,2,-1,1,0,0,0-0,0,0,away team win,0,1,0
M-2003-08,WC-2003,China vs Ghana,group stage,2003 FIFA Women's World Cup,Group D,1,0,0,0,9/21/2003,20:15,S-218,Home Depot Center,Carson,United States,T-14,China,CHN,T-32,Ghana,GHA,1–0,1,0,1,-1,0,0,0-0,0,0,home team win,1,0,0
M-2003-09,WC-2003,Norway vs Brazil,group stage,2003 FIFA Women's World Cup,Group B,1,0,0,0,9/24/2003,17:00,S-237,RFK Stadium,"Washington, D.C.",United States,T-53,Norway,NOR,T-09,Brazil,BRA,1–4,1,4,-3,3,0,0,0-0,0,0,away team win,0,1,0
M-2003-10,WC-2003,Germany vs Japan,group stage,2003 FIFA Women's World Cup,Group C,1,0,0,0,9/24/2003,17:45,S-220,Columbus Crew Stadium,Columbus,United States,T-31,Germany,DEU,T-44,Japan,JPN,3–0,3,0,3,-3,0,0,0-0,0,0,home team win,1,0,0
M-2003-11,WC-2003,France vs South Korea,group stage,2003 FIFA Women's World Cup,Group B,1,0,0,0,9/24/2003,19:45,S-237,RFK Stadium,"Washington, D.C.",United States,T-30,France,FRA,T-71,South Korea,KOR,1–0,1,0,1,-1,0,0,0-0,0,0,home team win,1,0,0
M-2003-12,WC-2003,Canada vs Argentina,group stage,2003 FIFA Women's World Cup,Group C,1,0,0,0,9/24/2003,20:30,S-220,Columbus Crew Stadium,Columbus,United States,T-12,Canada,CAN,T-03,Argentina,ARG,3–0,3,0,3,-3,0,0,0-0,0,0,home team win,1,0,0
M-2003-13,WC-2003,Ghana vs Russia,group stage,2003 FIFA Women's World Cup,Group D,1,0,0,0,9/25/2003,16:15,S-218,Home Depot Center,Carson,United States,T-32,Ghana,GHA,T-62,Russia,RUS,0–3,0,3,-3,3,0,0,0-0,0,0,away team win,0,1,0
M-2003-14,WC-2003,Sweden vs North Korea,group stage,2003 FIFA Women's World Cup,Group A,1,0,0,0,9/25/2003,16:45,S-229,Lincoln Financial Field,Philadelphia,United States,T-74,Sweden,SWE,T-51,North Korea,PRK,1–0,1,0,1,-1,0,0,0-0,0,0,home team win,1,0,0
M-2003-15,WC-2003,China vs Australia,group stage,2003 FIFA Women's World Cup,Group D,1,0,0,0,9/25/2003,19:00,S-218,Home Depot Center,Carson,United States,T-14,China,CHN,T-04,Australia,AUS,1–1,1,1,0,0,0,0,0-0,0,0,draw,0,0,1
M-2003-16,WC-2003,United States vs Nigeria,group stage,2003 FIFA Women's World Cup,Group A,1,0,0,0,9/25/2003,19:30,S-229,Lincoln Financial Field,Philadelphia,United States,T-83,United States,USA,T-50,Nigeria,NGA,5–0,5,0,5,-5,0,0,0-0,0,0,home team win,1,0,0
M-2003-17,WC-2003,France vs Brazil,group stage,2003 FIFA Women's World Cup,Group B,1,0,0,0,9/27/2003,12:45,S-237,RFK Stadium,"Washington, D.C.",United States,T-30,France,FRA,T-09,Brazil,BRA,1–1,1,1,0,0,0,0,0-0,0,0,draw,0,0,1
M-2003-18,WC-2003,South Korea vs Norway,group stage,2003 FIFA Women's World Cup,Group B,1,0,0,0,9/27/2003,12:45,S-224,Gillette Stadium,Foxborough,United States,T-71,South Korea,KOR,T-53,Norway,NOR,1–7,1,7,-6,6,0,0,0-0,0,0,away team win,0,1,0
M-2003-19,WC-2003,Argentina vs Germany,group stage,2003 FIFA Women's World Cup,Group C,1,0,0,0,9/27/2003,15:30,S-237,RFK Stadium,"Washington, D.C.",United States,T-03,Argentina,ARG,T-31,Germany,DEU,1–6,1,6,-5,5,0,0,0-0,0,0,away team win,0,1,0
M-2003-20,WC-2003,Canada vs Japan,group stage,2003 FIFA Women's World Cup,Group C,1,0,0,0,9/27/2003,15:30,S-224,Gillette Stadium,Foxborough,United States,T-12,Canada,CAN,T-44,Japan,JPN,3–1,3,1,2,-2,0,0,0-0,0,0,home team win,1,0,0
M-2003-21,WC-2003,Sweden vs Nigeria,group stage,2003 FIFA Women's World Cup,Group A,1,0,0,0,9/28/2003,13:00,S-220,Columbus Crew Stadium,Columbus,United States,T-74,Sweden,SWE,T-50,Nigeria,NGA,3–0,3,0,3,-3,0,0,0-0,0,0,home team win,1,0,0
M-2003-22,WC-2003,North Korea vs United States,group stage,2003 FIFA Women's World Cup,Group A,1,0,0,0,9/28/2003,15:45,S-220,Columbus Crew Stadium,Columbus,United States,T-51,North Korea,PRK,T-83,United States,USA,0–3,0,3,-3,3,0,0,0-0,0,0,away team win,0,1,0
M-2003-23,WC-2003,Ghana vs Australia,group stage,2003 FIFA Women's World Cup,Group D,1,0,0,0,9/28/2003,17:15,S-232,PGE Park,Portland,United States,T-32,Ghana,GHA,T-04,Australia,AUS,2–1,2,1,1,-1,0,0,0-0,0,0,home team win,1,0,0
M-2003-24,WC-2003,China vs Russia,group stage,2003 FIFA Women's World Cup,Group D,1,0,0,0,9/28/2003,20:00,S-232,PGE Park,Portland,United States,T-14,China,CHN,T-62,Russia,RUS,1–0,1,0,1,-1,0,0,0-0,0,0,home team win,1,0,0
M-2003-25,WC-2003,Brazil vs Sweden,quarter-final,2003 FIFA Women's World Cup,not applicable,0,1,0,0,10/1/2003,16:30,S-224,Gillette Stadium,Foxborough,United States,T-09,Brazil,BRA,T-74,Sweden,SWE,1–2,1,2,-1,1,0,0,0-0,0,0,away team win,0,1,0
M-2003-26,WC-2003,United States vs Norway,quarter-final,2003 FIFA Women's World Cup,not applicable,0,1,0,0,10/1/2003,19:30,S-224,Gillette Stadium,Foxborough,United States,T-83,United States,USA,T-53,Norway,NOR,1–0,1,0,1,-1,0,0,0-0,0,0,home team win,1,0,0
M-2003-27,WC-2003,Germany vs Russia,quarter-final,2003 FIFA Women's World Cup,not applicable,0,1,0,0,10/2/2003,16:30,S-232,PGE Park,Portland,United States,T-31,Germany,DEU,T-62,Russia,RUS,7–1,7,1,6,-6,0,0,0-0,0,0,home team win,1,0,0
M-2003-28,WC-2003,China vs Canada,quarter-final,2003 FIFA Women's World Cup,not applicable,0,1,0,0,10/2/2003,19:30,S-232,PGE Park,Portland,United States,T-14,China,CHN,T-12,Canada,CAN,0–1,0,1,-1,1,0,0,0-0,0,0,away team win,0,1,0
M-2003-29,WC-2003,United States vs Germany,semi-final,2003 FIFA Women's World Cup,not applicable,0,1,0,0,10/5/2003,16:30,S-232,PGE Park,Portland,United States,T-83,United States,USA,T-31,Germany,DEU,0–3,0,3,-3,3,0,0,0-0,0,0,away team win,0,1,0
M-2003-30,WC-2003,Sweden vs Canada,semi-final,2003 FIFA Women's World Cup,not applicable,0,1,0,0,10/5/2003,19:30,S-232,PGE Park,Portland,United States,T-74,Sweden,SWE,T-12,Canada,CAN,2–1,2,1,1,-1,0,0,0-0,0,0,home team win,1,0,0
M-2003-31,WC-2003,United States vs Canada,third-place match,2003 FIFA Women's World Cup,not applicable,0,1,0,0,10/11/2003,12:30,S-218,Home Depot Center,Carson,United States,T-83,United States,USA,T-12,Canada,CAN,3–1,3,1,2,-2,0,0,0-0,0,0,home team win,1,0,0
M-2003-32,WC-2003,Germany vs Sweden,final,2003 FIFA Women's World Cup,not applicable,0,1,0,0,10/12/2003,10:00,S-218,Home Depot Center,Carson,United States,T-31,Germany,DEU,T-74,Sweden,SWE,2–1,2,1,1,-1,1,0,0-0,0,0,home team win,1,0,0
M-2006-01,WC-2006,Germany vs Costa Rica,group stage,2006 FIFA Men's World Cup,Group A,1,0,0,0,6/9/2006,18:00,S-095,Allianz Arena,Munich,Germany,T-31,Germany,DEU,T-17,Costa Rica,CRI,4–2,4,2,2,-2,0,0,0-0,0,0,home team win,1,0,0
M-2006-02,WC-2006,Poland vs Ecuador,group stage,2006 FIFA Men's World Cup,Group A,1,0,0,0,6/9/2006,21:00,S-087,Arena AufShalke,Gelsenkirchen,Germany,T-57,Poland,POL,T-25,Ecuador,ECU,0–2,0,2,-2,2,0,0,0-0,0,0,away team win,0,1,0
M-2006-03,WC-2006,England vs Paraguay,group stage,2006 FIFA Men's World Cup,Group B,1,0,0,0,6/10/2006,15:00,S-086,Waldstadion,Frankfurt,Germany,T-28,England,ENG,T-55,Paraguay,PRY,1–0,1,0,1,-1,0,0,0-0,0,0,home team win,1,0,0
M-2006-04,WC-2006,Trinidad and Tobago vs Sweden,group stage,2006 FIFA Men's World Cup,Group B,1,0,0,0,6/10/2006,18:00,S-083,Westfalenstadion,Dortmund,Germany,T-78,Trinidad and Tobago,TTO,T-74,Sweden,SWE,0–0,0,0,0,0,0,0,0-0,0,0,draw,0,0,1
M-2006-05,WC-2006,Argentina vs Ivory Coast,group stage,2006 FIFA Men's World Cup,Group C,1,0,0,0,6/10/2006,21:00,S-089,Volksparkstadion,Hamburg,Germany,T-03,Argentina,ARG,T-42,Ivory Coast,CIV,2–1,2,1,1,-1,0,0,0-0,0,0,home team win,1,0,0
M-2006-06,WC-2006,Serbia and Montenegro vs Netherlands,group stage,2006 FIFA Men's World Cup,Group C,1,0,0,0,6/11/2006,15:00,S-092,Zentralstadion,Leipzig,Germany,T-67,Serbia and Montenegro,SCG,T-48,Netherlands,NLD,0–1,0,1,-1,1,0,0,0-0,0,0,away team win,0,1,0
M-2006-07,WC-2006,Mexico vs Iran,group stage,2006 FIFA Men's World Cup,Group D,1,0,0,0,6/11/2006,18:00,S-097,Frankenstadion,Nuremberg,Germany,T-46,Mexico,MEX,T-38,Iran,IRN,3–1,3,1,2,-2,0,0,0-0,0,0,home team win,1,0,0
M-2006-08,WC-2006,Angola vs Portugal,group stage,2006 FIFA Men's World Cup,Group D,1,0,0,0,6/11/2006,21:00,S-082,RheinEnergieStadion,Cologne,Germany,T-02,Angola,AGO,T-58,Portugal,PRT,0–1,0,1,-1,1,0,0,0-0,0,0,away team win,0,1,0
M-2006-09,WC-2006,Australia vs Japan,group stage,2006 FIFA Men's World Cup,Group F,1,0,0,0,6/12/2006,15:00,S-091,Fritz-Walter-Stadion,Kaiserslautern,Germany,T-04,Australia,AUS,T-44,Japan,JPN,3–1,3,1,2,-2,0,0,0-0,0,0,home team win,1,0,0
M-2006-10,WC-2006,United States vs Czech Republic,group stage,2006 FIFA Men's World Cup,Group E,1,0,0,0,6/12/2006,18:00,S-087,Arena AufShalke,Gelsenkirchen,Germany,T-83,United States,USA,T-20,Czech Republic,CZE,0–3,0,3,-3,3,0,0,0-0,0,0,away team win,0,1,0
M-2006-11,WC-2006,Italy vs Ghana,group stage,2006 FIFA Men's World Cup,Group E,1,0,0,0,6/12/2006,21:00,S-090,Niedersachsenstadion,Hanover,Germany,T-41,Italy,ITA,T-32,Ghana,GHA,2–0,2,0,2,-2,0,0,0-0,0,0,home team win,1,0,0
M-2006-12,WC-2006,South Korea vs Togo,group stage,2006 FIFA Men's World Cup,Group G,1,0,0,0,6/13/2006,15:00,S-086,Waldstadion,Frankfurt,Germany,T-71,South Korea,KOR,T-77,Togo,TGO,2–1,2,1,1,-1,0,0,0-0,0,0,home team win,1,0,0
M-2006-13,WC-2006,France vs Switzerland,group stage,2006 FIFA Men's World Cup,Group G,1,0,0,0,6/13/2006,18:00,S-099,Neckarstadion,Stuttgart,Germany,T-30,France,FRA,T-75,Switzerland,CHE,0–0,0,0,0,0,0,0,0-0,0,0,draw,0,0,1
M-2006-14,WC-2006,Brazil vs Croatia,group stage,2006 FIFA Men's World Cup,Group F,1,0,0,0,6/13/2006,21:00,S-080,Olympiastadion,Berlin,Germany,T-09,Brazil,BRA,T-18,Croatia,HRV,1–0,1,0,1,-1,0,0,0-0,0,0,home team win,1,0,0
M-2006-15,WC-2006,Spain vs Ukraine,group stage,2006 FIFA Men's World Cup,Group H,1,0,0,0,6/14/2006,15:00,S-092,Zentralstadion,Leipzig,Germany,T-73,Spain,ESP,T-81,Ukraine,UKR,4–0,4,0,4,-4,0,0,0-0,0,0,home team win,1,0,0
M-2006-16,WC-2006,Tunisia vs Saudi Arabia,group stage,2006 FIFA Men's World Cup,Group H,1,0,0,0,6/14/2006,18:00,S-095,Allianz Arena,Munich,Germany,T-79,Tunisia,TUN,T-63,Saudi Arabia,SAU,2–2,2,2,0,0,0,0,0-0,0,0,draw,0,0,1
M-2006-17,WC-2006,Germany vs Poland,group stage,2006 FIFA Men's World Cup,Group A,1,0,0,0,6/14/2006,21:00,S-083,Westfalenstadion,Dortmund,Germany,T-31,Germany,DEU,T-57,Poland,POL,1–0,1,0,1,-1,0,0,0-0,0,0,home team win,1,0,0
M-2006-18,WC-2006,Ecuador vs Costa Rica,group stage,2006 FIFA Men's World Cup,Group A,1,0,0,0,6/15/2006,15:00,S-089,Volksparkstadion,Hamburg,Germany,T-25,Ecuador,ECU,T-17,Costa Rica,CRI,3–0,3,0,3,-3,0,0,0-0,0,0,home team win,1,0,0
M-2006-19,WC-2006,England vs Trinidad and Tobago,group stage,2006 FIFA Men's World Cup,Group B,1,0,0,0,6/15/2006,18:00,S-097,Frankenstadion,Nuremberg,Germany,T-28,England,ENG,T-78,Trinidad and Tobago,TTO,2–0,2,0,2,-2,0,0,0-0,0,0,home team win,1,0,0
M-2006-20,WC-2006,Sweden vs Paraguay,group stage,2006 FIFA Men's World Cup,Group B,1,0,0,0,6/15/2006,21:00,S-080,Olympiastadion,Berlin,Germany,T-74,Sweden,SWE,T-55,Paraguay,PRY,1–0,1,0,1,-1,0,0,0-0,0,0,home team win,1,0,0
M-2006-21,WC-2006,Argentina vs Serbia and Montenegro,group stage,2006 FIFA Men's World Cup,Group C,1,0,0,0,6/16/2006,15:00,S-087,Arena AufShalke,Gelsenkirchen,Germany,T-03,Argentina,ARG,T-67,Serbia and Montenegro,SCG,6–0,6,0,6,-6,0,0,0-0,0,0,home team win,1,0,0
M-2006-22,WC-2006,Netherlands vs Ivory Coast,group stage,2006 FIFA Men's World Cup,Group C,1,0,0,0,6/16/2006,18:00,S-099,Neckarstadion,Stuttgart,Germany,T-48,Netherlands,NLD,T-42,Ivory Coast,CIV,2–1,2,1,1,-1,0,0,0-0,0,0,home team win,1,0,0
M-2006-23,WC-2006,Mexico vs Angola,group stage,2006 FIFA Men's World Cup,Group D,1,0,0,0,6/16/2006,21:00,S-090,Niedersachsenstadion,Hanover,Germany,T-46,Mexico,MEX,T-02,Angola,AGO,0–0,0,0,0,0,0,0,0-0,0,0,draw,0,0,1
M-2006-24,WC-2006,Portugal vs Iran,group stage,2006 FIFA Men's World Cup,Group D,1,0,0,0,6/17/2006,15:00,S-086,Waldstadion,Frankfurt,Germany,T-58,Portugal,PRT,T-38,Iran,IRN,2–0,2,0,2,-2,0,0,0-0,0,0,home team win,1,0,0
M-2006-25,WC-2006,Czech Republic vs Ghana,group stage,2006 FIFA Men's World Cup,Group E,1,0,0,0,6/17/2006,18:00,S-082,RheinEnergieStadion,Cologne,Germany,T-20,Czech Republic,CZE,T-32,Ghana,GHA,0–2,0,2,-2,2,0,0,0-0,0,0,away team win,0,1,0
M-2006-26,WC-2006,Italy vs United States,group stage,2006 FIFA Men's World Cup,Group E,1,0,0,0,6/17/2006,21:00,S-091,Fritz-Walter-Stadion,Kaiserslautern,Germany,T-41,Italy,ITA,T-83,United States,USA,1–1,1,1,0,0,0,0,0-0,0,0,draw,0,0,1
M-2006-27,WC-2006,Japan vs Croatia,group stage,2006 FIFA Men's World Cup,Group F,1,0,0,0,6/18/2006,15:00,S-097,Frankenstadion,Nuremberg,Germany,T-44,Japan,JPN,T-18,Croatia,HRV,0–0,0,0,0,0,0,0,0-0,0,0,draw,0,0,1
M-2006-28,WC-2006,Brazil vs Australia,group stage,2006 FIFA Men's World Cup,Group F,1,0,0,0,6/18/2006,18:00,S-095,Allianz Arena,Munich,Germany,T-09,Brazil,BRA,T-04,Australia,AUS,2–0,2,0,2,-2,0,0,0-0,0,0,home team win,1,0,0
M-2006-29,WC-2006,France vs South Korea,group stage,2006 FIFA Men's World Cup,Group G,1,0,0,0,6/18/2006,21:00,S-092,Zentralstadion,Leipzig,Germany,T-30,France,FRA,T-71,South Korea,KOR,1–1,1,1,0,0,0,0,0-0,0,0,draw,0,0,1
M-2006-30,WC-2006,Togo vs Switzerland,group stage,2006 FIFA Men's World Cup,Group G,1,0,0,0,6/19/2006,15:00,S-083,Westfalenstadion,Dortmund,Germany,T-77,Togo,TGO,T-75,Switzerland,CHE,0–2,0,2,-2,2,0,0,0-0,0,0,away team win,0,1,0
M-2006-31,WC-2006,Saudi Arabia vs Ukraine,group stage,2006 FIFA Men's World Cup,Group H,1,0,0,0,6/19/2006,18:00,S-089,Volksparkstadion,Hamburg,Germany,T-63,Saudi Arabia,SAU,T-81,Ukraine,UKR,0–4,0,4,-4,4,0,0,0-0,0,0,away team win,0,1,0
M-2006-32,WC-2006,Spain vs Tunisia,group stage,2006 FIFA Men's World Cup,Group H,1,0,0,0,6/19/2006,21:00,S-099,Neckarstadion,Stuttgart,Germany,T-73,Spain,ESP,T-79,Tunisia,TUN,3–1,3,1,2,-2,0,0,0-0,0,0,home team win,1,0,0
M-2006-33,WC-2006,Costa Rica vs Poland,group stage,2006 FIFA Men's World Cup,Group A,1,0,0,0,6/20/2006,16:00,S-090,Niedersachsenstadion,Hanover,Germany,T-17,Costa Rica,CRI,T-57,Poland,POL,1–2,1,2,-1,1,0,0,0-0,0,0,away team win,0,1,0
M-2006-34,WC-2006,Ecuador vs Germany,group stage,2006 FIFA Men's World Cup,Group A,1,0,0,0,6/20/2006,16:00,S-080,Olympiastadion,Berlin,Germany,T-25,Ecuador,ECU,T-31,Germany,DEU,0–3,0,3,-3,3,0,0,0-0,0,0,away team win,0,1,0
M-2006-35,WC-2006,Paraguay vs Trinidad and Tobago,group stage,2006 FIFA Men's World Cup,Group B,1,0,0,0,6/20/2006,21:00,S-091,Fritz-Walter-Stadion,Kaiserslautern,Germany,T-55,Paraguay,PRY,T-78,Trinidad and Tobago,TTO,2–0,2,0,2,-2,0,0,0-0,0,0,home team win,1,0,0
M-2006-36,WC-2006,Sweden vs England,group stage,2006 FIFA Men's World Cup,Group B,1,0,0,0,6/20/2006,21:00,S-082,RheinEnergieStadion,Cologne,Germany,T-74,Sweden,SWE,T-28,England,ENG,2–2,2,2,0,0,0,0,0-0,0,0,draw,0,0,1
M-2006-37,WC-2006,Iran vs Angola,group stage,2006 FIFA Men's World Cup,Group D,1,0,0,0,6/21/2006,16:00,S-092,Zentralstadion,Leipzig,Germany,T-38,Iran,IRN,T-02,Angola,AGO,1–1,1,1,0,0,0,0,0-0,0,0,draw,0,0,1
M-2006-38,WC-2006,Portugal vs Mexico,group stage,2006 FIFA Men's World Cup,Group D,1,0,0,0,6/21/2006,16:00,S-087,Arena AufShalke,Gelsenkirchen,Germany,T-58,Portugal,PRT,T-46,Mexico,MEX,2–1,2,1,1,-1,0,0,0-0,0,0,home team win,1,0,0
M-2006-39,WC-2006,Ivory Coast vs Serbia and Montenegro,group stage,2006 FIFA Men's World Cup,Group C,1,0,0,0,6/21/2006,21:00,S-095,Allianz Arena,Munich,Germany,T-42,Ivory Coast,CIV,T-67,Serbia and Montenegro,SCG,3–2,3,2,1,-1,0,0,0-0,0,0,home team win,1,0,0
M-2006-40,WC-2006,Netherlands vs Argentina,group stage,2006 FIFA Men's World Cup,Group C,1,0,0,0,6/21/2006,21:00,S-086,Waldstadion,Frankfurt,Germany,T-48,Netherlands,NLD,T-03,Argentina,ARG,0–0,0,0,0,0,0,0,0-0,0,0,draw,0,0,1
M-2006-41,WC-2006,Czech Republic vs Italy,group stage,2006 FIFA Men's World Cup,Group E,1,0,0,0,6/22/2006,16:00,S-089,Volksparkstadion,Hamburg,Germany,T-20,Czech Republic,CZE,T-41,Italy,ITA,0–2,0,2,-2,2,0,0,0-0,0,0,away team win,0,1,0
M-2006-42,WC-2006,Ghana vs United States,group stage,2006 FIFA Men's World Cup,Group E,1,0,0,0,6/22/2006,16:00,S-097,Frankenstadion,Nuremberg,Germany,T-32,Ghana,GHA,T-83,United States,USA,2–1,2,1,1,-1,0,0,0-0,0,0,home team win,1,0,0
M-2006-43,WC-2006,Croatia vs Australia,group stage,2006 FIFA Men's World Cup,Group F,1,0,0,0,6/22/2006,21:00,S-099,Neckarstadion,Stuttgart,Germany,T-18,Croatia,HRV,T-04,Australia,AUS,2–2,2,2,0,0,0,0,0-0,0,0,draw,0,0,1
M-2006-44,WC-2006,Japan vs Brazil,group stage,2006 FIFA Men's World Cup,Group F,1,0,0,0,6/22/2006,21:00,S-083,Westfalenstadion,Dortmund,Germany,T-44,Japan,JPN,T-09,Brazil,BRA,1–4,1,4,-3,3,0,0,0-0,0,0,away team win,0,1,0
M-2006-45,WC-2006,Saudi Arabia vs Spain,group stage,2006 FIFA Men's World Cup,Group H,1,0,0,0,6/23/2006,16:00,S-091,Fritz-Walter-Stadion,Kaiserslautern,Germany,T-63,Saudi Arabia,SAU,T-73,Spain,ESP,0–1,0,1,-1,1,0,0,0-0,0,0,away team win,0,1,0
M-2006-46,WC-2006,Ukraine vs Tunisia,group stage,2006 FIFA Men's World Cup,Group H,1,0,0,0,6/23/2006,16:00,S-080,Olympiastadion,Berlin,Germany,T-81,Ukraine,UKR,T-79,Tunisia,TUN,1–0,1,0,1,-1,0,0,0-0,0,0,home team win,1,0,0
M-2006-47,WC-2006,Switzerland vs South Korea,group stage,2006 FIFA Men's World Cup,Group G,1,0,0,0,6/23/2006,21:00,S-090,Niedersachsenstadion,Hanover,Germany,T-75,Switzerland,CHE,T-71,South Korea,KOR,2–0,2,0,2,-2,0,0,0-0,0,0,home team win,1,0,0
M-2006-48,WC-2006,Togo vs France,group stage,2006 FIFA Men's World Cup,Group G,1,0,0,0,6/23/2006,21:00,S-082,RheinEnergieStadion,Cologne,Germany,T-77,Togo,TGO,T-30,France,FRA,0–2,0,2,-2,2,0,0,0-0,0,0,away team win,0,1,0
M-2006-49,WC-2006,Germany vs Sweden,round of 16,2006 FIFA Men's World Cup,not applicable,0,1,0,0,6/24/2006,17:00,S-095,Allianz Arena,Munich,Germany,T-31,Germany,DEU,T-74,Sweden,SWE,2–0,2,0,2,-2,0,0,0-0,0,0,home team win,1,0,0
M-2006-50,WC-2006,Argentina vs Mexico,round of 16,2006 FIFA Men's World Cup,not applicable,0,1,0,0,6/24/2006,21:00,S-092,Zentralstadion,Leipzig,Germany,T-03,Argentina,ARG,T-46,Mexico,MEX,2–1,2,1,1,-1,1,0,0-0,0,0,home team win,1,0,0
M-2006-51,WC-2006,England vs Ecuador,round of 16,2006 FIFA Men's World Cup,not applicable,0,1,0,0,6/25/2006,17:00,S-099,Neckarstadion,Stuttgart,Germany,T-28,England,ENG,T-25,Ecuador,ECU,1–0,1,0,1,-1,0,0,0-0,0,0,home team win,1,0,0
M-2006-52,WC-2006,Portugal vs Netherlands,round of 16,2006 FIFA Men's World Cup,not applicable,0,1,0,0,6/25/2006,21:00,S-097,Frankenstadion,Nuremberg,Germany,T-58,Portugal,PRT,T-48,Netherlands,NLD,1–0,1,0,1,-1,0,0,0-0,0,0,home team win,1,0,0
M-2006-53,WC-2006,Italy vs Australia,round of 16,2006 FIFA Men's World Cup,not applicable,0,1,0,0,6/26/2006,17:00,S-091,Fritz-Walter-Stadion,Kaiserslautern,Germany,T-41,Italy,ITA,T-04,Australia,AUS,1–0,1,0,1,-1,0,0,0-0,0,0,home team win,1,0,0
M-2006-54,WC-2006,Switzerland vs Ukraine,round of 16,2006 FIFA Men's World Cup,not applicable,0,1,0,0,6/26/2006,21:00,S-082,RheinEnergieStadion,Cologne,Germany,T-75,Switzerland,CHE,T-81,Ukraine,UKR,0–0,0,0,0,0,1,1,0–3,0,3,away team win,0,1,0
M-2006-55,WC-2006,Brazil vs Ghana,round of 16,2006 FIFA Men's World Cup,not applicable,0,1,0,0,6/27/2006,17:00,S-083,Westfalenstadion,Dortmund,Germany,T-09,Brazil,BRA,T-32,Ghana,GHA,3–0,3,0,3,-3,0,0,0-0,0,0,home team win,1,0,0
M-2006-56,WC-2006,Spain vs France,round of 16,2006 FIFA Men's World Cup,not applicable,0,1,0,0,6/27/2006,21:00,S-090,Niedersachsenstadion,Hanover,Germany,T-73,Spain,ESP,T-30,France,FRA,1–3,1,3,-2,2,0,0,0-0,0,0,away team win,0,1,0
M-2006-57,WC-2006,Germany vs Argentina,quarter-finals,2006 FIFA Men's World Cup,not applicable,0,1,0,0,6/30/2006,17:00,S-080,Olympiastadion,Berlin,Germany,T-31,Germany,DEU,T-03,Argentina,ARG,1–1,1,1,0,0,1,1,4–2,4,2,home team win,1,0,0
M-2006-58,WC-2006,Italy vs Ukraine,quarter-finals,2006 FIFA Men's World Cup,not applicable,0,1,0,0,6/30/2006,21:00,S-089,Volksparkstadion,Hamburg,Germany,T-41,Italy,ITA,T-81,Ukraine,UKR,3–0,3,0,3,-3,0,0,0-0,0,0,home team win,1,0,0
M-2006-59,WC-2006,England vs Portugal,quarter-finals,2006 FIFA Men's World Cup,not applicable,0,1,0,0,7/1/2006,17:00,S-087,Arena AufShalke,Gelsenkirchen,Germany,T-28,England,ENG,T-58,Portugal,PRT,0–0,0,0,0,0,1,1,1–3,1,3,away team win,0,1,0
M-2006-60,WC-2006,Brazil vs France,quarter-finals,2006 FIFA Men's World Cup,not applicable,0,1,0,0,7/1/2006,21:00,S-086,Waldstadion,Frankfurt,Germany,T-09,Brazil,BRA,T-30,France,FRA,0–1,0,1,-1,1,0,0,0-0,0,0,away team win,0,1,0
M-2006-61,WC-2006,Germany vs Italy,semi-finals,2006 FIFA Men's World Cup,not applicable,0,1,0,0,7/4/2006,21:00,S-083,Westfalenstadion,Dortmund,Germany,T-31,Germany,DEU,T-41,Italy,ITA,0–2,0,2,-2,2,1,0,0-0,0,0,away team win,0,1,0
M-2006-62,WC-2006,Portugal vs France,semi-finals,2006 FIFA Men's World Cup,not applicable,0,1,0,0,7/5/2006,21:00,S-095,Allianz Arena,Munich,Germany,T-58,Portugal,PRT,T-30,France,FRA,0–1,0,1,-1,1,0,0,0-0,0,0,away team win,0,1,0
M-2006-63,WC-2006,Germany vs Portugal,third-place match,2006 FIFA Men's World Cup,not applicable,0,1,0,0,7/8/2006,21:00,S-099,Neckarstadion,Stuttgart,Germany,T-31,Germany,DEU,T-58,Portugal,PRT,3–1,3,1,2,-2,0,0,0-0,0,0,home team win,1,0,0
M-2006-64,WC-2006,Italy vs France,final,2006 FIFA Men's World Cup,not applicable,0,1,0,0,7/9/2006,20:00,S-080,Olympiastadion,Berlin,Germany,T-41,Italy,ITA,T-30,France,FRA,1–1,1,1,0,0,1,1,5–3,5,3,home team win,1,0,0
M-2007-01,WC-2007,Germany vs Argentina,group stage,2007 FIFA Women's World Cup,Group A,1,0,0,0,9/10/2007,20:00,S-043,Hongkou Football Stadium,Shanghai,China,T-31,Germany,DEU,T-03,Argentina,ARG,11–0,11,0,11,-11,0,0,0-0,0,0,home team win,1,0,0
M-2007-02,WC-2007,United States vs North Korea,group stage,2007 FIFA Women's World Cup,Group B,1,0,0,0,9/11/2007,17:00,S-034,Chengdu Sports Center,Chengdu,China,T-83,United States,USA,T-51,North Korea,PRK,2–2,2,2,0,0,0,0,0-0,0,0,draw,0,0,1
M-2007-03,WC-2007,Japan vs England,group stage,2007 FIFA Women's World Cup,Group A,1,0,0,0,9/11/2007,20:00,S-043,Hongkou Football Stadium,Shanghai,China,T-44,Japan,JPN,T-28,England,ENG,2–2,2,2,0,0,0,0,0-0,0,0,draw,0,0,1
M-2007-04,WC-2007,Nigeria vs Sweden,group stage,2007 FIFA Women's World Cup,Group B,1,0,0,0,9/11/2007,20:00,S-034,Chengdu Sports Center,Chengdu,China,T-50,Nigeria,NGA,T-74,Sweden,SWE,1–1,1,1,0,0,0,0,0-0,0,0,draw,0,0,1
M-2007-05,WC-2007,Ghana vs Australia,group stage,2007 FIFA Women's World Cup,Group C,1,0,0,0,9/12/2007,17:00,S-041,Yellow Dragon Sports Center,Hangzhou,China,T-32,Ghana,GHA,T-04,Australia,AUS,1–4,1,4,-3,3,0,0,0-0,0,0,away team win,0,1,0
M-2007-06,WC-2007,New Zealand vs Brazil,group stage,2007 FIFA Women's World Cup,Group D,1,0,0,0,9/12/2007,17:00,S-045,Wuhan Sports Center,Wuhan,China,T-49,New Zealand,NZL,T-09,Brazil,BRA,0–5,0,5,-5,5,0,0,0-0,0,0,away team win,0,1,0
M-2007-07,WC-2007,Norway vs Canada,group stage,2007 FIFA Women's World Cup,Group C,1,0,0,0,9/12/2007,20:00,S-041,Yellow Dragon Sports Center,Hangzhou,China,T-53,Norway,NOR,T-12,Canada,CAN,2–1,2,1,1,-1,0,0,0-0,0,0,home team win,1,0,0
M-2007-08,WC-2007,China vs Denmark,group stage,2007 FIFA Women's World Cup,Group D,1,0,0,0,9/12/2007,20:00,S-045,Wuhan Sports Center,Wuhan,China,T-14,China,CHN,T-22,Denmark,DNK,3–2,3,2,1,-1,0,0,0-0,0,0,home team win,1,0,0
M-2007-09,WC-2007,Argentina vs Japan,group stage,2007 FIFA Women's World Cup,Group A,1,0,0,0,9/14/2007,17:00,S-043,Hongkou Football Stadium,Shanghai,China,T-03,Argentina,ARG,T-44,Japan,JPN,0–1,0,1,-1,1,0,0,0-0,0,0,away team win,0,1,0
M-2007-10,WC-2007,Sweden vs United States,group stage,2007 FIFA Women's World Cup,Group B,1,0,0,0,9/14/2007,17:00,S-034,Chengdu Sports Center,Chengdu,China,T-74,Sweden,SWE,T-83,United States,USA,0–2,0,2,-2,2,0,0,0-0,0,0,away team win,0,1,0
M-2007-11,WC-2007,England vs Germany,group stage,2007 FIFA Women's World Cup,Group A,1,0,0,0,9/14/2007,20:00,S-043,Hongkou Football Stadium,Shanghai,China,T-28,England,ENG,T-31,Germany,DEU,0–0,0,0,0,0,0,0,0-0,0,0,draw,0,0,1
M-2007-12,WC-2007,North Korea vs Nigeria,group stage,2007 FIFA Women's World Cup,Group B,1,0,0,0,9/14/2007,20:00,S-034,Chengdu Sports Center,Chengdu,China,T-51,North Korea,PRK,T-50,Nigeria,NGA,2–0,2,0,2,-2,0,0,0-0,0,0,home team win,1,0,0
M-2007-13,WC-2007,Canada vs Ghana,group stage,2007 FIFA Women's World Cup,Group C,1,0,0,0,9/15/2007,17:00,S-041,Yellow Dragon Sports Center,Hangzhou,China,T-12,Canada,CAN,T-32,Ghana,GHA,4–0,4,0,4,-4,0,0,0-0,0,0,home team win,1,0,0
M-2007-14,WC-2007,Denmark vs New Zealand,group stage,2007 FIFA Women's World Cup,Group D,1,0,0,0,9/15/2007,17:00,S-045,Wuhan Sports Center,Wuhan,China,T-22,Denmark,DNK,T-49,New Zealand,NZL,2–0,2,0,2,-2,0,0,0-0,0,0,home team win,1,0,0
M-2007-15,WC-2007,Australia vs Norway,group stage,2007 FIFA Women's World Cup,Group C,1,0,0,0,9/15/2007,20:00,S-041,Yellow Dragon Sports Center,Hangzhou,China,T-04,Australia,AUS,T-53,Norway,NOR,1–1,1,1,0,0,0,0,0-0,0,0,draw,0,0,1
M-2007-16,WC-2007,Brazil vs China,group stage,2007 FIFA Women's World Cup,Group D,1,0,0,0,9/15/2007,20:00,S-045,Wuhan Sports Center,Wuhan,China,T-09,Brazil,BRA,T-14,China,CHN,4–0,4,0,4,-4,0,0,0-0,0,0,home team win,1,0,0
M-2007-17,WC-2007,England vs Argentina,group stage,2007 FIFA Women's World Cup,Group A,1,0,0,0,9/17/2007,20:00,S-034,Chengdu Sports Center,Chengdu,China,T-28,England,ENG,T-03,Argentina,ARG,6–1,6,1,5,-5,0,0,0-0,0,0,home team win,1,0,0
M-2007-18,WC-2007,Germany vs Japan,group stage,2007 FIFA Women's World Cup,Group A,1,0,0,0,9/17/2007,20:00,S-041,Yellow Dragon Sports Center,Hangzhou,China,T-31,Germany,DEU,T-44,Japan,JPN,2–0,2,0,2,-2,0,0,0-0,0,0,home team win,1,0,0
M-2007-19,WC-2007,Nigeria vs United States,group stage,2007 FIFA Women's World Cup,Group B,1,0,0,0,9/18/2007,20:00,S-043,Hongkou Football Stadium,Shanghai,China,T-50,Nigeria,NGA,T-83,United States,USA,0–1,0,1,-1,1,0,0,0-0,0,0,away team win,0,1,0
M-2007-20,WC-2007,North Korea vs Sweden,group stage,2007 FIFA Women's World Cup,Group B,1,0,0,0,9/18/2007,20:00,S-044,Tianjin Olympic Center,Tianjin,China,T-51,North Korea,PRK,T-74,Sweden,SWE,1–2,1,2,-1,1,0,0,0-0,0,0,away team win,0,1,0
M-2007-21,WC-2007,Australia vs Canada,group stage,2007 FIFA Women's World Cup,Group C,1,0,0,0,9/20/2007,17:00,S-041,Yellow Dragon Sports Center,Hangzhou,China,T-04,Australia,AUS,T-12,Canada,CAN,2–2,2,2,0,0,0,0,0-0,0,0,draw,0,0,1
M-2007-22,WC-2007,Norway vs Ghana,group stage,2007 FIFA Women's World Cup,Group C,1,0,0,0,9/20/2007,17:00,S-041,Yellow Dragon Sports Center,Hangzhou,China,T-53,Norway,NOR,T-32,Ghana,GHA,7–2,7,2,5,-5,0,0,0-0,0,0,home team win,1,0,0
M-2007-23,WC-2007,Brazil vs Denmark,group stage,2007 FIFA Women's World Cup,Group D,1,0,0,0,9/20/2007,20:00,S-041,Yellow Dragon Sports Center,Hangzhou,China,T-09,Brazil,BRA,T-22,Denmark,DNK,1–0,1,0,1,-1,0,0,0-0,0,0,home team win,1,0,0
M-2007-24,WC-2007,China vs New Zealand,group stage,2007 FIFA Women's World Cup,Group D,1,0,0,0,9/20/2007,20:00,S-044,Tianjin Olympic Center,Tianjin,China,T-14,China,CHN,T-49,New Zealand,NZL,2–0,2,0,2,-2,0,0,0-0,0,0,home team win,1,0,0
M-2007-25,WC-2007,Germany vs North Korea,quarter-final,2007 FIFA Women's World Cup,not applicable,0,1,0,0,9/22/2007,17:00,S-045,Wuhan Sports Center,Wuhan,China,T-31,Germany,DEU,T-51,North Korea,PRK,3–0,3,0,3,-3,0,0,0-0,0,0,home team win,1,0,0
M-2007-26,WC-2007,United States vs England,quarter-final,2007 FIFA Women's World Cup,not applicable,0,1,0,0,9/22/2007,20:00,S-044,Tianjin Olympic Center,Tianjin,China,T-83,United States,USA,T-28,England,ENG,3–0,3,0,3,-3,0,0,0-0,0,0,home team win,1,0,0
M-2007-27,WC-2007,Norway vs China,quarter-final,2007 FIFA Women's World Cup,not applicable,0,1,0,0,9/23/2007,17:00,S-045,Wuhan Sports Center,Wuhan,China,T-53,Norway,NOR,T-14,China,CHN,1–0,1,0,1,-1,0,0,0-0,0,0,home team win,1,0,0
M-2007-28,WC-2007,Brazil vs Australia,quarter-final,2007 FIFA Women's World Cup,not applicable,0,1,0,0,9/23/2007,20:00,S-044,Tianjin Olympic Center,Tianjin,China,T-09,Brazil,BRA,T-04,Australia,AUS,3–2,3,2,1,-1,0,0,0-0,0,0,home team win,1,0,0
M-2007-29,WC-2007,Germany vs Norway,semi-final,2007 FIFA Women's World Cup,not applicable,0,1,0,0,9/26/2007,20:00,S-044,Tianjin Olympic Center,Tianjin,China,T-31,Germany,DEU,T-53,Norway,NOR,3–0,3,0,3,-3,0,0,0-0,0,0,home team win,1,0,0
M-2007-30,WC-2007,United States vs Brazil,semi-final,2007 FIFA Women's World Cup,not applicable,0,1,0,0,9/27/2007,20:00,S-041,Yellow Dragon Sports Center,Hangzhou,China,T-83,United States,USA,T-09,Brazil,BRA,0–4,0,4,-4,4,0,0,0-0,0,0,away team win,0,1,0
M-2007-31,WC-2007,Norway vs United States,third-place match,2007 FIFA Women's World Cup,not applicable,0,1,0,0,9/30/2007,17:00,S-043,Hongkou Football Stadium,Shanghai,China,T-53,Norway,NOR,T-83,United States,USA,1–4,1,4,-3,3,0,0,0-0,0,0,away team win,0,1,0
M-2007-32,WC-2007,Germany vs Brazil,final,2007 FIFA Women's World Cup,not applicable,0,1,0,0,9/30/2007,20:00,S-043,Hongkou Football Stadium,Shanghai,China,T-31,Germany,DEU,T-09,Brazil,BRA,2–0,2,0,2,-2,0,0,0-0,0,0,home team win,1,0,0
M-2010-01,WC-2010,South Africa vs Mexico,group stage,2010 FIFA Men's World Cup,Group A,1,0,0,0,6/11/2010,16:00,S-164,Soccer City,Johannesburg,South Africa,T-70,South Africa,ZAF,T-46,Mexico,MEX,1–1,1,1,0,0,0,0,0-0,0,0,draw,0,0,1
M-2010-02,WC-2010,Uruguay vs France,group stage,2010 FIFA Men's World Cup,Group A,1,0,0,0,6/11/2010,20:30,S-161,Cape Town Stadium,Cape Town,South Africa,T-84,Uruguay,URY,T-30,France,FRA,0–0,0,0,0,0,0,0,0-0,0,0,draw,0,0,1
M-2010-03,WC-2010,South Korea vs Greece,group stage,2010 FIFA Men's World Cup,Group B,1,0,0,0,6/12/2010,13:30,S-167,Nelson Mandela Bay Stadium,Port Elizabeth,South Africa,T-71,South Korea,KOR,T-33,Greece,GRC,2–0,2,0,2,-2,0,0,0-0,0,0,home team win,1,0,0
M-2010-04,WC-2010,Argentina vs Nigeria,group stage,2010 FIFA Men's World Cup,Group B,1,0,0,0,6/12/2010,16:00,S-163,Ellis Park Stadium,Johannesburg,South Africa,T-03,Argentina,ARG,T-50,Nigeria,NGA,1–0,1,0,1,-1,0,0,0-0,0,0,home team win,1,0,0
M-2010-05,WC-2010,England vs United States,group stage,2010 FIFA Men's World Cup,Group C,1,0,0,0,6/12/2010,20:30,S-169,Royal Bafokeng Stadium,Rustenburg,South Africa,T-28,England,ENG,T-83,United States,USA,1–1,1,1,0,0,0,0,0-0,0,0,draw,0,0,1
M-2010-06,WC-2010,Algeria vs Slovenia,group stage,2010 FIFA Men's World Cup,Group C,1,0,0,0,6/13/2010,13:30,S-166,Peter Mokaba Stadium,Polokwane,South Africa,T-01,Algeria,DZA,T-69,Slovenia,SVN,0–1,0,1,-1,1,0,0,0-0,0,0,away team win,0,1,0
M-2010-07,WC-2010,Serbia vs Ghana,group stage,2010 FIFA Men's World Cup,Group D,1,0,0,0,6/13/2010,16:00,S-168,Loftus Versfeld Stadium,Pretoria,South Africa,T-66,Serbia,SRB,T-32,Ghana,GHA,0–1,0,1,-1,1,0,0,0-0,0,0,away team win,0,1,0
M-2010-08,WC-2010,Germany vs Australia,group stage,2010 FIFA Men's World Cup,Group D,1,0,0,0,6/13/2010,20:30,S-162,Moses Mabhida Stadium,Durban,South Africa,T-31,Germany,DEU,T-04,Australia,AUS,4–0,4,0,4,-4,0,0,0-0,0,0,home team win,1,0,0
M-2010-09,WC-2010,Netherlands vs Denmark,group stage,2010 FIFA Men's World Cup,Group E,1,0,0,0,6/14/2010,13:30,S-164,Soccer City,Johannesburg,South Africa,T-48,Netherlands,NLD,T-22,Denmark,DNK,2–0,2,0,2,-2,0,0,0-0,0,0,home team win,1,0,0
M-2010-10,WC-2010,Japan vs Cameroon,group stage,2010 FIFA Men's World Cup,Group E,1,0,0,0,6/14/2010,16:00,S-160,Free State Stadium,Bloemfontein,South Africa,T-44,Japan,JPN,T-11,Cameroon,CMR,1–0,1,0,1,-1,0,0,0-0,0,0,home team win,1,0,0
M-2010-11,WC-2010,Italy vs Paraguay,group stage,2010 FIFA Men's World Cup,Group F,1,0,0,0,6/14/2010,20:30,S-161,Cape Town Stadium,Cape Town,South Africa,T-41,Italy,ITA,T-55,Paraguay,PRY,1–1,1,1,0,0,0,0,0-0,0,0,draw,0,0,1
M-2010-12,WC-2010,New Zealand vs Slovakia,group stage,2010 FIFA Men's World Cup,Group F,1,0,0,0,6/15/2010,13:30,S-169,Royal Bafokeng Stadium,Rustenburg,South Africa,T-49,New Zealand,NZL,T-68,Slovakia,SVK,1–1,1,1,0,0,0,0,0-0,0,0,draw,0,0,1
M-2010-13,WC-2010,Ivory Coast vs Portugal,group stage,2010 FIFA Men's World Cup,Group G,1,0,0,0,6/15/2010,16:00,S-167,Nelson Mandela Bay Stadium,Port Elizabeth,South Africa,T-42,Ivory Coast,CIV,T-58,Portugal,PRT,0–0,0,0,0,0,0,0,0-0,0,0,draw,0,0,1
M-2010-14,WC-2010,Brazil vs North Korea,group stage,2010 FIFA Men's World Cup,Group G,1,0,0,0,6/15/2010,20:30,S-163,Ellis Park Stadium,Johannesburg,South Africa,T-09,Brazil,BRA,T-51,North Korea,PRK,2–1,2,1,1,-1,0,0,0-0,0,0,home team win,1,0,0
M-2010-15,WC-2010,Honduras vs Chile,group stage,2010 FIFA Men's World Cup,Group H,1,0,0,0,6/16/2010,13:30,S-165,Mbombela Stadium,Nelspruit,South Africa,T-35,Honduras,HND,T-13,Chile,CHL,0–1,0,1,-1,1,0,0,0-0,0,0,away team win,0,1,0
M-2010-16,WC-2010,Spain vs Switzerland,group stage,2010 FIFA Men's World Cup,Group H,1,0,0,0,6/16/2010,16:00,S-162,Moses Mabhida Stadium,Durban,South Africa,T-73,Spain,ESP,T-75,Switzerland,CHE,0–1,0,1,-1,1,0,0,0-0,0,0,away team win,0,1,0
M-2010-17,WC-2010,South Africa vs Uruguay,group stage,2010 FIFA Men's World Cup,Group A,1,0,0,0,6/16/2010,20:30,S-168,Loftus Versfeld Stadium,Pretoria,South Africa,T-70,South Africa,ZAF,T-84,Uruguay,URY,0–3,0,3,-3,3,0,0,0-0,0,0,away team win,0,1,0
M-2010-18,WC-2010,Argentina vs South Korea,group stage,2010 FIFA Men's World Cup,Group B,1,0,0,0,6/17/2010,13:30,S-164,Soccer City,Johannesburg,South Africa,T-03,Argentina,ARG,T-71,South Korea,KOR,4–1,4,1,3,-3,0,0,0-0,0,0,home team win,1,0,0
M-2010-19,WC-2010,Greece vs Nigeria,group stage,2010 FIFA Men's World Cup,Group B,1,0,0,0,6/17/2010,16:00,S-160,Free State Stadium,Bloemfontein,South Africa,T-33,Greece,GRC,T-50,Nigeria,NGA,2–1,2,1,1,-1,0,0,0-0,0,0,home team win,1,0,0
M-2010-20,WC-2010,France vs Mexico,group stage,2010 FIFA Men's World Cup,Group A,1,0,0,0,6/17/2010,20:30,S-166,Peter Mokaba Stadium,Polokwane,South Africa,T-30,France,FRA,T-46,Mexico,MEX,0–2,0,2,-2,2,0,0,0-0,0,0,away team win,0,1,0
M-2010-21,WC-2010,Germany vs Serbia,group stage,2010 FIFA Men's World Cup,Group D,1,0,0,0,6/18/2010,13:30,S-167,Nelson Mandela Bay Stadium,Port Elizabeth,South Africa,T-31,Germany,DEU,T-66,Serbia,SRB,0–1,0,1,-1,1,0,0,0-0,0,0,away team win,0,1,0
M-2010-22,WC-2010,Slovenia vs United States,group stage,2010 FIFA Men's World Cup,Group C,1,0,0,0,6/18/2010,16:00,S-163,Ellis Park Stadium,Johannesburg,South Africa,T-69,Slovenia,SVN,T-83,United States,USA,2–2,2,2,0,0,0,0,0-0,0,0,draw,0,0,1
M-2010-23,WC-2010,England vs Algeria,group stage,2010 FIFA Men's World Cup,Group C,1,0,0,0,6/18/2010,20:30,S-161,Cape Town Stadium,Cape Town,South Africa,T-28,England,ENG,T-01,Algeria,DZA,0–0,0,0,0,0,0,0,0-0,0,0,draw,0,0,1
M-2010-24,WC-2010,Netherlands vs Japan,group stage,2010 FIFA Men's World Cup,Group E,1,0,0,0,6/19/2010,13:30,S-162,Moses Mabhida Stadium,Durban,South Africa,T-48,Netherlands,NLD,T-44,Japan,JPN,1–0,1,0,1,-1,0,0,0-0,0,0,home team win,1,0,0
M-2010-25,WC-2010,Ghana vs Australia,group stage,2010 FIFA Men's World Cup,Group D,1,0,0,0,6/19/2010,16:00,S-169,Royal Bafokeng Stadium,Rustenburg,South Africa,T-32,Ghana,GHA,T-04,Australia,AUS,1–1,1,1,0,0,0,0,0-0,0,0,draw,0,0,1
M-2010-26,WC-2010,Cameroon vs Denmark,group stage,2010 FIFA Men's World Cup,Group E,1,0,0,0,6/19/2010,20:30,S-168,Loftus Versfeld Stadium,Pretoria,South Africa,T-11,Cameroon,CMR,T-22,Denmark,DNK,1–2,1,2,-1,1,0,0,0-0,0,0,away team win,0,1,0
M-2010-27,WC-2010,Slovakia vs Paraguay,group stage,2010 FIFA Men's World Cup,Group F,1,0,0,0,6/20/2010,13:30,S-160,Free State Stadium,Bloemfontein,South Africa,T-68,Slovakia,SVK,T-55,Paraguay,PRY,0–2,0,2,-2,2,0,0,0-0,0,0,away team win,0,1,0
M-2010-28,WC-2010,Italy vs New Zealand,group stage,2010 FIFA Men's World Cup,Group F,1,0,0,0,6/20/2010,16:00,S-165,Mbombela Stadium,Nelspruit,South Africa,T-41,Italy,ITA,T-49,New Zealand,NZL,1–1,1,1,0,0,0,0,0-0,0,0,draw,0,0,1
M-2010-29,WC-2010,Brazil vs Ivory Coast,group stage,2010 FIFA Men's World Cup,Group G,1,0,0,0,6/20/2010,20:30,S-164,Soccer City,Johannesburg,South Africa,T-09,Brazil,BRA,T-42,Ivory Coast,CIV,3–1,3,1,2,-2,0,0,0-0,0,0,home team win,1,0,0
M-2010-30,WC-2010,Portugal vs North Korea,group stage,2010 FIFA Men's World Cup,Group G,1,0,0,0,6/21/2010,13:30,S-161,Cape Town Stadium,Cape Town,South Africa,T-58,Portugal,PRT,T-51,North Korea,PRK,7–0,7,0,7,-7,0,0,0-0,0,0,home team win,1,0,0
M-2010-31,WC-2010,Chile vs Switzerland,group stage,2010 FIFA Men's World Cup,Group H,1,0,0,0,6/21/2010,16:00,S-167,Nelson Mandela Bay Stadium,Port Elizabeth,South Africa,T-13,Chile,CHL,T-75,Switzerland,CHE,1–0,1,0,1,-1,0,0,0-0,0,0,home team win,1,0,0
M-2010-32,WC-2010,Spain vs Honduras,group stage,2010 FIFA Men's World Cup,Group H,1,0,0,0,6/21/2010,20:30,S-163,Ellis Park Stadium,Johannesburg,South Africa,T-73,Spain,ESP,T-35,Honduras,HND,2–0,2,0,2,-2,0,0,0-0,0,0,home team win,1,0,0
M-2010-33,WC-2010,France vs South Africa,group stage,2010 FIFA Men's World Cup,Group A,1,0,0,0,6/22/2010,16:00,S-160,Free State Stadium,Bloemfontein,South Africa,T-30,France,FRA,T-70,South Africa,ZAF,1–2,1,2,-1,1,0,0,0-0,0,0,away team win,0,1,0
M-2010-34,WC-2010,Mexico vs Uruguay,group stage,2010 FIFA Men's World Cup,Group A,1,0,0,0,6/22/2010,16:00,S-169,Royal Bafokeng Stadium,Rustenburg,South Africa,T-46,Mexico,MEX,T-84,Uruguay,URY,0–1,0,1,-1,1,0,0,0-0,0,0,away team win,0,1,0
M-2010-35,WC-2010,Greece vs Argentina,group stage,2010 FIFA Men's World Cup,Group B,1,0,0,0,6/22/2010,20:30,S-166,Peter Mokaba Stadium,Polokwane,South Africa,T-33,Greece,GRC,T-03,Argentina,ARG,0–2,0,2,-2,2,0,0,0-0,0,0,away team win,0,1,0
M-2010-36,WC-2010,Nigeria vs South Korea,group stage,2010 FIFA Men's World Cup,Group B,1,0,0,0,6/22/2010,20:30,S-162,Moses Mabhida Stadium,Durban,South Africa,T-50,Nigeria,NGA,T-71,South Korea,KOR,2–2,2,2,0,0,0,0,0-0,0,0,draw,0,0,1
M-2010-37,WC-2010,Slovenia vs England,group stage,2010 FIFA Men's World Cup,Group C,1,0,0,0,6/23/2010,16:00,S-167,Nelson Mandela Bay Stadium,Port Elizabeth,South Africa,T-69,Slovenia,SVN,T-28,England,ENG,0–1,0,1,-1,1,0,0,0-0,0,0,away team win,0,1,0
M-2010-38,WC-2010,United States vs Algeria,group stage,2010 FIFA Men's World Cup,Group C,1,0,0,0,6/23/2010,16:00,S-168,Loftus Versfeld Stadium,Pretoria,South Africa,T-83,United States,USA,T-01,Algeria,DZA,1–0,1,0,1,-1,0,0,0-0,0,0,home team win,1,0,0
M-2010-39,WC-2010,Australia vs Serbia,group stage,2010 FIFA Men's World Cup,Group D,1,0,0,0,6/23/2010,20:30,S-165,Mbombela Stadium,Nelspruit,South Africa,T-04,Australia,AUS,T-66,Serbia,SRB,2–1,2,1,1,-1,0,0,0-0,0,0,home team win,1,0,0
M-2010-40,WC-2010,Ghana vs Germany,group stage,2010 FIFA Men's World Cup,Group D,1,0,0,0,6/23/2010,20:30,S-164,Soccer City,Johannesburg,South Africa,T-32,Ghana,GHA,T-31,Germany,DEU,0–1,0,1,-1,1,0,0,0-0,0,0,away team win,0,1,0
M-2010-41,WC-2010,Paraguay vs New Zealand,group stage,2010 FIFA Men's World Cup,Group F,1,0,0,0,6/24/2010,16:00,S-166,Peter Mokaba Stadium,Polokwane,South Africa,T-55,Paraguay,PRY,T-49,New Zealand,NZL,0–0,0,0,0,0,0,0,0-0,0,0,draw,0,0,1
M-2010-42,WC-2010,Slovakia vs Italy,group stage,2010 FIFA Men's World Cup,Group F,1,0,0,0,6/24/2010,16:00,S-163,Ellis Park Stadium,Johannesburg,South Africa,T-68,Slovakia,SVK,T-41,Italy,ITA,3–2,3,2,1,-1,0,0,0-0,0,0,home team win,1,0,0
M-2010-43,WC-2010,Cameroon vs Netherlands,group stage,2010 FIFA Men's World Cup,Group E,1,0,0,0,6/24/2010,20:30,S-161,Cape Town Stadium,Cape Town,South Africa,T-11,Cameroon,CMR,T-48,Netherlands,NLD,1–2,1,2,-1,1,0,0,0-0,0,0,away team win,0,1,0
M-2010-44,WC-2010,Denmark vs Japan,group stage,2010 FIFA Men's World Cup,Group E,1,0,0,0,6/24/2010,20:30,S-169,Royal Bafokeng Stadium,Rustenburg,South Africa,T-22,Denmark,DNK,T-44,Japan,JPN,1–3,1,3,-2,2,0,0,0-0,0,0,away team win,0,1,0
M-2010-45,WC-2010,North Korea vs Ivory Coast,group stage,2010 FIFA Men's World Cup,Group G,1,0,0,0,6/25/2010,16:00,S-165,Mbombela Stadium,Nelspruit,South Africa,T-51,North Korea,PRK,T-42,Ivory Coast,CIV,0–3,0,3,-3,3,0,0,0-0,0,0,away team win,0,1,0
M-2010-46,WC-2010,Portugal vs Brazil,group stage,2010 FIFA Men's World Cup,Group G,1,0,0,0,6/25/2010,16:00,S-162,Moses Mabhida Stadium,Durban,South Africa,T-58,Portugal,PRT,T-09,Brazil,BRA,0–0,0,0,0,0,0,0,0-0,0,0,draw,0,0,1
M-2010-47,WC-2010,Chile vs Spain,group stage,2010 FIFA Men's World Cup,Group H,1,0,0,0,6/25/2010,20:30,S-168,Loftus Versfeld Stadium,Pretoria,South Africa,T-13,Chile,CHL,T-73,Spain,ESP,1–2,1,2,-1,1,0,0,0-0,0,0,away team win,0,1,0
M-2010-48,WC-2010,Switzerland vs Honduras,group stage,2010 FIFA Men's World Cup,Group H,1,0,0,0,6/25/2010,20:30,S-160,Free State Stadium,Bloemfontein,South Africa,T-75,Switzerland,CHE,T-35,Honduras,HND,0–0,0,0,0,0,0,0,0-0,0,0,draw,0,0,1
M-2010-49,WC-2010,Uruguay vs South Korea,round of 16,2010 FIFA Men's World Cup,not applicable,0,1,0,0,6/26/2010,16:00,S-167,Nelson Mandela Bay Stadium,Port Elizabeth,South Africa,T-84,Uruguay,URY,T-71,South Korea,KOR,2–1,2,1,1,-1,0,0,0-0,0,0,home team win,1,0,0
M-2010-50,WC-2010,United States vs Ghana,round of 16,2010 FIFA Men's World Cup,not applicable,0,1,0,0,6/26/2010,20:30,S-169,Royal Bafokeng Stadium,Rustenburg,South Africa,T-83,United States,USA,T-32,Ghana,GHA,1–2,1,2,-1,1,1,0,0-0,0,0,away team win,0,1,0
M-2010-51,WC-2010,Germany vs England,round of 16,2010 FIFA Men's World Cup,not applicable,0,1,0,0,6/27/2010,16:00,S-160,Free State Stadium,Bloemfontein,South Africa,T-31,Germany,DEU,T-28,England,ENG,4–1,4,1,3,-3,0,0,0-0,0,0,home team win,1,0,0
M-2010-52,WC-2010,Argentina vs Mexico,round of 16,2010 FIFA Men's World Cup,not applicable,0,1,0,0,6/27/2010,20:30,S-164,Soccer City,Johannesburg,South Africa,T-03,Argentina,ARG,T-46,Mexico,MEX,3–1,3,1,2,-2,0,0,0-0,0,0,home team win,1,0,0
M-2010-53,WC-2010,Netherlands vs Slovakia,round of 16,2010 FIFA Men's World Cup,not applicable,0,1,0,0,6/28/2010,16:00,S-162,Moses Mabhida Stadium,Durban,South Africa,T-48,Netherlands,NLD,T-68,Slovakia,SVK,2–1,2,1,1,-1,0,0,0-0,0,0,home team win,1,0,0
M-2010-54,WC-2010,Brazil vs Chile,round of 16,2010 FIFA Men's World Cup,not applicable,0,1,0,0,6/28/2010,20:30,S-163,Ellis Park Stadium,Johannesburg,South Africa,T-09,Brazil,BRA,T-13,Chile,CHL,3–0,3,0,3,-3,0,0,0-0,0,0,home team win,1,0,0
M-2010-55,WC-2010,Paraguay vs Japan,round of 16,2010 FIFA Men's World Cup,not applicable,0,1,0,0,6/29/2010,16:00,S-168,Loftus Versfeld Stadium,Pretoria,South Africa,T-55,Paraguay,PRY,T-44,Japan,JPN,0–0,0,0,0,0,1,1,5–3,5,3,home team win,1,0,0
M-2010-56,WC-2010,Spain vs Portugal,round of 16,2010 FIFA Men's World Cup,not applicable,0,1,0,0,6/29/2010,20:30,S-161,Cape Town Stadium,Cape Town,South Africa,T-73,Spain,ESP,T-58,Portugal,PRT,1–0,1,0,1,-1,0,0,0-0,0,0,home team win,1,0,0
M-2010-57,WC-2010,Netherlands vs Brazil,quarter-finals,2010 FIFA Men's World Cup,not applicable,0,1,0,0,7/2/2010,16:00,S-167,Nelson Mandela Bay Stadium,Port Elizabeth,South Africa,T-48,Netherlands,NLD,T-09,Brazil,BRA,2–1,2,1,1,-1,0,0,0-0,0,0,home team win,1,0,0
M-2010-58,WC-2010,Uruguay vs Ghana,quarter-finals,2010 FIFA Men's World Cup,not applicable,0,1,0,0,7/2/2010,20:30,S-164,Soccer City,Johannesburg,South Africa,T-84,Uruguay,URY,T-32,Ghana,GHA,1–1,1,1,0,0,1,1,4–2,4,2,home team win,1,0,0
M-2010-59,WC-2010,Argentina vs Germany,quarter-finals,2010 FIFA Men's World Cup,not applicable,0,1,0,0,7/3/2010,16:00,S-161,Cape Town Stadium,Cape Town,South Africa,T-03,Argentina,ARG,T-31,Germany,DEU,0–4,0,4,-4,4,0,0,0-0,0,0,away team win,0,1,0
M-2010-60,WC-2010,Paraguay vs Spain,quarter-finals,2010 FIFA Men's World Cup,not applicable,0,1,0,0,7/3/2010,20:30,S-163,Ellis Park Stadium,Johannesburg,South Africa,T-55,Paraguay,PRY,T-73,Spain,ESP,0–1,0,1,-1,1,0,0,0-0,0,0,away team win,0,1,0
M-2010-61,WC-2010,Uruguay vs Netherlands,semi-finals,2010 FIFA Men's World Cup,not applicable,0,1,0,0,7/6/2010,20:30,S-161,Cape Town Stadium,Cape Town,South Africa,T-84,Uruguay,URY,T-48,Netherlands,NLD,2–3,2,3,-1,1,0,0,0-0,0,0,away team win,0,1,0
M-2010-62,WC-2010,Germany vs Spain,semi-finals,2010 FIFA Men's World Cup,not applicable,0,1,0,0,7/7/2010,20:30,S-162,Moses Mabhida Stadium,Durban,South Africa,T-31,Germany,DEU,T-73,Spain,ESP,0–1,0,1,-1,1,0,0,0-0,0,0,away team win,0,1,0
M-2010-63,WC-2010,Uruguay vs Germany,third-place match,2010 FIFA Men's World Cup,not applicable,0,1,0,0,7/10/2010,20:30,S-167,Nelson Mandela Bay Stadium,Port Elizabeth,South Africa,T-84,Uruguay,URY,T-31,Germany,DEU,2–3,2,3,-1,1,0,0,0-0,0,0,away team win,0,1,0
M-2010-64,WC-2010,Netherlands vs Spain,final,2010 FIFA Men's World Cup,not applicable,0,1,0,0,7/11/2010,20:30,S-164,Soccer City,Johannesburg,South Africa,T-48,Netherlands,NLD,T-73,Spain,ESP,0–1,0,1,-1,1,1,0,0-0,0,0,away team win,0,1,0
M-2011-01,WC-2011,Nigeria vs France,group stage,2011 FIFA Women's World Cup,Group A,1,0,0,0,6/26/2011,15:00,S-098,Rhein-Neckar-Arena,Sinsheim,Germany,T-50,Nigeria,NGA,T-30,France,FRA,0–1,0,1,-1,1,0,0,0-0,0,0,away team win,0,1,0
M-2011-02,WC-2011,Germany vs Canada,group stage,2011 FIFA Women's World Cup,Group A,1,0,0,0,6/26/2011,18:00,S-080,Olympiastadion,Berlin,Germany,T-31,Germany,DEU,T-12,Canada,CAN,2–1,2,1,1,-1,0,0,0-0,0,0,home team win,1,0,0
M-2011-03,WC-2011,Japan vs New Zealand,group stage,2011 FIFA Women's World Cup,Group B,1,0,0,0,6/27/2011,15:00,S-081,Ruhrstadion,Bochum,Germany,T-44,Japan,JPN,T-49,New Zealand,NZL,2–1,2,1,1,-1,0,0,0-0,0,0,home team win,1,0,0
M-2011-04,WC-2011,Mexico vs England,group stage,2011 FIFA Women's World Cup,Group B,1,0,0,0,6/27/2011,18:00,S-100,Volkswagen Arena,Wolfsburg,Germany,T-46,Mexico,MEX,T-28,England,ENG,1–1,1,1,0,0,0,0,0-0,0,0,draw,0,0,1
M-2011-05,WC-2011,Colombia vs Sweden,group stage,2011 FIFA Women's World Cup,Group C,1,0,0,0,6/28/2011,15:00,S-093,BayArena,Leverkusen,Germany,T-16,Colombia,COL,T-74,Sweden,SWE,0–1,0,1,-1,1,0,0,0-0,0,0,away team win,0,1,0
M-2011-06,WC-2011,United States vs North Korea,group stage,2011 FIFA Women's World Cup,Group C,1,0,0,0,6/28/2011,18:15,S-084,Rudolf-Harbig-Stadion,Dresden,Germany,T-83,United States,USA,T-51,North Korea,PRK,2–0,2,0,2,-2,0,0,0-0,0,0,home team win,1,0,0
M-2011-07,WC-2011,Norway vs Equatorial Guinea,group stage,2011 FIFA Women's World Cup,Group D,1,0,0,0,6/29/2011,15:00,S-079,Impuls Arena,Augsburg,Germany,T-53,Norway,NOR,T-29,Equatorial Guinea,GNQ,1–0,1,0,1,-1,0,0,0-0,0,0,home team win,1,0,0
M-2011-08,WC-2011,Brazil vs Australia,group stage,2011 FIFA Women's World Cup,Group D,1,0,0,0,6/29/2011,18:15,S-094,Borussia-Park,Mönchengladbach,Germany,T-09,Brazil,BRA,T-04,Australia,AUS,1–0,1,0,1,-1,0,0,0-0,0,0,home team win,1,0,0
M-2011-09,WC-2011,Canada vs France,group stage,2011 FIFA Women's World Cup,Group A,1,0,0,0,6/30/2011,18:00,S-081,Ruhrstadion,Bochum,Germany,T-12,Canada,CAN,T-30,France,FRA,0–4,0,4,-4,4,0,0,0-0,0,0,away team win,0,1,0
M-2011-10,WC-2011,Germany vs Nigeria,group stage,2011 FIFA Women's World Cup,Group A,1,0,0,0,6/30/2011,20:45,S-086,Waldstadion,Frankfurt,Germany,T-31,Germany,DEU,T-50,Nigeria,NGA,1–0,1,0,1,-1,0,0,0-0,0,0,home team win,1,0,0
M-2011-11,WC-2011,Japan vs Mexico,group stage,2011 FIFA Women's World Cup,Group B,1,0,0,0,7/1/2011,15:00,S-093,BayArena,Leverkusen,Germany,T-44,Japan,JPN,T-46,Mexico,MEX,4–0,4,0,4,-4,0,0,0-0,0,0,home team win,1,0,0
M-2011-12,WC-2011,New Zealand vs England,group stage,2011 FIFA Women's World Cup,Group B,1,0,0,0,7/1/2011,18:15,S-084,Rudolf-Harbig-Stadion,Dresden,Germany,T-49,New Zealand,NZL,T-28,England,ENG,1–2,1,2,-1,1,0,0,0-0,0,0,away team win,0,1,0
M-2011-13,WC-2011,North Korea vs Sweden,group stage,2011 FIFA Women's World Cup,Group C,1,0,0,0,7/2/2011,14:00,S-079,Impuls Arena,Augsburg,Germany,T-51,North Korea,PRK,T-74,Sweden,SWE,0–1,0,1,-1,1,0,0,0-0,0,0,away team win,0,1,0
M-2011-14,WC-2011,United States vs Colombia,group stage,2011 FIFA Women's World Cup,Group C,1,0,0,0,7/2/2011,18:00,S-098,Rhein-Neckar-Arena,Sinsheim,Germany,T-83,United States,USA,T-16,Colombia,COL,3–0,3,0,3,-3,0,0,0-0,0,0,home team win,1,0,0
M-2011-15,WC-2011,Australia vs Equatorial Guinea,group stage,2011 FIFA Women's World Cup,Group D,1,0,0,0,7/3/2011,14:00,S-081,Ruhrstadion,Bochum,Germany,T-04,Australia,AUS,T-29,Equatorial Guinea,GNQ,3–2,3,2,1,-1,0,0,0-0,0,0,home team win,1,0,0
M-2011-16,WC-2011,Brazil vs Norway,group stage,2011 FIFA Women's World Cup,Group D,1,0,0,0,7/3/2011,18:15,S-100,Volkswagen Arena,Wolfsburg,Germany,T-09,Brazil,BRA,T-53,Norway,NOR,3–0,3,0,3,-3,0,0,0-0,0,0,home team win,1,0,0
M-2011-17,WC-2011,England vs Japan,group stage,2011 FIFA Women's World Cup,Group B,1,0,0,0,7/5/2011,18:15,S-079,Impuls Arena,Augsburg,Germany,T-28,England,ENG,T-44,Japan,JPN,2–0,2,0,2,-2,0,0,0-0,0,0,home team win,1,0,0
M-2011-18,WC-2011,New Zealand vs Mexico,group stage,2011 FIFA Women's World Cup,Group B,1,0,0,0,7/5/2011,18:15,S-098,Rhein-Neckar-Arena,Sinsheim,Germany,T-49,New Zealand,NZL,T-46,Mexico,MEX,2–2,2,2,0,0,0,0,0-0,0,0,draw,0,0,1
M-2011-19,WC-2011,Canada vs Nigeria,group stage,2011 FIFA Women's World Cup,Group A,1,0,0,0,7/5/2011,20:45,S-084,Rudolf-Harbig-Stadion,Dresden,Germany,T-12,Canada,CAN,T-50,Nigeria,NGA,0–1,0,1,-1,1,0,0,0-0,0,0,away team win,0,1,0
M-2011-20,WC-2011,France vs Germany,group stage,2011 FIFA Women's World Cup,Group A,1,0,0,0,7/5/2011,20:45,S-094,Borussia-Park,Mönchengladbach,Germany,T-30,France,FRA,T-31,Germany,DEU,2–4,2,4,-2,2,0,0,0-0,0,0,away team win,0,1,0
M-2011-21,WC-2011,Australia vs Norway,group stage,2011 FIFA Women's World Cup,Group D,1,0,0,0,7/6/2011,18:00,S-093,BayArena,Leverkusen,Germany,T-04,Australia,AUS,T-53,Norway,NOR,2–1,2,1,1,-1,0,0,0-0,0,0,home team win,1,0,0
M-2011-22,WC-2011,Equatorial Guinea vs Brazil,group stage,2011 FIFA Women's World Cup,Group D,1,0,0,0,7/6/2011,18:00,S-086,Waldstadion,Frankfurt,Germany,T-29,Equatorial Guinea,GNQ,T-09,Brazil,BRA,0–3,0,3,-3,3,0,0,0-0,0,0,away team win,0,1,0
M-2011-23,WC-2011,North Korea vs Colombia,group stage,2011 FIFA Women's World Cup,Group C,1,0,0,0,7/6/2011,20:45,S-081,Ruhrstadion,Bochum,Germany,T-51,North Korea,PRK,T-16,Colombia,COL,0–0,0,0,0,0,0,0,0-0,0,0,draw,0,0,1
M-2011-24,WC-2011,Sweden vs United States,group stage,2011 FIFA Women's World Cup,Group C,1,0,0,0,7/6/2011,20:45,S-100,Volkswagen Arena,Wolfsburg,Germany,T-74,Sweden,SWE,T-83,United States,USA,2–1,2,1,1,-1,0,0,0-0,0,0,home team win,1,0,0
M-2011-25,WC-2011,England vs France,quarter-final,2011 FIFA Women's World Cup,not applicable,0,1,0,0,7/9/2011,18:00,S-093,BayArena,Leverkusen,Germany,T-28,England,ENG,T-30,France,FRA,1–1,1,1,0,0,1,1,3–4,3,4,away team win,0,1,0
M-2011-26,WC-2011,Germany vs Japan,quarter-final,2011 FIFA Women's World Cup,not applicable,0,1,0,0,7/9/2011,20:45,S-100,Volkswagen Arena,Wolfsburg,Germany,T-31,Germany,DEU,T-44,Japan,JPN,0–1,0,1,-1,1,1,0,0-0,0,0,away team win,0,1,0
M-2011-27,WC-2011,Sweden vs Australia,quarter-final,2011 FIFA Women's World Cup,not applicable,0,1,0,0,7/10/2011,13:00,S-079,Impuls Arena,Augsburg,Germany,T-74,Sweden,SWE,T-04,Australia,AUS,3–1,3,1,2,-2,0,0,0-0,0,0,home team win,1,0,0
M-2011-28,WC-2011,Brazil vs United States,quarter-final,2011 FIFA Women's World Cup,not applicable,0,1,0,0,7/10/2011,17:30,S-084,Rudolf-Harbig-Stadion,Dresden,Germany,T-09,Brazil,BRA,T-83,United States,USA,2–2,2,2,0,0,1,1,3–5,3,5,away team win,0,1,0
M-2011-29,WC-2011,France vs United States,semi-final,2011 FIFA Women's World Cup,not applicable,0,1,0,0,7/13/2011,18:00,S-094,Borussia-Park,Mönchengladbach,Germany,T-30,France,FRA,T-83,United States,USA,1–3,1,3,-2,2,0,0,0-0,0,0,away team win,0,1,0
M-2011-30,WC-2011,Japan vs Sweden,semi-final,2011 FIFA Women's World Cup,not applicable,0,1,0,0,7/13/2011,20:45,S-086,Waldstadion,Frankfurt,Germany,T-44,Japan,JPN,T-74,Sweden,SWE,3–1,3,1,2,-2,0,0,0-0,0,0,home team win,1,0,0
M-2011-31,WC-2011,Sweden vs France,third-place match,2011 FIFA Women's World Cup,not applicable,0,1,0,0,7/16/2011,17:30,S-098,Rhein-Neckar-Arena,Sinsheim,Germany,T-74,Sweden,SWE,T-30,France,FRA,2–1,2,1,1,-1,0,0,0-0,0,0,home team win,1,0,0
M-2011-32,WC-2011,Japan vs United States,final,2011 FIFA Women's World Cup,not applicable,0,1,0,0,7/17/2011,20:45,S-086,Waldstadion,Frankfurt,Germany,T-44,Japan,JPN,T-83,United States,USA,2–2,2,2,0,0,1,1,3–1,3,1,home team win,1,0,0
M-2014-01,WC-2014,Brazil vs Croatia,group stage,2014 FIFA Men's World Cup,Group A,1,0,0,0,6/12/2014,17:00,S-022,Arena Corinthians,São Paulo,Brazil,T-09,Brazil,BRA,T-18,Croatia,HRV,3–1,3,1,2,-2,0,0,0-0,0,0,home team win,1,0,0
M-2014-02,WC-2014,Mexico vs Cameroon,group stage,2014 FIFA Men's World Cup,Group A,1,0,0,0,6/13/2014,13:00,S-015,Arena das Dunas,Natal,Brazil,T-46,Mexico,MEX,T-11,Cameroon,CMR,1–0,1,0,1,-1,0,0,0-0,0,0,home team win,1,0,0
M-2014-03,WC-2014,Spain vs Netherlands,group stage,2014 FIFA Men's World Cup,Group B,1,0,0,0,6/13/2014,16:00,S-021,Arena Fonte Nova,Salvador,Brazil,T-73,Spain,ESP,T-48,Netherlands,NLD,1–5,1,5,-4,4,0,0,0-0,0,0,away team win,0,1,0
M-2014-04,WC-2014,Chile vs Australia,group stage,2014 FIFA Men's World Cup,Group B,1,0,0,0,6/13/2014,18:00,S-010,Arena Pantanal,Cuiabá,Brazil,T-13,Chile,CHL,T-04,Australia,AUS,3–1,3,1,2,-2,0,0,0-0,0,0,home team win,1,0,0
M-2014-05,WC-2014,Colombia vs Greece,group stage,2014 FIFA Men's World Cup,Group C,1,0,0,0,6/14/2014,13:00,S-008,Estádio Mineirão,Belo Horizonte,Brazil,T-16,Colombia,COL,T-33,Greece,GRC,3–0,3,0,3,-3,0,0,0-0,0,0,home team win,1,0,0
M-2014-06,WC-2014,Uruguay vs Costa Rica,group stage,2014 FIFA Men's World Cup,Group D,1,0,0,0,6/14/2014,16:00,S-013,Estádio Castelão,Fortaleza,Brazil,T-84,Uruguay,URY,T-17,Costa Rica,CRI,1–3,1,3,-2,2,0,0,0-0,0,0,away team win,0,1,0
M-2014-07,WC-2014,England vs Italy,group stage,2014 FIFA Men's World Cup,Group D,1,0,0,0,6/14/2014,18:00,S-014,Arena da Amazônia,Manaus,Brazil,T-28,England,ENG,T-41,Italy,ITA,1–2,1,2,-1,1,0,0,0-0,0,0,away team win,0,1,0
M-2014-08,WC-2014,Ivory Coast vs Japan,group stage,2014 FIFA Men's World Cup,Group C,1,0,0,0,6/14/2014,22:00,S-018,Arena Pernambuco,Recife,Brazil,T-42,Ivory Coast,CIV,T-44,Japan,JPN,2–1,2,1,1,-1,0,0,0-0,0,0,home team win,1,0,0
M-2014-09,WC-2014,Switzerland vs Ecuador,group stage,2014 FIFA Men's World Cup,Group E,1,0,0,0,6/15/2014,13:00,S-009,Estádio Nacional,Brasília,Brazil,T-75,Switzerland,CHE,T-25,Ecuador,ECU,2–1,2,1,1,-1,0,0,0-0,0,0,home team win,1,0,0
M-2014-10,WC-2014,France vs Honduras,group stage,2014 FIFA Men's World Cup,Group E,1,0,0,0,6/15/2014,16:00,S-016,Estádio Beira-Rio,Porto Alegre,Brazil,T-30,France,FRA,T-35,Honduras,HND,3–0,3,0,3,-3,0,0,0-0,0,0,home team win,1,0,0
M-2014-11,WC-2014,Argentina vs Bosnia and Herzegovina,group stage,2014 FIFA Men's World Cup,Group F,1,0,0,0,6/15/2014,19:00,S-020,Estádio do Maracanã,Rio de Janeiro,Brazil,T-03,Argentina,ARG,T-08,Bosnia and Herzegovina,BIH,2–1,2,1,1,-1,0,0,0-0,0,0,home team win,1,0,0
M-2014-12,WC-2014,Germany vs Portugal,group stage,2014 FIFA Men's World Cup,Group G,1,0,0,0,6/16/2014,13:00,S-021,Arena Fonte Nova,Salvador,Brazil,T-31,Germany,DEU,T-58,Portugal,PRT,4–0,4,0,4,-4,0,0,0-0,0,0,home team win,1,0,0
M-2014-13,WC-2014,Iran vs Nigeria,group stage,2014 FIFA Men's World Cup,Group F,1,0,0,0,6/16/2014,16:00,S-011,Arena da Baixada,Curitiba,Brazil,T-38,Iran,IRN,T-50,Nigeria,NGA,0–0,0,0,0,0,0,0,0-0,0,0,draw,0,0,1
M-2014-14,WC-2014,Ghana vs United States,group stage,2014 FIFA Men's World Cup,Group G,1,0,0,0,6/16/2014,19:00,S-015,Arena das Dunas,Natal,Brazil,T-32,Ghana,GHA,T-83,United States,USA,1–2,1,2,-1,1,0,0,0-0,0,0,away team win,0,1,0
M-2014-15,WC-2014,Belgium vs Algeria,group stage,2014 FIFA Men's World Cup,Group H,1,0,0,0,6/17/2014,13:00,S-008,Estádio Mineirão,Belo Horizonte,Brazil,T-06,Belgium,BEL,T-01,Algeria,DZA,2–1,2,1,1,-1,0,0,0-0,0,0,home team win,1,0,0
M-2014-16,WC-2014,Brazil vs Mexico,group stage,2014 FIFA Men's World Cup,Group A,1,0,0,0,6/17/2014,16:00,S-013,Estádio Castelão,Fortaleza,Brazil,T-09,Brazil,BRA,T-46,Mexico,MEX,0–0,0,0,0,0,0,0,0-0,0,0,draw,0,0,1
M-2014-17,WC-2014,Russia vs South Korea,group stage,2014 FIFA Men's World Cup,Group H,1,0,0,0,6/17/2014,18:00,S-010,Arena Pantanal,Cuiabá,Brazil,T-62,Russia,RUS,T-71,South Korea,KOR,1–1,1,1,0,0,0,0,0-0,0,0,draw,0,0,1
M-2014-18,WC-2014,Australia vs Netherlands,group stage,2014 FIFA Men's World Cup,Group B,1,0,0,0,6/18/2014,13:00,S-016,Estádio Beira-Rio,Porto Alegre,Brazil,T-04,Australia,AUS,T-48,Netherlands,NLD,2–3,2,3,-1,1,0,0,0-0,0,0,away team win,0,1,0
M-2014-19,WC-2014,Spain vs Chile,group stage,2014 FIFA Men's World Cup,Group B,1,0,0,0,6/18/2014,16:00,S-020,Estádio do Maracanã,Rio de Janeiro,Brazil,T-73,Spain,ESP,T-13,Chile,CHL,0–2,0,2,-2,2,0,0,0-0,0,0,away team win,0,1,0
M-2014-20,WC-2014,Cameroon vs Croatia,group stage,2014 FIFA Men's World Cup,Group A,1,0,0,0,6/18/2014,18:00,S-014,Arena da Amazônia,Manaus,Brazil,T-11,Cameroon,CMR,T-18,Croatia,HRV,0–4,0,4,-4,4,0,0,0-0,0,0,away team win,0,1,0
M-2014-21,WC-2014,Colombia vs Ivory Coast,group stage,2014 FIFA Men's World Cup,Group C,1,0,0,0,6/19/2014,13:00,S-009,Estádio Nacional,Brasília,Brazil,T-16,Colombia,COL,T-42,Ivory Coast,CIV,2–1,2,1,1,-1,0,0,0-0,0,0,home team win,1,0,0
M-2014-22,WC-2014,Uruguay vs England,group stage,2014 FIFA Men's World Cup,Group D,1,0,0,0,6/19/2014,16:00,S-022,Arena Corinthians,São Paulo,Brazil,T-84,Uruguay,URY,T-28,England,ENG,2–1,2,1,1,-1,0,0,0-0,0,0,home team win,1,0,0
M-2014-23,WC-2014,Japan vs Greece,group stage,2014 FIFA Men's World Cup,Group C,1,0,0,0,6/19/2014,19:00,S-015,Arena das Dunas,Natal,Brazil,T-44,Japan,JPN,T-33,Greece,GRC,0–0,0,0,0,0,0,0,0-0,0,0,draw,0,0,1
M-2014-24,WC-2014,Italy vs Costa Rica,group stage,2014 FIFA Men's World Cup,Group D,1,0,0,0,6/20/2014,13:00,S-018,Arena Pernambuco,Recife,Brazil,T-41,Italy,ITA,T-17,Costa Rica,CRI,0–1,0,1,-1,1,0,0,0-0,0,0,away team win,0,1,0
M-2014-25,WC-2014,Switzerland vs France,group stage,2014 FIFA Men's World Cup,Group E,1,0,0,0,6/20/2014,16:00,S-021,Arena Fonte Nova,Salvador,Brazil,T-75,Switzerland,CHE,T-30,France,FRA,2–5,2,5,-3,3,0,0,0-0,0,0,away team win,0,1,0
M-2014-26,WC-2014,Honduras vs Ecuador,group stage,2014 FIFA Men's World Cup,Group E,1,0,0,0,6/20/2014,19:00,S-011,Arena da Baixada,Curitiba,Brazil,T-35,Honduras,HND,T-25,Ecuador,ECU,1–2,1,2,-1,1,0,0,0-0,0,0,away team win,0,1,0
M-2014-27,WC-2014,Argentina vs Iran,group stage,2014 FIFA Men's World Cup,Group F,1,0,0,0,6/21/2014,13:00,S-008,Estádio Mineirão,Belo Horizonte,Brazil,T-03,Argentina,ARG,T-38,Iran,IRN,1–0,1,0,1,-1,0,0,0-0,0,0,home team win,1,0,0
M-2014-28,WC-2014,Germany vs Ghana,group stage,2014 FIFA Men's World Cup,Group G,1,0,0,0,6/21/2014,16:00,S-013,Estádio Castelão,Fortaleza,Brazil,T-31,Germany,DEU,T-32,Ghana,GHA,2–2,2,2,0,0,0,0,0-0,0,0,draw,0,0,1
M-2014-29,WC-2014,Nigeria vs Bosnia and Herzegovina,group stage,2014 FIFA Men's World Cup,Group F,1,0,0,0,6/21/2014,18:00,S-010,Arena Pantanal,Cuiabá,Brazil,T-50,Nigeria,NGA,T-08,Bosnia and Herzegovina,BIH,1–0,1,0,1,-1,0,0,0-0,0,0,home team win,1,0,0
M-2014-30,WC-2014,Belgium vs Russia,group stage,2014 FIFA Men's World Cup,Group H,1,0,0,0,6/22/2014,13:00,S-020,Estádio do Maracanã,Rio de Janeiro,Brazil,T-06,Belgium,BEL,T-62,Russia,RUS,1–0,1,0,1,-1,0,0,0-0,0,0,home team win,1,0,0
M-2014-31,WC-2014,South Korea vs Algeria,group stage,2014 FIFA Men's World Cup,Group H,1,0,0,0,6/22/2014,16:00,S-016,Estádio Beira-Rio,Porto Alegre,Brazil,T-71,South Korea,KOR,T-01,Algeria,DZA,2–4,2,4,-2,2,0,0,0-0,0,0,away team win,0,1,0
M-2014-32,WC-2014,United States vs Portugal,group stage,2014 FIFA Men's World Cup,Group G,1,0,0,0,6/22/2014,18:00,S-014,Arena da Amazônia,Manaus,Brazil,T-83,United States,USA,T-58,Portugal,PRT,2–2,2,2,0,0,0,0,0-0,0,0,draw,0,0,1
M-2014-33,WC-2014,Australia vs Spain,group stage,2014 FIFA Men's World Cup,Group B,1,0,0,0,6/23/2014,13:00,S-011,Arena da Baixada,Curitiba,Brazil,T-04,Australia,AUS,T-73,Spain,ESP,0–3,0,3,-3,3,0,0,0-0,0,0,away team win,0,1,0
M-2014-34,WC-2014,Netherlands vs Chile,group stage,2014 FIFA Men's World Cup,Group B,1,0,0,0,6/23/2014,13:00,S-022,Arena Corinthians,São Paulo,Brazil,T-48,Netherlands,NLD,T-13,Chile,CHL,2–0,2,0,2,-2,0,0,0-0,0,0,home team win,1,0,0
M-2014-35,WC-2014,Cameroon vs Brazil,group stage,2014 FIFA Men's World Cup,Group A,1,0,0,0,6/23/2014,17:00,S-009,Estádio Nacional,Brasília,Brazil,T-11,Cameroon,CMR,T-09,Brazil,BRA,1–4,1,4,-3,3,0,0,0-0,0,0,away team win,0,1,0
M-2014-36,WC-2014,Croatia vs Mexico,group stage,2014 FIFA Men's World Cup,Group A,1,0,0,0,6/23/2014,17:00,S-018,Arena Pernambuco,Recife,Brazil,T-18,Croatia,HRV,T-46,Mexico,MEX,1–3,1,3,-2,2,0,0,0-0,0,0,away team win,0,1,0
M-2014-37,WC-2014,Costa Rica vs England,group stage,2014 FIFA Men's World Cup,Group D,1,0,0,0,6/24/2014,13:00,S-008,Estádio Mineirão,Belo Horizonte,Brazil,T-17,Costa Rica,CRI,T-28,England,ENG,0–0,0,0,0,0,0,0,0-0,0,0,draw,0,0,1
M-2014-38,WC-2014,Italy vs Uruguay,group stage,2014 FIFA Men's World Cup,Group D,1,0,0,0,6/24/2014,13:00,S-015,Arena das Dunas,Natal,Brazil,T-41,Italy,ITA,T-84,Uruguay,URY,0–1,0,1,-1,1,0,0,0-0,0,0,away team win,0,1,0
M-2014-39,WC-2014,Japan vs Colombia,group stage,2014 FIFA Men's World Cup,Group C,1,0,0,0,6/24/2014,16:00,S-010,Arena Pantanal,Cuiabá,Brazil,T-44,Japan,JPN,T-16,Colombia,COL,1–4,1,4,-3,3,0,0,0-0,0,0,away team win,0,1,0
M-2014-40,WC-2014,Greece vs Ivory Coast,group stage,2014 FIFA Men's World Cup,Group C,1,0,0,0,6/24/2014,17:00,S-013,Estádio Castelão,Fortaleza,Brazil,T-33,Greece,GRC,T-42,Ivory Coast,CIV,2–1,2,1,1,-1,0,0,0-0,0,0,home team win,1,0,0
M-2014-41,WC-2014,Bosnia and Herzegovina vs Iran,group stage,2014 FIFA Men's World Cup,Group F,1,0,0,0,6/25/2014,13:00,S-021,Arena Fonte Nova,Salvador,Brazil,T-08,Bosnia and Herzegovina,BIH,T-38,Iran,IRN,3–1,3,1,2,-2,0,0,0-0,0,0,home team win,1,0,0
M-2014-42,WC-2014,Nigeria vs Argentina,group stage,2014 FIFA Men's World Cup,Group F,1,0,0,0,6/25/2014,13:00,S-016,Estádio Beira-Rio,Porto Alegre,Brazil,T-50,Nigeria,NGA,T-03,Argentina,ARG,2–3,2,3,-1,1,0,0,0-0,0,0,away team win,0,1,0
M-2014-43,WC-2014,Honduras vs Switzerland,group stage,2014 FIFA Men's World Cup,Group E,1,0,0,0,6/25/2014,16:00,S-014,Arena da Amazônia,Manaus,Brazil,T-35,Honduras,HND,T-75,Switzerland,CHE,0–3,0,3,-3,3,0,0,0-0,0,0,away team win,0,1,0
M-2014-44,WC-2014,Ecuador vs France,group stage,2014 FIFA Men's World Cup,Group E,1,0,0,0,6/25/2014,17:00,S-020,Estádio do Maracanã,Rio de Janeiro,Brazil,T-25,Ecuador,ECU,T-30,France,FRA,0–0,0,0,0,0,0,0,0-0,0,0,draw,0,0,1
M-2014-45,WC-2014,Portugal vs Ghana,group stage,2014 FIFA Men's World Cup,Group G,1,0,0,0,6/26/2014,13:00,S-009,Estádio Nacional,Brasília,Brazil,T-58,Portugal,PRT,T-32,Ghana,GHA,2–1,2,1,1,-1,0,0,0-0,0,0,home team win,1,0,0
M-2014-46,WC-2014,United States vs Germany,group stage,2014 FIFA Men's World Cup,Group G,1,0,0,0,6/26/2014,13:00,S-018,Arena Pernambuco,Recife,Brazil,T-83,United States,USA,T-31,Germany,DEU,0–1,0,1,-1,1,0,0,0-0,0,0,away team win,0,1,0
M-2014-47,WC-2014,Algeria vs Russia,group stage,2014 FIFA Men's World Cup,Group H,1,0,0,0,6/26/2014,17:00,S-011,Arena da Baixada,Curitiba,Brazil,T-01,Algeria,DZA,T-62,Russia,RUS,1–1,1,1,0,0,0,0,0-0,0,0,draw,0,0,1
M-2014-48,WC-2014,South Korea vs Belgium,group stage,2014 FIFA Men's World Cup,Group H,1,0,0,0,6/26/2014,17:00,S-022,Arena Corinthians,São Paulo,Brazil,T-71,South Korea,KOR,T-06,Belgium,BEL,0–1,0,1,-1,1,0,0,0-0,0,0,away team win,0,1,0
M-2014-49,WC-2014,Brazil vs Chile,round of 16,2014 FIFA Men's World Cup,not applicable,0,1,0,0,6/28/2014,13:00,S-008,Estádio Mineirão,Belo Horizonte,Brazil,T-09,Brazil,BRA,T-13,Chile,CHL,1–1,1,1,0,0,1,1,3–2,3,2,home team win,1,0,0
M-2014-50,WC-2014,Colombia vs Uruguay,round of 16,2014 FIFA Men's World Cup,not applicable,0,1,0,0,6/28/2014,17:00,S-020,Estádio do Maracanã,Rio de Janeiro,Brazil,T-16,Colombia,COL,T-84,Uruguay,URY,2–0,2,0,2,-2,0,0,0-0,0,0,home team win,1,0,0
M-2014-51,WC-2014,Netherlands vs Mexico,round of 16,2014 FIFA Men's World Cup,not applicable,0,1,0,0,6/29/2014,13:00,S-013,Estádio Castelão,Fortaleza,Brazil,T-48,Netherlands,NLD,T-46,Mexico,MEX,2–1,2,1,1,-1,0,0,0-0,0,0,home team win,1,0,0
M-2014-52,WC-2014,Costa Rica vs Greece,round of 16,2014 FIFA Men's World Cup,not applicable,0,1,0,0,6/29/2014,17:00,S-018,Arena Pernambuco,Recife,Brazil,T-17,Costa Rica,CRI,T-33,Greece,GRC,1–1,1,1,0,0,1,1,5–3,5,3,home team win,1,0,0
M-2014-53,WC-2014,France vs Nigeria,round of 16,2014 FIFA Men's World Cup,not applicable,0,1,0,0,6/30/2014,13:00,S-009,Estádio Nacional,Brasília,Brazil,T-30,France,FRA,T-50,Nigeria,NGA,2–0,2,0,2,-2,0,0,0-0,0,0,home team win,1,0,0
M-2014-54,WC-2014,Germany vs Algeria,round of 16,2014 FIFA Men's World Cup,not applicable,0,1,0,0,6/30/2014,17:00,S-016,Estádio Beira-Rio,Porto Alegre,Brazil,T-31,Germany,DEU,T-01,Algeria,DZA,2–1,2,1,1,-1,1,0,0-0,0,0,home team win,1,0,0
M-2014-55,WC-2014,Argentina vs Switzerland,round of 16,2014 FIFA Men's World Cup,not applicable,0,1,0,0,7/1/2014,13:00,S-022,Arena Corinthians,São Paulo,Brazil,T-03,Argentina,ARG,T-75,Switzerland,CHE,1–0,1,0,1,-1,1,0,0-0,0,0,home team win,1,0,0
M-2014-56,WC-2014,Belgium vs United States,round of 16,2014 FIFA Men's World Cup,not applicable,0,1,0,0,7/1/2014,17:00,S-021,Arena Fonte Nova,Salvador,Brazil,T-06,Belgium,BEL,T-83,United States,USA,2–1,2,1,1,-1,1,0,0-0,0,0,home team win,1,0,0
M-2014-57,WC-2014,France vs Germany,quarter-finals,2014 FIFA Men's World Cup,not applicable,0,1,0,0,7/4/2014,13:00,S-020,Estádio do Maracanã,Rio de Janeiro,Brazil,T-30,France,FRA,T-31,Germany,DEU,0–1,0,1,-1,1,0,0,0-0,0,0,away team win,0,1,0
M-2014-58,WC-2014,Brazil vs Colombia,quarter-finals,2014 FIFA Men's World Cup,not applicable,0,1,0,0,7/4/2014,17:00,S-013,Estádio Castelão,Fortaleza,Brazil,T-09,Brazil,BRA,T-16,Colombia,COL,2–1,2,1,1,-1,0,0,0-0,0,0,home team win,1,0,0
M-2014-59,WC-2014,Argentina vs Belgium,quarter-finals,2014 FIFA Men's World Cup,not applicable,0,1,0,0,7/5/2014,13:00,S-009,Estádio Nacional,Brasília,Brazil,T-03,Argentina,ARG,T-06,Belgium,BEL,1–0,1,0,1,-1,0,0,0-0,0,0,home team win,1,0,0
M-2014-60,WC-2014,Netherlands vs Costa Rica,quarter-finals,2014 FIFA Men's World Cup,not applicable,0,1,0,0,7/5/2014,17:00,S-021,Arena Fonte Nova,Salvador,Brazil,T-48,Netherlands,NLD,T-17,Costa Rica,CRI,0–0,0,0,0,0,1,1,4–3,4,3,home team win,1,0,0
M-2014-61,WC-2014,Brazil vs Germany,semi-finals,2014 FIFA Men's World Cup,not applicable,0,1,0,0,7/8/2014,17:00,S-008,Estádio Mineirão,Belo Horizonte,Brazil,T-09,Brazil,BRA,T-31,Germany,DEU,1–7,1,7,-6,6,0,0,0-0,0,0,away team win,0,1,0
M-2014-62,WC-2014,Netherlands vs Argentina,semi-finals,2014 FIFA Men's World Cup,not applicable,0,1,0,0,7/9/2014,17:00,S-022,Arena Corinthians,São Paulo,Brazil,T-48,Netherlands,NLD,T-03,Argentina,ARG,0–0,0,0,0,0,1,1,2–4,2,4,away team win,0,1,0
M-2014-63,WC-2014,Brazil vs Netherlands,third-place match,2014 FIFA Men's World Cup,not applicable,0,1,0,0,7/12/2014,17:00,S-009,Estádio Nacional,Brasília,Brazil,T-09,Brazil,BRA,T-48,Netherlands,NLD,0–3,0,3,-3,3,0,0,0-0,0,0,away team win,0,1,0
M-2014-64,WC-2014,Germany vs Argentina,final,2014 FIFA Men's World Cup,not applicable,0,1,0,0,7/13/2014,16:00,S-020,Estádio do Maracanã,Rio de Janeiro,Brazil,T-31,Germany,DEU,T-03,Argentina,ARG,1–0,1,0,1,-1,1,0,0-0,0,0,home team win,1,0,0
M-2015-01,WC-2015,Canada vs China,group stage,2015 FIFA Women's World Cup,Group A,1,0,0,0,6/6/2015,16:00,S-024,Commonwealth Stadium,Edmonton,Canada,T-12,Canada,CAN,T-14,China,CHN,1–0,1,0,1,-1,0,0,0-0,0,0,home team win,1,0,0
M-2015-02,WC-2015,New Zealand vs Netherlands,group stage,2015 FIFA Women's World Cup,Group A,1,0,0,0,6/6/2015,19:00,S-024,Commonwealth Stadium,Edmonton,Canada,T-49,New Zealand,NZL,T-48,Netherlands,NLD,0–1,0,1,-1,1,0,0,0-0,0,0,away team win,0,1,0
M-2015-03,WC-2015,Norway vs Thailand,group stage,2015 FIFA Women's World Cup,Group B,1,0,0,0,6/7/2015,13:00,S-027,TD Place Stadium,Ottawa,Canada,T-53,Norway,NOR,T-76,Thailand,THA,4–0,4,0,4,-4,0,0,0-0,0,0,home team win,1,0,0
M-2015-04,WC-2015,Germany vs Ivory Coast,group stage,2015 FIFA Women's World Cup,Group B,1,0,0,0,6/7/2015,16:00,S-027,TD Place Stadium,Ottawa,Canada,T-31,Germany,DEU,T-42,Ivory Coast,CIV,10–0,10,0,10,-10,0,0,0-0,0,0,home team win,1,0,0
M-2015-05,WC-2015,Sweden vs Nigeria,group stage,2015 FIFA Women's World Cup,Group D,1,0,0,0,6/8/2015,15:00,S-029,Investors Group Field,Winnipeg,Canada,T-74,Sweden,SWE,T-50,Nigeria,NGA,3–3,3,3,0,0,0,0,0-0,0,0,draw,0,0,1
M-2015-06,WC-2015,Cameroon vs Ecuador,group stage,2015 FIFA Women's World Cup,Group c,1,0,0,0,6/8/2015,16:00,S-028,BC Place,Vancouver,Canada,T-11,Cameroon,CMR,T-25,Ecuador,ECU,6–0,6,0,6,-6,0,0,0-0,0,0,home team win,1,0,0
M-2015-07,WC-2015,United States vs Australia,group stage,2015 FIFA Women's World Cup,Group D,1,0,0,0,6/8/2015,18:30,S-029,Investors Group Field,Winnipeg,Canada,T-83,United States,USA,T-04,Australia,AUS,3–1,3,1,2,-2,0,0,0-0,0,0,home team win,1,0,0
M-2015-08,WC-2015,Japan vs Switzerland,group stage,2015 FIFA Women's World Cup,Group C,1,0,0,0,6/8/2015,19:00,S-028,BC Place,Vancouver,Canada,T-44,Japan,JPN,T-75,Switzerland,CHE,1–0,1,0,1,-1,0,0,0-0,0,0,home team win,1,0,0
M-2015-09,WC-2015,France vs England,group stage,2015 FIFA Women's World Cup,Group F,1,0,0,0,6/9/2015,14:00,S-025,Moncton Stadium,Moncton,Canada,T-30,France,FRA,T-28,England,ENG,1–0,1,0,1,-1,0,0,0-0,0,0,home team win,1,0,0
M-2015-10,WC-2015,Spain vs Costa Rica,group stage,2015 FIFA Women's World Cup,Group E,1,0,0,0,6/9/2015,16:00,S-026,Olympic Stadium,Montreal,Canada,T-73,Spain,ESP,T-17,Costa Rica,CRI,1–1,1,1,0,0,0,0,0-0,0,0,draw,0,0,1
M-2015-11,WC-2015,Colombia vs Mexico,group stage,2015 FIFA Women's World Cup,Group F,1,0,0,0,6/9/2015,17:00,S-025,Moncton Stadium,Moncton,Canada,T-16,Colombia,COL,T-46,Mexico,MEX,1–1,1,1,0,0,0,0,0-0,0,0,draw,0,0,1
M-2015-12,WC-2015,Brazil vs South Korea,group stage,2015 FIFA Women's World Cup,Group E,1,0,0,0,6/9/2015,19:00,S-026,Olympic Stadium,Montreal,Canada,T-09,Brazil,BRA,T-71,South Korea,KOR,2–0,2,0,2,-2,0,0,0-0,0,0,home team win,1,0,0
M-2015-13,WC-2015,China vs Netherlands,group stage,2015 FIFA Women's World Cup,Group A,1,0,0,0,6/11/2015,16:00,S-024,Commonwealth Stadium,Edmonton,Canada,T-14,China,CHN,T-48,Netherlands,NLD,1–0,1,0,1,-1,0,0,0-0,0,0,home team win,1,0,0
M-2015-14,WC-2015,Germany vs Norway,group stage,2015 FIFA Women's World Cup,Group B,1,0,0,0,6/11/2015,16:00,S-027,TD Place Stadium,Ottawa,Canada,T-31,Germany,DEU,T-53,Norway,NOR,1–1,1,1,0,0,0,0,0-0,0,0,draw,0,0,1
M-2015-15,WC-2015,Canada vs New Zealand,group stage,2015 FIFA Women's World Cup,Group A,1,0,0,0,6/11/2015,19:00,S-024,Commonwealth Stadium,Edmonton,Canada,T-12,Canada,CAN,T-49,New Zealand,NZL,0–0,0,0,0,0,0,0,0-0,0,0,draw,0,0,1
M-2015-16,WC-2015,Ivory Coast vs Thailand,group stage,2015 FIFA Women's World Cup,Group B,1,0,0,0,6/11/2015,19:00,S-027,TD Place Stadium,Ottawa,Canada,T-42,Ivory Coast,CIV,T-76,Thailand,THA,2–3,2,3,-1,1,0,0,0-0,0,0,away team win,0,1,0
M-2015-17,WC-2015,Switzerland vs Ecuador,group stage,2015 FIFA Women's World Cup,Group C,1,0,0,0,6/12/2015,16:00,S-028,BC Place,Vancouver,Canada,T-75,Switzerland,CHE,T-25,Ecuador,ECU,10–1,10,1,9,-9,0,0,0-0,0,0,home team win,1,0,0
M-2015-18,WC-2015,Australia vs Nigeria,group stage,2015 FIFA Women's World Cup,Group D,1,0,0,0,6/12/2015,16:00,S-029,Investors Group Field,Winnipeg,Canada,T-04,Australia,AUS,T-50,Nigeria,NGA,2–0,2,0,2,-2,0,0,0-0,0,0,home team win,1,0,0
M-2015-19,WC-2015,Japan vs Cameroon,group stage,2015 FIFA Women's World Cup,Group C,1,0,0,0,6/12/2015,19:00,S-028,BC Place,Vancouver,Canada,T-44,Japan,JPN,T-11,Cameroon,CMR,2–1,2,1,1,-1,0,0,0-0,0,0,home team win,1,0,0
M-2015-20,WC-2015,United States vs Sweden,group stage,2015 FIFA Women's World Cup,Group D,1,0,0,0,6/12/2015,19:00,S-029,Investors Group Field,Winnipeg,Canada,T-83,United States,USA,T-74,Sweden,SWE,0–0,0,0,0,0,0,0,0-0,0,0,draw,0,0,1
M-2015-21,WC-2015,France vs Colombia,group stage,2015 FIFA Women's World Cup,Group F,1,0,0,0,6/13/2015,14:00,S-025,Moncton Stadium,Moncton,Canada,T-30,France,FRA,T-16,Colombia,COL,0–2,0,2,-2,2,0,0,0-0,0,0,away team win,0,1,0
M-2015-22,WC-2015,Brazil vs Spain,group stage,2015 FIFA Women's World Cup,Group E,1,0,0,0,6/13/2015,16:00,S-026,Olympic Stadium,Montreal,Canada,T-09,Brazil,BRA,T-73,Spain,ESP,1–0,1,0,1,-1,0,0,0-0,0,0,home team win,1,0,0
M-2015-23,WC-2015,England vs Mexico,group stage,2015 FIFA Women's World Cup,Group F,1,0,0,0,6/13/2015,17:00,S-025,Moncton Stadium,Moncton,Canada,T-28,England,ENG,T-46,Mexico,MEX,2–1,2,1,1,-1,0,0,0-0,0,0,home team win,1,0,0
M-2015-24,WC-2015,South Korea vs Costa Rica,group stage,2015 FIFA Women's World Cup,Group E,1,0,0,0,6/13/2015,19:00,S-026,Olympic Stadium,Montreal,Canada,T-71,South Korea,KOR,T-17,Costa Rica,CRI,2–2,2,2,0,0,0,0,0-0,0,0,draw,0,0,1
M-2015-25,WC-2015,Thailand vs Germany,group stage,2015 FIFA Women's World Cup,Group B,1,0,0,0,6/15/2015,15:00,S-029,Investors Group Field,Winnipeg,Canada,T-76,Thailand,THA,T-31,Germany,DEU,0–4,0,4,-4,4,0,0,0-0,0,0,away team win,0,1,0
M-2015-26,WC-2015,Ivory Coast vs Norway,group stage,2015 FIFA Women's World Cup,Group B,1,0,0,0,6/15/2015,17:00,S-025,Moncton Stadium,Moncton,Canada,T-42,Ivory Coast,CIV,T-53,Norway,NOR,1–3,1,3,-2,2,0,0,0-0,0,0,away team win,0,1,0
M-2015-27,WC-2015,China vs New Zealand,group stage,2015 FIFA Women's World Cup,Group A,1,0,0,0,6/15/2015,18:30,S-029,Investors Group Field,Winnipeg,Canada,T-14,China,CHN,T-49,New Zealand,NZL,2–2,2,2,0,0,0,0,0-0,0,0,draw,0,0,1
M-2015-28,WC-2015,Netherlands vs Canada,group stage,2015 FIFA Women's World Cup,Group A,1,0,0,0,6/15/2015,19:30,S-026,Olympic Stadium,Montreal,Canada,T-48,Netherlands,NLD,T-12,Canada,CAN,1–1,1,1,0,0,0,0,0-0,0,0,draw,0,0,1
M-2015-29,WC-2015,Switzerland vs Cameroon,group stage,2015 FIFA Women's World Cup,Group C,1,0,0,0,6/16/2015,15:00,S-024,Commonwealth Stadium,Edmonton,Canada,T-75,Switzerland,CHE,T-11,Cameroon,CMR,1–2,1,2,-1,1,0,0,0-0,0,0,away team win,0,1,0
M-2015-30,WC-2015,Ecuador vs Japan,group stage,2015 FIFA Women's World Cup,Group C,1,0,0,0,6/16/2015,16:00,S-029,Investors Group Field,Winnipeg,Canada,T-25,Ecuador,ECU,T-44,Japan,JPN,0–1,0,1,-1,1,0,0,0-0,0,0,away team win,0,1,0
M-2015-31,WC-2015,Nigeria vs United States,group stage,2015 FIFA Women's World Cup,Group D,1,0,0,0,6/16/2015,17:00,S-028,BC Place,Vancouver,Canada,T-50,Nigeria,NGA,T-83,United States,USA,0–1,0,1,-1,1,0,0,0-0,0,0,away team win,0,1,0
M-2015-32,WC-2015,Australia vs Sweden,group stage,2015 FIFA Women's World Cup,Group D,1,0,0,0,6/16/2015,18:00,S-024,Commonwealth Stadium,Edmonton,Canada,T-04,Australia,AUS,T-74,Sweden,SWE,1–1,1,1,0,0,0,0,0-0,0,0,draw,0,0,1
M-2015-33,WC-2015,England vs Colombia,group stage,2015 FIFA Women's World Cup,Group F,1,0,0,0,6/17/2015,16:00,S-026,Olympic Stadium,Montreal,Canada,T-28,England,ENG,T-16,Colombia,COL,2–1,2,1,1,-1,0,0,0-0,0,0,home team win,1,0,0
M-2015-34,WC-2015,Mexico vs France,group stage,2015 FIFA Women's World Cup,Group F,1,0,0,0,6/17/2015,16:00,S-027,TD Place Stadium,Ottawa,Canada,T-46,Mexico,MEX,T-30,France,FRA,0–5,0,5,-5,5,0,0,0-0,0,0,away team win,0,1,0
M-2015-35,WC-2015,South Korea vs Spain,group stage,2015 FIFA Women's World Cup,Group E,1,0,0,0,6/17/2015,19:00,S-027,TD Place Stadium,Ottawa,Canada,T-71,South Korea,KOR,T-73,Spain,ESP,2–1,2,1,1,-1,0,0,0-0,0,0,home team win,1,0,0
M-2015-36,WC-2015,Costa Rica vs Brazil,group stage,2015 FIFA Women's World Cup,Group E,1,0,0,0,6/17/2015,20:00,S-025,Moncton Stadium,Moncton,Canada,T-17,Costa Rica,CRI,T-09,Brazil,BRA,0–1,0,1,-1,1,0,0,0-0,0,0,away team win,0,1,0
M-2015-37,WC-2015,Germany vs Sweden,round of 16,2015 FIFA Women's World Cup,not applicable,0,1,0,0,6/20/2015,16:00,S-027,TD Place Stadium,Ottawa,Canada,T-31,Germany,DEU,T-74,Sweden,SWE,4–1,4,1,3,-3,0,0,0-0,0,0,home team win,1,0,0
M-2015-38,WC-2015,China vs Cameroon,round of 16,2015 FIFA Women's World Cup,not applicable,0,1,0,0,6/20/2015,17:30,S-024,Commonwealth Stadium,Edmonton,Canada,T-14,China,CHN,T-11,Cameroon,CMR,1–0,1,0,1,-1,0,0,0-0,0,0,home team win,1,0,0
M-2015-39,WC-2015,Brazil vs Australia,round of 16,2015 FIFA Women's World Cup,not applicable,0,1,0,0,6/21/2015,14:00,S-025,Moncton Stadium,Moncton,Canada,T-09,Brazil,BRA,T-04,Australia,AUS,0–1,0,1,-1,1,0,0,0-0,0,0,away team win,0,1,0
M-2015-40,WC-2015,France vs South Korea,round of 16,2015 FIFA Women's World Cup,not applicable,0,1,0,0,6/21/2015,16:00,S-026,Olympic Stadium,Montreal,Canada,T-30,France,FRA,T-71,South Korea,KOR,3–0,3,0,3,-3,0,0,0-0,0,0,home team win,1,0,0
M-2015-41,WC-2015,Canada vs Switzerland,round of 16,2015 FIFA Women's World Cup,not applicable,0,1,0,0,6/21/2015,16:30,S-028,BC Place,Vancouver,Canada,T-12,Canada,CAN,T-75,Switzerland,CHE,1–0,1,0,1,-1,0,0,0-0,0,0,home team win,1,0,0
M-2015-42,WC-2015,Norway vs England,round of 16,2015 FIFA Women's World Cup,not applicable,0,1,0,0,6/22/2015,17:00,S-027,TD Place Stadium,Ottawa,Canada,T-53,Norway,NOR,T-28,England,ENG,1–2,1,2,-1,1,0,0,0-0,0,0,away team win,0,1,0
M-2015-43,WC-2015,United States vs Colombia,round of 16,2015 FIFA Women's World Cup,not applicable,0,1,0,0,6/22/2015,18:00,S-024,Commonwealth Stadium,Edmonton,Canada,T-83,United States,USA,T-16,Colombia,COL,2–0,2,0,2,-2,0,0,0-0,0,0,home team win,1,0,0
M-2015-44,WC-2015,Japan vs Netherlands,round of 16,2015 FIFA Women's World Cup,not applicable,0,1,0,0,6/23/2015,19:00,S-028,BC Place,Vancouver,Canada,T-44,Japan,JPN,T-48,Netherlands,NLD,2–1,2,1,1,-1,0,0,0-0,0,0,home team win,1,0,0
M-2015-45,WC-2015,Germany vs France,quarter-final,2015 FIFA Women's World Cup,not applicable,0,1,0,0,6/26/2015,16:00,S-026,Olympic Stadium,Montreal,Canada,T-31,Germany,DEU,T-30,France,FRA,1–1,1,1,0,0,1,1,5–4,5,4,home team win,1,0,0
M-2015-46,WC-2015,China vs United States,quarter-final,2015 FIFA Women's World Cup,not applicable,0,1,0,0,6/26/2015,19:30,S-027,TD Place Stadium,Ottawa,Canada,T-14,China,CHN,T-83,United States,USA,0–1,0,1,-1,1,0,0,0-0,0,0,away team win,0,1,0
M-2015-47,WC-2015,Australia vs Japan,quarter-final,2015 FIFA Women's World Cup,not applicable,0,1,0,0,6/27/2015,14:00,S-024,Commonwealth Stadium,Edmonton,Canada,T-04,Australia,AUS,T-44,Japan,JPN,0–1,0,1,-1,1,0,0,0-0,0,0,away team win,0,1,0
M-2015-48,WC-2015,England vs Canada,quarter-final,2015 FIFA Women's World Cup,not applicable,0,1,0,0,6/27/2015,16:30,S-028,BC Place,Vancouver,Canada,T-28,England,ENG,T-12,Canada,CAN,2–1,2,1,1,-1,0,0,0-0,0,0,home team win,1,0,0
M-2015-49,WC-2015,United States vs Germany,semi-final,2015 FIFA Women's World Cup,not applicable,0,1,0,0,6/30/2015,19:00,S-026,Olympic Stadium,Montreal,Canada,T-83,United States,USA,T-31,Germany,DEU,2–0,2,0,2,-2,0,0,0-0,0,0,home team win,1,0,0
M-2015-50,WC-2015,Japan vs England,semi-final,2015 FIFA Women's World Cup,not applicable,0,1,0,0,7/1/2015,17:00,S-024,Commonwealth Stadium,Edmonton,Canada,T-44,Japan,JPN,T-28,England,ENG,2–1,2,1,1,-1,0,0,0-0,0,0,home team win,1,0,0
M-2015-51,WC-2015,Germany vs England,third-place match,2015 FIFA Women's World Cup,not applicable,0,1,0,0,7/4/2015,14:00,S-024,Commonwealth Stadium,Edmonton,Canada,T-31,Germany,DEU,T-28,England,ENG,0–1,0,1,-1,1,1,0,0-0,0,0,away team win,0,1,0
M-2015-52,WC-2015,United States vs Japan,final,2015 FIFA Women's World Cup,not applicable,0,1,0,0,7/5/2015,16:00,S-028,BC Place,Vancouver,Canada,T-83,United States,USA,T-44,Japan,JPN,5–2,5,2,3,-3,0,0,0-0,0,0,home team win,1,0,0
M-2018-01,WC-2018,Russia vs Saudi Arabia,group stage,2018 FIFA Men's World Cup,Group A,1,0,0,0,6/14/2018,18:00,S-150,Luzhniki Stadium,Moscow,Russia,T-62,Russia,RUS,T-63,Saudi Arabia,SAU,5–0,5,0,5,-5,0,0,0-0,0,0,home team win,1,0,0
M-2018-02,WC-2018,Egypt vs Uruguay,group stage,2018 FIFA Men's World Cup,Group A,1,0,0,0,6/15/2018,17:00,S-159,Central Stadium,Yekaterinburg,Russia,T-26,Egypt,EGY,T-84,Uruguay,URY,0–1,0,1,-1,1,0,0,0-0,0,0,away team win,0,1,0
M-2018-03,WC-2018,Morocco vs Iran,group stage,2018 FIFA Men's World Cup,Group B,1,0,0,0,6/15/2018,18:00,S-154,Krestovsky Stadium,Saint Petersburg,Russia,T-47,Morocco,MAR,T-38,Iran,IRN,0–1,0,1,-1,1,0,0,0-0,0,0,away team win,0,1,0
M-2018-04,WC-2018,Portugal vs Spain,group stage,2018 FIFA Men's World Cup,Group B,1,0,0,0,6/15/2018,21:00,S-157,Fisht Olympic Stadium,Sochi,Russia,T-58,Portugal,PRT,T-73,Spain,ESP,3–3,3,3,0,0,0,0,0-0,0,0,draw,0,0,1
M-2018-05,WC-2018,France vs Australia,group stage,2018 FIFA Men's World Cup,Group C,1,0,0,0,6/16/2018,13:00,S-149,Kazan Arena,Kazan,Russia,T-30,France,FRA,T-04,Australia,AUS,2–1,2,1,1,-1,0,0,0-0,0,0,home team win,1,0,0
M-2018-06,WC-2018,Argentina vs Iceland,group stage,2018 FIFA Men's World Cup,Group D,1,0,0,0,6/16/2018,16:00,S-151,Otkritie Arena,Moscow,Russia,T-03,Argentina,ARG,T-37,Iceland,ISL,1–1,1,1,0,0,0,0,0-0,0,0,draw,0,0,1
M-2018-07,WC-2018,Peru vs Denmark,group stage,2018 FIFA Men's World Cup,Group C,1,0,0,0,6/16/2018,19:00,S-156,Mordovia Arena,Saransk,Russia,T-56,Peru,PER,T-22,Denmark,DNK,0–1,0,1,-1,1,0,0,0-0,0,0,away team win,0,1,0
M-2018-08,WC-2018,Croatia vs Nigeria,group stage,2018 FIFA Men's World Cup,Group D,1,0,0,0,6/16/2018,21:00,S-148,Kaliningrad Stadium,Kaliningrad,Russia,T-18,Croatia,HRV,T-50,Nigeria,NGA,2–0,2,0,2,-2,0,0,0-0,0,0,home team win,1,0,0
M-2018-09,WC-2018,Costa Rica vs Serbia,group stage,2018 FIFA Men's World Cup,Group E,1,0,0,0,6/17/2018,16:00,S-155,Samara Arena,Samara,Russia,T-17,Costa Rica,CRI,T-66,Serbia,SRB,0–1,0,1,-1,1,0,0,0-0,0,0,away team win,0,1,0
M-2018-10,WC-2018,Germany vs Mexico,group stage,2018 FIFA Men's World Cup,Group F,1,0,0,0,6/17/2018,18:00,S-150,Luzhniki Stadium,Moscow,Russia,T-31,Germany,DEU,T-46,Mexico,MEX,0–1,0,1,-1,1,0,0,0-0,0,0,away team win,0,1,0
M-2018-11,WC-2018,Brazil vs Switzerland,group stage,2018 FIFA Men's World Cup,Group E,1,0,0,0,6/17/2018,21:00,S-153,Rostov Arena,Rostov-on-Don,Russia,T-09,Brazil,BRA,T-75,Switzerland,CHE,1–1,1,1,0,0,0,0,0-0,0,0,draw,0,0,1
M-2018-12,WC-2018,Sweden vs South Korea,group stage,2018 FIFA Men's World Cup,Group F,1,0,0,0,6/18/2018,15:00,S-152,Nizhny Novgorod Stadium,Nizhny Novgorod,Russia,T-74,Sweden,SWE,T-71,South Korea,KOR,1–0,1,0,1,-1,0,0,0-0,0,0,home team win,1,0,0
M-2018-13,WC-2018,Belgium vs Panama,group stage,2018 FIFA Men's World Cup,Group G,1,0,0,0,6/18/2018,18:00,S-157,Fisht Olympic Stadium,Sochi,Russia,T-06,Belgium,BEL,T-54,Panama,PAN,3–0,3,0,3,-3,0,0,0-0,0,0,home team win,1,0,0
M-2018-14,WC-2018,Tunisia vs England,group stage,2018 FIFA Men's World Cup,Group G,1,0,0,0,6/18/2018,21:00,S-158,Volgograd Arena,Volgograd,Russia,T-79,Tunisia,TUN,T-28,England,ENG,1–2,1,2,-1,1,0,0,0-0,0,0,away team win,0,1,0
M-2018-15,WC-2018,Colombia vs Japan,group stage,2018 FIFA Men's World Cup,Group H,1,0,0,0,6/19/2018,15:00,S-156,Mordovia Arena,Saransk,Russia,T-16,Colombia,COL,T-44,Japan,JPN,1–2,1,2,-1,1,0,0,0-0,0,0,away team win,0,1,0
M-2018-16,WC-2018,Poland vs Senegal,group stage,2018 FIFA Men's World Cup,Group H,1,0,0,0,6/19/2018,18:00,S-151,Otkritie Arena,Moscow,Russia,T-57,Poland,POL,T-65,Senegal,SEN,1–2,1,2,-1,1,0,0,0-0,0,0,away team win,0,1,0
M-2018-17,WC-2018,Russia vs Egypt,group stage,2018 FIFA Men's World Cup,Group A,1,0,0,0,6/19/2018,21:00,S-154,Krestovsky Stadium,Saint Petersburg,Russia,T-62,Russia,RUS,T-26,Egypt,EGY,3–1,3,1,2,-2,0,0,0-0,0,0,home team win,1,0,0
M-2018-18,WC-2018,Portugal vs Morocco,group stage,2018 FIFA Men's World Cup,Group B,1,0,0,0,6/20/2018,15:00,S-150,Luzhniki Stadium,Moscow,Russia,T-58,Portugal,PRT,T-47,Morocco,MAR,1–0,1,0,1,-1,0,0,0-0,0,0,home team win,1,0,0
M-2018-19,WC-2018,Uruguay vs Saudi Arabia,group stage,2018 FIFA Men's World Cup,Group A,1,0,0,0,6/20/2018,18:00,S-153,Rostov Arena,Rostov-on-Don,Russia,T-84,Uruguay,URY,T-63,Saudi Arabia,SAU,1–0,1,0,1,-1,0,0,0-0,0,0,home team win,1,0,0
M-2018-20,WC-2018,Iran vs Spain,group stage,2018 FIFA Men's World Cup,Group B,1,0,0,0,6/20/2018,21:00,S-149,Kazan Arena,Kazan,Russia,T-38,Iran,IRN,T-73,Spain,ESP,0–1,0,1,-1,1,0,0,0-0,0,0,away team win,0,1,0
M-2018-21,WC-2018,Denmark vs Australia,group stage,2018 FIFA Men's World Cup,Group C,1,0,0,0,6/21/2018,16:00,S-155,Samara Arena,Samara,Russia,T-22,Denmark,DNK,T-04,Australia,AUS,1–1,1,1,0,0,0,0,0-0,0,0,draw,0,0,1
M-2018-22,WC-2018,France vs Peru,group stage,2018 FIFA Men's World Cup,Group C,1,0,0,0,6/21/2018,20:00,S-159,Central Stadium,Yekaterinburg,Russia,T-30,France,FRA,T-56,Peru,PER,1–0,1,0,1,-1,0,0,0-0,0,0,home team win,1,0,0
M-2018-23,WC-2018,Argentina vs Croatia,group stage,2018 FIFA Men's World Cup,Group D,1,0,0,0,6/21/2018,21:00,S-152,Nizhny Novgorod Stadium,Nizhny Novgorod,Russia,T-03,Argentina,ARG,T-18,Croatia,HRV,0–3,0,3,-3,3,0,0,0-0,0,0,away team win,0,1,0
M-2018-24,WC-2018,Brazil vs Costa Rica,group stage,2018 FIFA Men's World Cup,Group E,1,0,0,0,6/22/2018,15:00,S-154,Krestovsky Stadium,Saint Petersburg,Russia,T-09,Brazil,BRA,T-17,Costa Rica,CRI,2–0,2,0,2,-2,0,0,0-0,0,0,home team win,1,0,0
M-2018-25,WC-2018,Nigeria vs Iceland,group stage,2018 FIFA Men's World Cup,Group D,1,0,0,0,6/22/2018,18:00,S-158,Volgograd Arena,Volgograd,Russia,T-50,Nigeria,NGA,T-37,Iceland,ISL,2–0,2,0,2,-2,0,0,0-0,0,0,home team win,1,0,0
M-2018-26,WC-2018,Serbia vs Switzerland,group stage,2018 FIFA Men's World Cup,Group E,1,0,0,0,6/22/2018,20:00,S-148,Kaliningrad Stadium,Kaliningrad,Russia,T-66,Serbia,SRB,T-75,Switzerland,CHE,1–2,1,2,-1,1,0,0,0-0,0,0,away team win,0,1,0
M-2018-27,WC-2018,Belgium vs Tunisia,group stage,2018 FIFA Men's World Cup,Group G,1,0,0,0,6/23/2018,15:00,S-151,Otkritie Arena,Moscow,Russia,T-06,Belgium,BEL,T-79,Tunisia,TUN,5–2,5,2,3,-3,0,0,0-0,0,0,home team win,1,0,0
M-2018-28,WC-2018,South Korea vs Mexico,group stage,2018 FIFA Men's World Cup,Group F,1,0,0,0,6/23/2018,18:00,S-153,Rostov Arena,Rostov-on-Don,Russia,T-71,South Korea,KOR,T-46,Mexico,MEX,1–2,1,2,-1,1,0,0,0-0,0,0,away team win,0,1,0
M-2018-29,WC-2018,Germany vs Sweden,group stage,2018 FIFA Men's World Cup,Group F,1,0,0,0,6/23/2018,21:00,S-157,Fisht Olympic Stadium,Sochi,Russia,T-31,Germany,DEU,T-74,Sweden,SWE,2–1,2,1,1,-1,0,0,0-0,0,0,home team win,1,0,0
M-2018-30,WC-2018,England vs Panama,group stage,2018 FIFA Men's World Cup,Group G,1,0,0,0,6/24/2018,15:00,S-152,Nizhny Novgorod Stadium,Nizhny Novgorod,Russia,T-28,England,ENG,T-54,Panama,PAN,6–1,6,1,5,-5,0,0,0-0,0,0,home team win,1,0,0
M-2018-31,WC-2018,Japan vs Senegal,group stage,2018 FIFA Men's World Cup,Group H,1,0,0,0,6/24/2018,20:00,S-159,Central Stadium,Yekaterinburg,Russia,T-44,Japan,JPN,T-65,Senegal,SEN,2–2,2,2,0,0,0,0,0-0,0,0,draw,0,0,1
M-2018-32,WC-2018,Poland vs Colombia,group stage,2018 FIFA Men's World Cup,Group H,1,0,0,0,6/24/2018,21:00,S-149,Kazan Arena,Kazan,Russia,T-57,Poland,POL,T-16,Colombia,COL,0–3,0,3,-3,3,0,0,0-0,0,0,away team win,0,1,0
M-2018-33,WC-2018,Saudi Arabia vs Egypt,group stage,2018 FIFA Men's World Cup,Group A,1,0,0,0,6/25/2018,17:00,S-158,Volgograd Arena,Volgograd,Russia,T-63,Saudi Arabia,SAU,T-26,Egypt,EGY,2–1,2,1,1,-1,0,0,0-0,0,0,home team win,1,0,0
M-2018-34,WC-2018,Uruguay vs Russia,group stage,2018 FIFA Men's World Cup,Group A,1,0,0,0,6/25/2018,18:00,S-155,Samara Arena,Samara,Russia,T-84,Uruguay,URY,T-62,Russia,RUS,3–0,3,0,3,-3,0,0,0-0,0,0,home team win,1,0,0
M-2018-35,WC-2018,Spain vs Morocco,group stage,2018 FIFA Men's World Cup,Group B,1,0,0,0,6/25/2018,20:00,S-148,Kaliningrad Stadium,Kaliningrad,Russia,T-73,Spain,ESP,T-47,Morocco,MAR,2–2,2,2,0,0,0,0,0-0,0,0,draw,0,0,1
M-2018-36,WC-2018,Iran vs Portugal,group stage,2018 FIFA Men's World Cup,Group B,1,0,0,0,6/25/2018,21:00,S-156,Mordovia Arena,Saransk,Russia,T-38,Iran,IRN,T-58,Portugal,PRT,1–1,1,1,0,0,0,0,0-0,0,0,draw,0,0,1
M-2018-37,WC-2018,Australia vs Peru,group stage,2018 FIFA Men's World Cup,Group C,1,0,0,0,6/26/2018,17:00,S-157,Fisht Olympic Stadium,Sochi,Russia,T-04,Australia,AUS,T-56,Peru,PER,0–2,0,2,-2,2,0,0,0-0,0,0,away team win,0,1,0
M-2018-38,WC-2018,Denmark vs France,group stage,2018 FIFA Men's World Cup,Group C,1,0,0,0,6/26/2018,17:00,S-150,Luzhniki Stadium,Moscow,Russia,T-22,Denmark,DNK,T-30,France,FRA,0–0,0,0,0,0,0,0,0-0,0,0,draw,0,0,1
M-2018-39,WC-2018,Iceland vs Croatia,group stage,2018 FIFA Men's World Cup,Group D,1,0,0,0,6/26/2018,21:00,S-153,Rostov Arena,Rostov-on-Don,Russia,T-37,Iceland,ISL,T-18,Croatia,HRV,1–2,1,2,-1,1,0,0,0-0,0,0,away team win,0,1,0
M-2018-40,WC-2018,Nigeria vs Argentina,group stage,2018 FIFA Men's World Cup,Group D,1,0,0,0,6/26/2018,21:00,S-154,Krestovsky Stadium,Saint Petersburg,Russia,T-50,Nigeria,NGA,T-03,Argentina,ARG,1–2,1,2,-1,1,0,0,0-0,0,0,away team win,0,1,0
M-2018-41,WC-2018,South Korea vs Germany,group stage,2018 FIFA Men's World Cup,Group F,1,0,0,0,6/27/2018,17:00,S-149,Kazan Arena,Kazan,Russia,T-71,South Korea,KOR,T-31,Germany,DEU,2–0,2,0,2,-2,0,0,0-0,0,0,home team win,1,0,0
M-2018-42,WC-2018,Mexico vs Sweden,group stage,2018 FIFA Men's World Cup,Group F,1,0,0,0,6/27/2018,19:00,S-159,Central Stadium,Yekaterinburg,Russia,T-46,Mexico,MEX,T-74,Sweden,SWE,0–3,0,3,-3,3,0,0,0-0,0,0,away team win,0,1,0
M-2018-43,WC-2018,Serbia vs Brazil,group stage,2018 FIFA Men's World Cup,Group E,1,0,0,0,6/27/2018,21:00,S-151,Otkritie Arena,Moscow,Russia,T-66,Serbia,SRB,T-09,Brazil,BRA,0–2,0,2,-2,2,0,0,0-0,0,0,away team win,0,1,0
M-2018-44,WC-2018,Switzerland vs Costa Rica,group stage,2018 FIFA Men's World Cup,Group E,1,0,0,0,6/27/2018,21:00,S-152,Nizhny Novgorod Stadium,Nizhny Novgorod,Russia,T-75,Switzerland,CHE,T-17,Costa Rica,CRI,2–2,2,2,0,0,0,0,0-0,0,0,draw,0,0,1
M-2018-45,WC-2018,Japan vs Poland,group stage,2018 FIFA Men's World Cup,Group H,1,0,0,0,6/28/2018,17:00,S-158,Volgograd Arena,Volgograd,Russia,T-44,Japan,JPN,T-57,Poland,POL,0–1,0,1,-1,1,0,0,0-0,0,0,away team win,0,1,0
M-2018-46,WC-2018,Senegal vs Colombia,group stage,2018 FIFA Men's World Cup,Group H,1,0,0,0,6/28/2018,18:00,S-155,Samara Arena,Samara,Russia,T-65,Senegal,SEN,T-16,Colombia,COL,0–1,0,1,-1,1,0,0,0-0,0,0,away team win,0,1,0
M-2018-47,WC-2018,England vs Belgium,group stage,2018 FIFA Men's World Cup,Group G,1,0,0,0,6/28/2018,20:00,S-148,Kaliningrad Stadium,Kaliningrad,Russia,T-28,England,ENG,T-06,Belgium,BEL,0–1,0,1,-1,1,0,0,0-0,0,0,away team win,0,1,0
M-2018-48,WC-2018,Panama vs Tunisia,group stage,2018 FIFA Men's World Cup,Group G,1,0,0,0,6/28/2018,21:00,S-156,Mordovia Arena,Saransk,Russia,T-54,Panama,PAN,T-79,Tunisia,TUN,1–2,1,2,-1,1,0,0,0-0,0,0,away team win,0,1,0
M-2018-49,WC-2018,France vs Argentina,round of 16,2018 FIFA Men's World Cup,not applicable,0,1,0,0,6/30/2018,17:00,S-149,Kazan Arena,Kazan,Russia,T-30,France,FRA,T-03,Argentina,ARG,4–3,4,3,1,-1,0,0,0-0,0,0,home team win,1,0,0
M-2018-50,WC-2018,Uruguay vs Portugal,round of 16,2018 FIFA Men's World Cup,not applicable,0,1,0,0,6/30/2018,21:00,S-157,Fisht Olympic Stadium,Sochi,Russia,T-84,Uruguay,URY,T-58,Portugal,PRT,2–1,2,1,1,-1,0,0,0-0,0,0,home team win,1,0,0
M-2018-51,WC-2018,Spain vs Russia,round of 16,2018 FIFA Men's World Cup,not applicable,0,1,0,0,7/1/2018,17:00,S-150,Luzhniki Stadium,Moscow,Russia,T-73,Spain,ESP,T-62,Russia,RUS,1–1,1,1,0,0,1,1,3–4,3,4,away team win,0,1,0
M-2018-52,WC-2018,Croatia vs Denmark,round of 16,2018 FIFA Men's World Cup,not applicable,0,1,0,0,7/1/2018,21:00,S-152,Nizhny Novgorod Stadium,Nizhny Novgorod,Russia,T-18,Croatia,HRV,T-22,Denmark,DNK,1–1,1,1,0,0,1,1,3–2,3,2,home team win,1,0,0
M-2018-53,WC-2018,Brazil vs Mexico,round of 16,2018 FIFA Men's World Cup,not applicable,0,1,0,0,7/2/2018,18:00,S-155,Samara Arena,Samara,Russia,T-09,Brazil,BRA,T-46,Mexico,MEX,2–0,2,0,2,-2,0,0,0-0,0,0,home team win,1,0,0
M-2018-54,WC-2018,Belgium vs Japan,round of 16,2018 FIFA Men's World Cup,not applicable,0,1,0,0,7/2/2018,21:00,S-153,Rostov Arena,Rostov-on-Don,Russia,T-06,Belgium,BEL,T-44,Japan,JPN,3–2,3,2,1,-1,0,0,0-0,0,0,home team win,1,0,0
M-2018-55,WC-2018,Sweden vs Switzerland,round of 16,2018 FIFA Men's World Cup,not applicable,0,1,0,0,7/3/2018,17:00,S-154,Krestovsky Stadium,Saint Petersburg,Russia,T-74,Sweden,SWE,T-75,Switzerland,CHE,1–0,1,0,1,-1,0,0,0-0,0,0,home team win,1,0,0
M-2018-56,WC-2018,Colombia vs England,round of 16,2018 FIFA Men's World Cup,not applicable,0,1,0,0,7/3/2018,21:00,S-151,Otkritie Arena,Moscow,Russia,T-16,Colombia,COL,T-28,England,ENG,1–1,1,1,0,0,1,1,3–4,3,4,away team win,0,1,0
M-2018-57,WC-2018,Uruguay vs France,quarter-finals,2018 FIFA Men's World Cup,not applicable,0,1,0,0,7/6/2018,17:00,S-152,Nizhny Novgorod Stadium,Nizhny Novgorod,Russia,T-84,Uruguay,URY,T-30,France,FRA,0–2,0,2,-2,2,0,0,0-0,0,0,away team win,0,1,0
M-2018-58,WC-2018,Brazil vs Belgium,quarter-finals,2018 FIFA Men's World Cup,not applicable,0,1,0,0,7/6/2018,21:00,S-149,Kazan Arena,Kazan,Russia,T-09,Brazil,BRA,T-06,Belgium,BEL,1–2,1,2,-1,1,0,0,0-0,0,0,away team win,0,1,0
M-2018-59,WC-2018,Sweden vs England,quarter-finals,2018 FIFA Men's World Cup,not applicable,0,1,0,0,7/7/2018,18:00,S-155,Samara Arena,Samara,Russia,T-74,Sweden,SWE,T-28,England,ENG,0–2,0,2,-2,2,0,0,0-0,0,0,away team win,0,1,0
M-2018-60,WC-2018,Russia vs Croatia,quarter-finals,2018 FIFA Men's World Cup,not applicable,0,1,0,0,7/7/2018,21:00,S-157,Fisht Olympic Stadium,Sochi,Russia,T-62,Russia,RUS,T-18,Croatia,HRV,2–2,2,2,0,0,1,1,3–4,3,4,away team win,0,1,0
M-2018-61,WC-2018,France vs Belgium,semi-finals,2018 FIFA Men's World Cup,not applicable,0,1,0,0,7/10/2018,21:00,S-154,Krestovsky Stadium,Saint Petersburg,Russia,T-30,France,FRA,T-06,Belgium,BEL,1–0,1,0,1,-1,0,0,0-0,0,0,home team win,1,0,0
M-2018-62,WC-2018,Croatia vs England,semi-finals,2018 FIFA Men's World Cup,not applicable,0,1,0,0,7/11/2018,21:00,S-150,Luzhniki Stadium,Moscow,Russia,T-18,Croatia,HRV,T-28,England,ENG,2–1,2,1,1,-1,1,0,0-0,0,0,home team win,1,0,0
M-2018-63,WC-2018,Belgium vs England,third-place match,2018 FIFA Men's World Cup,not applicable,0,1,0,0,7/14/2018,17:00,S-154,Krestovsky Stadium,Saint Petersburg,Russia,T-06,Belgium,BEL,T-28,England,ENG,2–0,2,0,2,-2,0,0,0-0,0,0,home team win,1,0,0
M-2018-64,WC-2018,France vs Croatia,final,2018 FIFA Men's World Cup,not applicable,0,1,0,0,7/15/2018,18:00,S-150,Luzhniki Stadium,Moscow,Russia,T-30,France,FRA,T-18,Croatia,HRV,4–2,4,2,2,-2,0,0,0-0,0,0,home team win,1,0,0
M-2019-01,WC-2019,France vs South Korea,group stage,2019 FIFA Women's World Cup,Group A,1,0,0,0,6/7/2019,21:00,S-068,Parc des Princes,Paris,France,T-30,France,FRA,T-71,South Korea,KOR,4–0,4,0,4,-4,0,0,0-0,0,0,home team win,1,0,0
M-2019-02,WC-2019,Germany vs China,group stage,2019 FIFA Women's World Cup,Group B,1,0,0,0,6/8/2019,15:00,S-072,Roazhon Park,Rennes,France,T-31,Germany,DEU,T-14,China,CHN,1–0,1,0,1,-1,0,0,0-0,0,0,home team win,1,0,0
M-2019-03,WC-2019,Spain vs South Africa,group stage,2019 FIFA Women's World Cup,Group B,1,0,0,0,6/8/2019,18:00,S-059,Stade Océane,Le Havre,France,T-73,Spain,ESP,T-70,South Africa,ZAF,3–1,3,1,2,-2,0,0,0-0,0,0,home team win,1,0,0
M-2019-04,WC-2019,Norway vs Nigeria,group stage,2019 FIFA Women's World Cup,Group A,1,0,0,0,6/8/2019,21:00,S-070,Stade Auguste-Delaune,Reims,France,T-53,Norway,NOR,T-50,Nigeria,NGA,3–0,3,0,3,-3,0,0,0-0,0,0,home team win,1,0,0
M-2019-05,WC-2019,Australia vs Italy,group stage,2019 FIFA Women's World Cup,Group C,1,0,0,0,6/9/2019,13:00,S-078,Stade du Hainaut,Valenciennes,France,T-04,Australia,AUS,T-41,Italy,ITA,1–2,1,2,-1,1,0,0,0-0,0,0,away team win,0,1,0
M-2019-06,WC-2019,Brazil vs Jamaica,group stage,2019 FIFA Women's World Cup,Group C,1,0,0,0,6/9/2019,15:30,S-057,Stade des Alpes,Grenoble,France,T-09,Brazil,BRA,T-43,Jamaica,JAM,3–0,3,0,3,-3,0,0,0-0,0,0,home team win,1,0,0
M-2019-07,WC-2019,England vs Scotland,group stage,2019 FIFA Women's World Cup,Group D,1,0,0,0,6/9/2019,18:00,S-067,Allianz Riviera,Nice,France,T-28,England,ENG,T-64,Scotland,SCO,2–1,2,1,1,-1,0,0,0-0,0,0,home team win,1,0,0
M-2019-08,WC-2019,Argentina vs Japan,group stage,2019 FIFA Women's World Cup,Group D,1,0,0,0,6/10/2019,18:00,S-068,Parc des Princes,Paris,France,T-03,Argentina,ARG,T-44,Japan,JPN,0–0,0,0,0,0,0,0,0-0,0,0,draw,0,0,1
M-2019-09,WC-2019,Canada vs Cameroon,group stage,2019 FIFA Women's World Cup,Group E,1,0,0,0,6/10/2019,21:00,S-065,Stade de la Mosson,Montpellier,France,T-12,Canada,CAN,T-11,Cameroon,CMR,1–0,1,0,1,-1,0,0,0-0,0,0,home team win,1,0,0
M-2019-10,WC-2019,New Zealand vs Netherlands,group stage,2019 FIFA Women's World Cup,Group E,1,0,0,0,6/11/2019,15:00,S-059,Stade Océane,Le Havre,France,T-49,New Zealand,NZL,T-48,Netherlands,NLD,0–1,0,1,-1,1,0,0,0-0,0,0,away team win,0,1,0
M-2019-11,WC-2019,Chile vs Sweden,group stage,2019 FIFA Women's World Cup,Group F,1,0,0,0,6/11/2019,18:00,S-072,Roazhon Park,Rennes,France,T-13,Chile,CHL,T-74,Sweden,SWE,0–2,0,2,-2,2,0,0,0-0,0,0,away team win,0,1,0
M-2019-12,WC-2019,United States vs Thailand,group stage,2019 FIFA Women's World Cup,Group F,1,0,0,0,6/11/2019,21:00,S-070,Stade Auguste-Delaune,Reims,France,T-83,United States,USA,T-76,Thailand,THA,13–0,13,0,13,-13,0,0,0-0,0,0,home team win,1,0,0
M-2019-13,WC-2019,Nigeria vs South Korea,group stage,2019 FIFA Women's World Cup,Group A,1,0,0,0,6/12/2019,15:00,S-057,Stade des Alpes,Grenoble,France,T-50,Nigeria,NGA,T-71,South Korea,KOR,2–0,2,0,2,-2,0,0,0-0,0,0,home team win,1,0,0
M-2019-14,WC-2019,Germany vs Spain,group stage,2019 FIFA Women's World Cup,Group B,1,0,0,0,6/12/2019,18:00,S-078,Stade du Hainaut,Valenciennes,France,T-31,Germany,DEU,T-73,Spain,ESP,1–0,1,0,1,-1,0,0,0-0,0,0,home team win,1,0,0
M-2019-15,WC-2019,France vs Norway,group stage,2019 FIFA Women's World Cup,Group A,1,0,0,0,6/12/2019,21:00,S-067,Allianz Riviera,Nice,France,T-30,France,FRA,T-53,Norway,NOR,2–1,2,1,1,-1,0,0,0-0,0,0,home team win,1,0,0
M-2019-16,WC-2019,Australia vs Brazil,group stage,2019 FIFA Women's World Cup,Group C,1,0,0,0,6/13/2019,18:00,S-065,Stade de la Mosson,Montpellier,France,T-04,Australia,AUS,T-09,Brazil,BRA,3–2,3,2,1,-1,0,0,0-0,0,0,home team win,1,0,0
M-2019-17,WC-2019,South Africa vs China,group stage,2019 FIFA Women's World Cup,Group B,1,0,0,0,6/13/2019,21:00,S-068,Parc des Princes,Paris,France,T-70,South Africa,ZAF,T-14,China,CHN,0–1,0,1,-1,1,0,0,0-0,0,0,away team win,0,1,0
M-2019-18,WC-2019,Japan vs Scotland,group stage,2019 FIFA Women's World Cup,Group D,1,0,0,0,6/14/2019,15:00,S-072,Roazhon Park,Rennes,France,T-44,Japan,JPN,T-64,Scotland,SCO,2–1,2,1,1,-1,0,0,0-0,0,0,home team win,1,0,0
M-2019-19,WC-2019,Jamaica vs Italy,group stage,2019 FIFA Women's World Cup,Group C,1,0,0,0,6/14/2019,18:00,S-070,Stade Auguste-Delaune,Reims,France,T-43,Jamaica,JAM,T-41,Italy,ITA,0–5,0,5,-5,5,0,0,0-0,0,0,away team win,0,1,0
M-2019-20,WC-2019,England vs Argentina,group stage,2019 FIFA Women's World Cup,Group D,1,0,0,0,6/14/2019,21:00,S-059,Stade Océane,Le Havre,France,T-28,England,ENG,T-03,Argentina,ARG,1–0,1,0,1,-1,0,0,0-0,0,0,home team win,1,0,0
M-2019-21,WC-2019,Netherlands vs Cameroon,group stage,2019 FIFA Women's World Cup,Group E,1,0,0,0,6/15/2019,15:00,S-078,Stade du Hainaut,Valenciennes,France,T-48,Netherlands,NLD,T-11,Cameroon,CMR,3–1,3,1,2,-2,0,0,0-0,0,0,home team win,1,0,0
M-2019-22,WC-2019,Canada vs New Zealand,group stage,2019 FIFA Women's World Cup,Group E,1,0,0,0,6/15/2019,21:00,S-057,Stade des Alpes,Grenoble,France,T-12,Canada,CAN,T-49,New Zealand,NZL,2–0,2,0,2,-2,0,0,0-0,0,0,home team win,1,0,0
M-2019-23,WC-2019,Sweden vs Thailand,group stage,2019 FIFA Women's World Cup,Group F,1,0,0,0,6/16/2019,15:00,S-067,Allianz Riviera,Nice,France,T-74,Sweden,SWE,T-76,Thailand,THA,5–1,5,1,4,-4,0,0,0-0,0,0,home team win,1,0,0
M-2019-24,WC-2019,United States vs Chile,group stage,2019 FIFA Women's World Cup,Group F,1,0,0,0,6/16/2019,18:00,S-068,Parc des Princes,Paris,France,T-83,United States,USA,T-13,Chile,CHL,3–0,3,0,3,-3,0,0,0-0,0,0,home team win,1,0,0
M-2019-25,WC-2019,China vs Spain,group stage,2019 FIFA Women's World Cup,Group B,1,0,0,0,6/17/2019,18:00,S-059,Stade Océane,Le Havre,France,T-14,China,CHN,T-73,Spain,ESP,0–0,0,0,0,0,0,0,0-0,0,0,draw,0,0,1
M-2019-26,WC-2019,South Africa vs Germany,group stage,2019 FIFA Women's World Cup,Group B,1,0,0,0,6/17/2019,18:00,S-065,Stade de la Mosson,Montpellier,France,T-70,South Africa,ZAF,T-31,Germany,DEU,0–4,0,4,-4,4,0,0,0-0,0,0,away team win,0,1,0
M-2019-27,WC-2019,Nigeria vs France,group stage,2019 FIFA Women's World Cup,Group A,1,0,0,0,6/17/2019,21:00,S-072,Roazhon Park,Rennes,France,T-50,Nigeria,NGA,T-30,France,FRA,0–1,0,1,-1,1,0,0,0-0,0,0,away team win,0,1,0
M-2019-28,WC-2019,South Korea vs Norway,group stage,2019 FIFA Women's World Cup,Group A,1,0,0,0,6/17/2019,21:00,S-070,Stade Auguste-Delaune,Reims,France,T-71,South Korea,KOR,T-53,Norway,NOR,1–2,1,2,-1,1,0,0,0-0,0,0,away team win,0,1,0
M-2019-29,WC-2019,Italy vs Brazil,group stage,2019 FIFA Women's World Cup,Group C,1,0,0,0,6/18/2019,21:00,S-078,Stade du Hainaut,Valenciennes,France,T-41,Italy,ITA,T-09,Brazil,BRA,0–1,0,1,-1,1,0,0,0-0,0,0,away team win,0,1,0
M-2019-30,WC-2019,Jamaica vs Australia,group stage,2019 FIFA Women's World Cup,Group C,1,0,0,0,6/18/2019,21:00,S-057,Stade des Alpes,Grenoble,France,T-43,Jamaica,JAM,T-04,Australia,AUS,1–4,1,4,-3,3,0,0,0-0,0,0,away team win,0,1,0
M-2019-31,WC-2019,Japan vs England,group stage,2019 FIFA Women's World Cup,Group D,1,0,0,0,6/19/2019,21:00,S-067,Allianz Riviera,Nice,France,T-44,Japan,JPN,T-28,England,ENG,0–2,0,2,-2,2,0,0,0-0,0,0,away team win,0,1,0
M-2019-32,WC-2019,Scotland vs Argentina,group stage,2019 FIFA Women's World Cup,Group D,1,0,0,0,6/19/2019,21:00,S-068,Parc des Princes,Paris,France,T-64,Scotland,SCO,T-03,Argentina,ARG,3–3,3,3,0,0,0,0,0-0,0,0,draw,0,0,1
M-2019-33,WC-2019,Cameroon vs New Zealand,group stage,2019 FIFA Women's World Cup,Group E,1,0,0,0,6/20/2019,18:00,S-065,Stade de la Mosson,Montpellier,France,T-11,Cameroon,CMR,T-49,New Zealand,NZL,2–1,2,1,1,-1,0,0,0-0,0,0,home team win,1,0,0
M-2019-34,WC-2019,Netherlands vs Canada,group stage,2019 FIFA Women's World Cup,Group E,1,0,0,0,6/20/2019,18:00,S-070,Stade Auguste-Delaune,Reims,France,T-48,Netherlands,NLD,T-12,Canada,CAN,2–1,2,1,1,-1,0,0,0-0,0,0,home team win,1,0,0
M-2019-35,WC-2019,Sweden vs United States,group stage,2019 FIFA Women's World Cup,Group F,1,0,0,0,6/20/2019,21:00,S-059,Stade Océane,Le Havre,France,T-74,Sweden,SWE,T-83,United States,USA,0–2,0,2,-2,2,0,0,0-0,0,0,away team win,0,1,0
M-2019-36,WC-2019,Thailand vs Chile,group stage,2019 FIFA Women's World Cup,Group F,1,0,0,0,6/20/2019,21:00,S-072,Roazhon Park,Rennes,France,T-76,Thailand,THA,T-13,Chile,CHL,0–2,0,2,-2,2,0,0,0-0,0,0,away team win,0,1,0
M-2019-37,WC-2019,Germany vs Nigeria,round of 16,2019 FIFA Women's World Cup,not applicable,0,1,0,0,6/22/2019,17:30,S-057,Stade des Alpes,Grenoble,France,T-31,Germany,DEU,T-50,Nigeria,NGA,3–0,3,0,3,-3,0,0,0-0,0,0,home team win,1,0,0
M-2019-38,WC-2019,Norway vs Australia,round of 16,2019 FIFA Women's World Cup,not applicable,0,1,0,0,6/22/2019,21:00,S-067,Allianz Riviera,Nice,France,T-53,Norway,NOR,T-04,Australia,AUS,1–1,1,1,0,0,1,1,4–1,4,1,home team win,1,0,0
M-2019-39,WC-2019,England vs Cameroon,round of 16,2019 FIFA Women's World Cup,not applicable,0,1,0,0,6/23/2019,17:30,S-078,Stade du Hainaut,Valenciennes,France,T-28,England,ENG,T-11,Cameroon,CMR,3–0,3,0,3,-3,0,0,0-0,0,0,home team win,1,0,0
M-2019-40,WC-2019,France vs Brazil,round of 16,2019 FIFA Women's World Cup,not applicable,0,1,0,0,6/23/2019,21:00,S-059,Stade Océane,Le Havre,France,T-30,France,FRA,T-09,Brazil,BRA,2–1,2,1,1,-1,1,0,0-0,0,0,home team win,1,0,0
M-2019-41,WC-2019,Spain vs United States,round of 16,2019 FIFA Women's World Cup,not applicable,0,1,0,0,6/24/2019,18:00,S-070,Stade Auguste-Delaune,Reims,France,T-73,Spain,ESP,T-83,United States,USA,1–2,1,2,-1,1,0,0,0-0,0,0,away team win,0,1,0
M-2019-42,WC-2019,Sweden vs Canada,round of 16,2019 FIFA Women's World Cup,not applicable,0,1,0,0,6/24/2019,21:00,S-068,Parc des Princes,Paris,France,T-74,Sweden,SWE,T-12,Canada,CAN,1–0,1,0,1,-1,0,0,0-0,0,0,home team win,1,0,0
M-2019-43,WC-2019,Italy vs China,round of 16,2019 FIFA Women's World Cup,not applicable,0,1,0,0,6/25/2019,18:00,S-065,Stade de la Mosson,Montpellier,France,T-41,Italy,ITA,T-14,China,CHN,2–0,2,0,2,-2,0,0,0-0,0,0,home team win,1,0,0
M-2019-44,WC-2019,Netherlands vs Japan,round of 16,2019 FIFA Women's World Cup,not applicable,0,1,0,0,6/25/2019,21:00,S-072,Roazhon Park,Rennes,France,T-48,Netherlands,NLD,T-44,Japan,JPN,2–1,2,1,1,-1,0,0,0-0,0,0,home team win,1,0,0
M-2019-45,WC-2019,Norway vs England,quarter-final,2019 FIFA Women's World Cup,not applicable,0,1,0,0,6/27/2019,21:00,S-059,Stade Océane,Le Havre,France,T-53,Norway,NOR,T-28,England,ENG,0–3,0,3,-3,3,0,0,0-0,0,0,away team win,0,1,0
M-2019-46,WC-2019,France vs United States,quarter-final,2019 FIFA Women's World Cup,not applicable,0,1,0,0,6/28/2019,21:00,S-068,Parc des Princes,Paris,France,T-30,France,FRA,T-83,United States,USA,1–2,1,2,-1,1,0,0,0-0,0,0,away team win,0,1,0
M-2019-47,WC-2019,Italy vs Netherlands,quarter-final,2019 FIFA Women's World Cup,not applicable,0,1,0,0,6/29/2019,15:00,S-078,Stade du Hainaut,Valenciennes,France,T-41,Italy,ITA,T-48,Netherlands,NLD,0–2,0,2,-2,2,0,0,0-0,0,0,away team win,0,1,0
M-2019-48,WC-2019,Germany vs Sweden,quarter-final,2019 FIFA Women's World Cup,not applicable,0,1,0,0,6/29/2019,18:30,S-072,Roazhon Park,Rennes,France,T-31,Germany,DEU,T-74,Sweden,SWE,1–2,1,2,-1,1,0,0,0-0,0,0,away team win,0,1,0
M-2019-49,WC-2019,England vs United States,semi-final,2019 FIFA Women's World Cup,not applicable,0,1,0,0,7/2/2019,21:00,S-062,Parc Olympique Lyonnais,Lyon,France,T-28,England,ENG,T-83,United States,USA,1–2,1,2,-1,1,0,0,0-0,0,0,away team win,0,1,0
M-2019-50,WC-2019,Netherlands vs Sweden,semi-final,2019 FIFA Women's World Cup,not applicable,0,1,0,0,7/3/2019,21:00,S-062,Parc Olympique Lyonnais,Lyon,France,T-48,Netherlands,NLD,T-74,Sweden,SWE,1–0,1,0,1,-1,1,0,0-0,0,0,home team win,1,0,0
M-2019-51,WC-2019,England vs Sweden,third-place match,2019 FIFA Women's World Cup,not applicable,0,1,0,0,7/6/2019,17:00,S-067,Allianz Riviera,Nice,France,T-28,England,ENG,T-74,Sweden,SWE,1–2,1,2,-1,1,0,0,0-0,0,0,away team win,0,1,0
M-2019-52,WC-2019,United States vs Netherlands,final,2019 FIFA Women's World Cup,not applicable,0,1,0,0,7/7/2019,17:00,S-062,Parc Olympique Lyonnais,Lyon,France,T-83,United States,USA,T-48,Netherlands,NLD,2–0,2,0,2,-2,0,0,0-0,0,0,home team win,1,0,0
M-2022-01,WC-2022,Qatar vs Ecuador,group stage,2022 FIFA Men's World Cup,Group A,1,0,0,0,11/20/2022,19:00,S-140,Al Bayt Stadium,Al Khor,Qatar,T-59,Qatar,QAT,T-25,Ecuador,ECU,0–2,0,2,-2,2,0,0,0-0,0,0,away team win,0,1,0
M-2022-02,WC-2022,England vs Iran,group stage,2022 FIFA Men's World Cup,Group B,1,0,0,0,11/21/2022,16:00,S-143,Khalifa International Stadium,Al Rayyan,Qatar,T-28,England,ENG,T-38,Iran,IRN,6–2,6,2,4,-4,0,0,0-0,0,0,home team win,1,0,0
M-2022-03,WC-2022,Senegal vs Netherlands,group stage,2022 FIFA Men's World Cup,Group A,1,0,0,0,11/21/2022,19:00,S-145,Al Thumama Stadium,Doha,Qatar,T-65,Senegal,SEN,T-48,Netherlands,NLD,0–2,0,2,-2,2,0,0,0-0,0,0,away team win,0,1,0
M-2022-04,WC-2022,United States vs Wales,group stage,2022 FIFA Men's World Cup,Group B,1,0,0,0,11/21/2022,22:00,S-141,Ahmad bin Ali Stadium,Al Rayyan,Qatar,T-83,United States,USA,T-85,Wales,WAL,1–1,1,1,0,0,0,0,0-0,0,0,draw,0,0,1
M-2022-05,WC-2022,Argentina vs Saudi Arabia,group stage,2022 FIFA Men's World Cup,Group C,1,0,0,0,11/22/2022,13:00,S-147,Lusail Stadium,Lusail,Qatar,T-03,Argentina,ARG,T-63,Saudi Arabia,SAU,1–2,1,2,-1,1,0,0,0-0,0,0,away team win,0,1,0
M-2022-06,WC-2022,Denmark vs Tunisia,group stage,2022 FIFA Men's World Cup,Group D,1,0,0,0,11/22/2022,16:00,S-142,Education City Stadium,Al Rayyan,Qatar,T-22,Denmark,DNK,T-79,Tunisia,TUN,0–0,0,0,0,0,0,0,0-0,0,0,draw,0,0,1
M-2022-07,WC-2022,Mexico vs Poland,group stage,2022 FIFA Men's World Cup,Group C,1,0,0,0,11/22/2022,19:00,S-146,Stadium 974,Doha,Qatar,T-46,Mexico,MEX,T-57,Poland,POL,0–0,0,0,0,0,0,0,0-0,0,0,draw,0,0,1
M-2022-08,WC-2022,France vs Australia,group stage,2022 FIFA Men's World Cup,Group D,1,0,0,0,11/22/2022,22:00,S-144,Al Janoub Stadium,Al Wakrah,Qatar,T-30,France,FRA,T-04,Australia,AUS,4–1,4,1,3,-3,0,0,0-0,0,0,home team win,1,0,0
M-2022-09,WC-2022,Morocco vs Croatia,group stage,2022 FIFA Men's World Cup,Group F,1,0,0,0,11/23/2022,13:00,S-140,Al Bayt Stadium,Al Khor,Qatar,T-47,Morocco,MAR,T-18,Croatia,HRV,0–0,0,0,0,0,0,0,0-0,0,0,draw,0,0,1
M-2022-10,WC-2022,Germany vs Japan,group stage,2022 FIFA Men's World Cup,Group E,1,0,0,0,11/23/2022,16:00,S-143,Khalifa International Stadium,Al Rayyan,Qatar,T-31,Germany,DEU,T-44,Japan,JPN,1–2,1,2,-1,1,0,0,0-0,0,0,away team win,0,1,0
M-2022-11,WC-2022,Spain vs Costa Rica,group stage,2022 FIFA Men's World Cup,Group E,1,0,0,0,11/23/2022,19:00,S-145,Al Thumama Stadium,Doha,Qatar,T-73,Spain,ESP,T-17,Costa Rica,CRI,7–0,7,0,7,-7,0,0,0-0,0,0,home team win,1,0,0
M-2022-12,WC-2022,Belgium vs Canada,group stage,2022 FIFA Men's World Cup,Group F,1,0,0,0,11/23/2022,22:00,S-141,Ahmad bin Ali Stadium,Al Rayyan,Qatar,T-06,Belgium,BEL,T-12,Canada,CAN,1–0,1,0,1,-1,0,0,0-0,0,0,home team win,1,0,0
M-2022-13,WC-2022,Switzerland vs Cameroon,group stage,2022 FIFA Men's World Cup,Group G,1,0,0,0,11/24/2022,13:00,S-144,Al Janoub Stadium,Al Wakrah,Qatar,T-75,Switzerland,CHE,T-11,Cameroon,CMR,1–0,1,0,1,-1,0,0,0-0,0,0,home team win,1,0,0
M-2022-14,WC-2022,Uruguay vs South Korea,group stage,2022 FIFA Men's World Cup,Group H,1,0,0,0,11/24/2022,16:00,S-142,Education City Stadium,Al Rayyan,Qatar,T-84,Uruguay,URY,T-71,South Korea,KOR,0–0,0,0,0,0,0,0,0-0,0,0,draw,0,0,1
M-2022-15,WC-2022,Portugal vs Ghana,group stage,2022 FIFA Men's World Cup,Group H,1,0,0,0,11/24/2022,19:00,S-146,Stadium 974,Doha,Qatar,T-58,Portugal,PRT,T-32,Ghana,GHA,3–2,3,2,1,-1,0,0,0-0,0,0,home team win,1,0,0
M-2022-16,WC-2022,Brazil vs Serbia,group stage,2022 FIFA Men's World Cup,Group G,1,0,0,0,11/24/2022,22:00,S-147,Lusail Stadium,Lusail,Qatar,T-09,Brazil,BRA,T-66,Serbia,SRB,2–0,2,0,2,-2,0,0,0-0,0,0,home team win,1,0,0
M-2022-17,WC-2022,Wales vs Iran,group stage,2022 FIFA Men's World Cup,Group B,1,0,0,0,11/25/2022,13:00,S-141,Ahmad bin Ali Stadium,Al Rayyan,Qatar,T-85,Wales,WAL,T-38,Iran,IRN,0–2,0,2,-2,2,0,0,0-0,0,0,away team win,0,1,0
M-2022-18,WC-2022,Qatar vs Senegal,group stage,2022 FIFA Men's World Cup,Group A,1,0,0,0,11/25/2022,16:00,S-145,Al Thumama Stadium,Doha,Qatar,T-59,Qatar,QAT,T-65,Senegal,SEN,1–3,1,3,-2,2,0,0,0-0,0,0,away team win,0,1,0
M-2022-19,WC-2022,Netherlands vs Ecuador,group stage,2022 FIFA Men's World Cup,Group A,1,0,0,0,11/25/2022,19:00,S-143,Khalifa International Stadium,Al Rayyan,Qatar,T-48,Netherlands,NLD,T-25,Ecuador,ECU,1–1,1,1,0,0,0,0,0-0,0,0,draw,0,0,1
M-2022-20,WC-2022,England vs United States,group stage,2022 FIFA Men's World Cup,Group B,1,0,0,0,11/25/2022,22:00,S-140,Al Bayt Stadium,Al Khor,Qatar,T-28,England,ENG,T-83,United States,USA,0–0,0,0,0,0,0,0,0-0,0,0,draw,0,0,1
M-2022-21,WC-2022,Tunisia vs Australia,group stage,2022 FIFA Men's World Cup,Group D,1,0,0,0,11/26/2022,13:00,S-144,Al Janoub Stadium,Al Wakrah,Qatar,T-79,Tunisia,TUN,T-04,Australia,AUS,0–1,0,1,-1,1,0,0,0-0,0,0,away team win,0,1,0
M-2022-22,WC-2022,Poland vs Saudi Arabia,group stage,2022 FIFA Men's World Cup,Group C,1,0,0,0,11/26/2022,16:00,S-142,Education City Stadium,Al Rayyan,Qatar,T-57,Poland,POL,T-63,Saudi Arabia,SAU,2–0,2,0,2,-2,0,0,0-0,0,0,home team win,1,0,0
M-2022-23,WC-2022,France vs Denmark,group stage,2022 FIFA Men's World Cup,Group D,1,0,0,0,11/26/2022,19:00,S-146,Stadium 974,Doha,Qatar,T-30,France,FRA,T-22,Denmark,DNK,2–1,2,1,1,-1,0,0,0-0,0,0,home team win,1,0,0
M-2022-24,WC-2022,Argentina vs Mexico,group stage,2022 FIFA Men's World Cup,Group C,1,0,0,0,11/26/2022,22:00,S-147,Lusail Stadium,Lusail,Qatar,T-03,Argentina,ARG,T-46,Mexico,MEX,2–0,2,0,2,-2,0,0,0-0,0,0,home team win,1,0,0
M-2022-25,WC-2022,Japan vs Costa Rica,group stage,2022 FIFA Men's World Cup,Group E,1,0,0,0,11/27/2022,13:00,S-141,Ahmad bin Ali Stadium,Al Rayyan,Qatar,T-44,Japan,JPN,T-17,Costa Rica,CRI,0–1,0,1,-1,1,0,0,0-0,0,0,away team win,0,1,0
M-2022-26,WC-2022,Belgium vs Morocco,group stage,2022 FIFA Men's World Cup,Group F,1,0,0,0,11/27/2022,16:00,S-145,Al Thumama Stadium,Doha,Qatar,T-06,Belgium,BEL,T-47,Morocco,MAR,0–2,0,2,-2,2,0,0,0-0,0,0,away team win,0,1,0
M-2022-27,WC-2022,Croatia vs Canada,group stage,2022 FIFA Men's World Cup,Group F,1,0,0,0,11/27/2022,19:00,S-143,Khalifa International Stadium,Al Rayyan,Qatar,T-18,Croatia,HRV,T-12,Canada,CAN,4–1,4,1,3,-3,0,0,0-0,0,0,home team win,1,0,0
M-2022-28,WC-2022,Spain vs Germany,group stage,2022 FIFA Men's World Cup,Group E,1,0,0,0,11/27/2022,22:00,S-140,Al Bayt Stadium,Al Khor,Qatar,T-73,Spain,ESP,T-31,Germany,DEU,1–1,1,1,0,0,0,0,0-0,0,0,draw,0,0,1
M-2022-29,WC-2022,Cameroon vs Serbia,group stage,2022 FIFA Men's World Cup,Group G,1,0,0,0,11/28/2022,13:00,S-144,Al Janoub Stadium,Al Wakrah,Qatar,T-11,Cameroon,CMR,T-66,Serbia,SRB,3–3,3,3,0,0,0,0,0-0,0,0,draw,0,0,1
M-2022-30,WC-2022,South Korea vs Ghana,group stage,2022 FIFA Men's World Cup,Group H,1,0,0,0,11/28/2022,16:00,S-142,Education City Stadium,Al Rayyan,Qatar,T-71,South Korea,KOR,T-32,Ghana,GHA,2–3,2,3,-1,1,0,0,0-0,0,0,away team win,0,1,0
M-2022-31,WC-2022,Brazil vs Switzerland,group stage,2022 FIFA Men's World Cup,Group G,1,0,0,0,11/28/2022,19:00,S-146,Stadium 974,Doha,Qatar,T-09,Brazil,BRA,T-75,Switzerland,CHE,1–0,1,0,1,-1,0,0,0-0,0,0,home team win,1,0,0
M-2022-32,WC-2022,Portugal vs Uruguay,group stage,2022 FIFA Men's World Cup,Group H,1,0,0,0,11/28/2022,22:00,S-147,Lusail Stadium,Lusail,Qatar,T-58,Portugal,PRT,T-84,Uruguay,URY,2–0,2,0,2,-2,0,0,0-0,0,0,home team win,1,0,0
M-2022-33,WC-2022,Ecuador vs Senegal,group stage,2022 FIFA Men's World Cup,Group A,1,0,0,0,11/29/2022,18:00,S-143,Khalifa International Stadium,Al Rayyan,Qatar,T-25,Ecuador,ECU,T-65,Senegal,SEN,1–2,1,2,-1,1,0,0,0-0,0,0,away team win,0,1,0
M-2022-34,WC-2022,Netherlands vs Qatar,group stage,2022 FIFA Men's World Cup,Group A,1,0,0,0,11/29/2022,18:00,S-140,Al Bayt Stadium,Al Khor,Qatar,T-48,Netherlands,NLD,T-59,Qatar,QAT,2–0,2,0,2,-2,0,0,0-0,0,0,home team win,1,0,0
M-2022-35,WC-2022,Iran vs United States,group stage,2022 FIFA Men's World Cup,Group B,1,0,0,0,11/29/2022,22:00,S-145,Al Thumama Stadium,Doha,Qatar,T-38,Iran,IRN,T-83,United States,USA,0–1,0,1,-1,1,0,0,0-0,0,0,away team win,0,1,0
M-2022-36,WC-2022,Wales vs England,group stage,2022 FIFA Men's World Cup,Group B,1,0,0,0,11/29/2022,22:00,S-141,Ahmad bin Ali Stadium,Al Rayyan,Qatar,T-85,Wales,WAL,T-28,England,ENG,0–3,0,3,-3,3,0,0,0-0,0,0,away team win,0,1,0
M-2022-37,WC-2022,Australia vs Denmark,group stage,2022 FIFA Men's World Cup,Group D,1,0,0,0,11/30/2022,18:00,S-144,Al Janoub Stadium,Al Wakrah,Qatar,T-04,Australia,AUS,T-22,Denmark,DNK,1–0,1,0,1,-1,0,0,0-0,0,0,home team win,1,0,0
M-2022-38,WC-2022,Tunisia vs France,group stage,2022 FIFA Men's World Cup,Group D,1,0,0,0,11/30/2022,18:00,S-142,Education City Stadium,Al Rayyan,Qatar,T-79,Tunisia,TUN,T-30,France,FRA,1–0,1,0,1,-1,0,0,0-0,0,0,home team win,1,0,0
M-2022-39,WC-2022,Poland vs Argentina,group stage,2022 FIFA Men's World Cup,Group C,1,0,0,0,11/30/2022,22:00,S-146,Stadium 974,Doha,Qatar,T-57,Poland,POL,T-03,Argentina,ARG,0–2,0,2,-2,2,0,0,0-0,0,0,away team win,0,1,0
M-2022-40,WC-2022,Saudi Arabia vs Mexico,group stage,2022 FIFA Men's World Cup,Group C,1,0,0,0,11/30/2022,22:00,S-147,Lusail Stadium,Lusail,Qatar,T-63,Saudi Arabia,SAU,T-46,Mexico,MEX,1–2,1,2,-1,1,0,0,0-0,0,0,away team win,0,1,0
M-2022-41,WC-2022,Canada vs Morocco,group stage,2022 FIFA Men's World Cup,Group F,1,0,0,0,12/1/2022,18:00,S-145,Al Thumama Stadium,Doha,Qatar,T-12,Canada,CAN,T-47,Morocco,MAR,1–2,1,2,-1,1,0,0,0-0,0,0,away team win,0,1,0
M-2022-42,WC-2022,Croatia vs Belgium,group stage,2022 FIFA Men's World Cup,Group F,1,0,0,0,12/1/2022,18:00,S-141,Ahmad bin Ali Stadium,Al Rayyan,Qatar,T-18,Croatia,HRV,T-06,Belgium,BEL,0–0,0,0,0,0,0,0,0-0,0,0,draw,0,0,1
M-2022-43,WC-2022,Costa Rica vs Germany,group stage,2022 FIFA Men's World Cup,Group E,1,0,0,0,12/1/2022,22:00,S-140,Al Bayt Stadium,Al Khor,Qatar,T-17,Costa Rica,CRI,T-31,Germany,DEU,2–4,2,4,-2,2,0,0,0-0,0,0,away team win,0,1,0
M-2022-44,WC-2022,Japan vs Spain,group stage,2022 FIFA Men's World Cup,Group E,1,0,0,0,12/1/2022,22:00,S-143,Khalifa International Stadium,Al Rayyan,Qatar,T-44,Japan,JPN,T-73,Spain,ESP,2–1,2,1,1,-1,0,0,0-0,0,0,home team win,1,0,0
M-2022-45,WC-2022,Ghana vs Uruguay,group stage,2022 FIFA Men's World Cup,Group H,1,0,0,0,12/2/2022,18:00,S-144,Al Janoub Stadium,Al Wakrah,Qatar,T-32,Ghana,GHA,T-84,Uruguay,URY,0–2,0,2,-2,2,0,0,0-0,0,0,away team win,0,1,0
M-2022-46,WC-2022,South Korea vs Portugal,group stage,2022 FIFA Men's World Cup,Group H,1,0,0,0,12/2/2022,18:00,S-142,Education City Stadium,Al Rayyan,Qatar,T-71,South Korea,KOR,T-58,Portugal,PRT,2–1,2,1,1,-1,0,0,0-0,0,0,home team win,1,0,0
M-2022-47,WC-2022,Cameroon vs Brazil,group stage,2022 FIFA Men's World Cup,Group G,1,0,0,0,12/2/2022,22:00,S-147,Lusail Stadium,Lusail,Qatar,T-11,Cameroon,CMR,T-09,Brazil,BRA,1–0,1,0,1,-1,0,0,0-0,0,0,home team win,1,0,0
M-2022-48,WC-2022,Serbia vs Switzerland,group stage,2022 FIFA Men's World Cup,Group G,1,0,0,0,12/2/2022,22:00,S-146,Stadium 974,Doha,Qatar,T-66,Serbia,SRB,T-75,Switzerland,CHE,2–3,2,3,-1,1,0,0,0-0,0,0,away team win,0,1,0
M-2022-49,WC-2022,Netherlands vs United States,round of 16,2022 FIFA Men's World Cup,not applicable,0,1,0,0,12/3/2022,18:00,S-143,Khalifa International Stadium,Al Rayyan,Qatar,T-48,Netherlands,NLD,T-83,United States,USA,3–1,3,1,2,-2,0,0,0-0,0,0,home team win,1,0,0
M-2022-50,WC-2022,Argentina vs Australia,round of 16,2022 FIFA Men's World Cup,not applicable,0,1,0,0,12/3/2022,22:00,S-141,Ahmad bin Ali Stadium,Al Rayyan,Qatar,T-03,Argentina,ARG,T-04,Australia,AUS,2–1,2,1,1,-1,0,0,0-0,0,0,home team win,1,0,0
M-2022-51,WC-2022,France vs Poland,round of 16,2022 FIFA Men's World Cup,not applicable,0,1,0,0,12/4/2022,18:00,S-145,Al Thumama Stadium,Doha,Qatar,T-30,France,FRA,T-57,Poland,POL,3–1,3,1,2,-2,0,0,0-0,0,0,home team win,1,0,0
M-2022-52,WC-2022,England vs Senegal,round of 16,2022 FIFA Men's World Cup,not applicable,0,1,0,0,12/4/2022,22:00,S-140,Al Bayt Stadium,Al Khor,Qatar,T-28,England,ENG,T-65,Senegal,SEN,3–0,3,0,3,-3,0,0,0-0,0,0,home team win,1,0,0
M-2022-53,WC-2022,Japan vs Croatia,round of 16,2022 FIFA Men's World Cup,not applicable,0,1,0,0,12/5/2022,18:00,S-144,Al Janoub Stadium,Al Wakrah,Qatar,T-44,Japan,JPN,T-18,Croatia,HRV,1–1,1,1,0,0,1,1,1–3,1,3,away team win,0,1,0
M-2022-54,WC-2022,Brazil vs South Korea,round of 16,2022 FIFA Men's World Cup,not applicable,0,1,0,0,12/5/2022,22:00,S-146,Stadium 974,Doha,Qatar,T-09,Brazil,BRA,T-71,South Korea,KOR,4–1,4,1,3,-3,0,0,0-0,0,0,home team win,1,0,0
M-2022-55,WC-2022,Morocco vs Spain,round of 16,2022 FIFA Men's World Cup,not applicable,0,1,0,0,12/6/2022,18:00,S-142,Education City Stadium,Al Rayyan,Qatar,T-47,Morocco,MAR,T-73,Spain,ESP,0–0,0,0,0,0,1,1,3–0,3,0,home team win,1,0,0
M-2022-56,WC-2022,Portugal vs Switzerland,round of 16,2022 FIFA Men's World Cup,not applicable,0,1,0,0,12/6/2022,22:00,S-147,Lusail Stadium,Lusail,Qatar,T-58,Portugal,PRT,T-75,Switzerland,CHE,6–1,6,1,5,-5,0,0,0-0,0,0,home team win,1,0,0
M-2022-57,WC-2022,Croatia vs Brazil,quarter-finals,2022 FIFA Men's World Cup,not applicable,0,1,0,0,12/9/2022,18:00,S-142,Education City Stadium,Al Rayyan,Qatar,T-18,Croatia,HRV,T-09,Brazil,BRA,1–1,1,1,0,0,1,1,4–2,4,2,home team win,1,0,0
M-2022-58,WC-2022,Netherlands vs Argentina,quarter-finals,2022 FIFA Men's World Cup,not applicable,0,1,0,0,12/9/2022,22:00,S-147,Lusail Stadium,Lusail,Qatar,T-48,Netherlands,NLD,T-03,Argentina,ARG,2–2,2,2,0,0,1,1,3–4,3,4,away team win,0,1,0
M-2022-59,WC-2022,Morocco vs Portugal,quarter-finals,2022 FIFA Men's World Cup,not applicable,0,1,0,0,12/10/2022,18:00,S-145,Al Thumama Stadium,Doha,Qatar,T-47,Morocco,MAR,T-58,Portugal,PRT,1–0,1,0,1,-1,0,0,0-0,0,0,home team win,1,0,0
M-2022-60,WC-2022,England vs France,quarter-finals,2022 FIFA Men's World Cup,not applicable,0,1,0,0,12/10/2022,22:00,S-140,Al Bayt Stadium,Al Khor,Qatar,T-28,England,ENG,T-30,France,FRA,1–2,1,2,-1,1,0,0,0-0,0,0,away team win,0,1,0
M-2022-61,WC-2022,Argentina vs Croatia,semi-finals,2022 FIFA Men's World Cup,not applicable,0,1,0,0,12/13/2022,22:00,S-147,Lusail Stadium,Lusail,Qatar,T-03,Argentina,ARG,T-18,Croatia,HRV,3–0,3,0,3,-3,0,0,0-0,0,0,home team win,1,0,0
M-2022-62,WC-2022,France vs Morocco,semi-finals,2022 FIFA Men's World Cup,not applicable,0,1,0,0,12/14/2022,22:00,S-140,Al Bayt Stadium,Al Khor,Qatar,T-30,France,FRA,T-47,Morocco,MAR,2–0,2,0,2,-2,0,0,0-0,0,0,home team win,1,0,0
M-2022-63,WC-2022,Croatia vs Morocco,third-place match,2022 FIFA Men's World Cup,not applicable,0,1,0,0,12/17/2022,18:00,S-143,Khalifa International Stadium,Al Rayyan,Qatar,T-18,Croatia,HRV,T-47,Morocco,MAR,2–1,2,1,1,-1,0,0,0-0,0,0,home team win,1,0,0
M-2022-64,WC-2022,Argentina vs France,final,2022 FIFA Men's World Cup,not applicable,0,1,0,0,12/18/2022,18:00,S-147,Lusail Stadium,Lusail,Qatar,T-03,Argentina,ARG,T-30,France,FRA,3–3,3,3,0,0,1,1,4–2,4,2,home team win,1,0,0
